{"type":"FeatureCollection","features":[{"type":"Feature","geometry":{"type":"Point","coordinates":[151.7818,-30.9739]},"properties":{"d":"2026-09-15","t":"0236","frp":62.2,"b":347.2,"c":1,"s":"N21","n":0}},{"type":"Feature","geometry":{"type":"Point","coordinates":[151.7906,-30.9736]},"properties":{"d":"2026-09-15","t":"0236","frp":49.0,"b":346.9,"c":1,"s":"N21","n":0}},{"type":"Feature","geometry":{"type":"Point","coordinates":[152.736,-29.3673]},"properties":{"d":"2026-09-15","t":"0236","frp":9.1,"b":329.0,"c":1,"s":"N21","n":0}},{"type":"Feature","geometry":{"type":"Point","coordinates":[151.818,-28.9455]},"properties":{"d":"2026-09-15","t":"0236","frp":5.7,"b":326.9,"c":1,"s":"N21","n":0}},{"type":"Feature","geometry":{"type":"Point","coordinates":[152.4309,-27.3631]},"properties":{"d":"2026-09-15","t":"0236","frp":13.7,"b":340.8,"c":1,"s":"N21","n":0}},{"type":"Feature","geometry":{"type":"Point","coordinates":[152.434,-27.3574]},"properties":{"d":"2026-09-15","t":"0236","frp":15.1,"b":347.5,"c":1,"s":"N21","n":0}},{"type":"Feature","geometry":{"type":"Point","coordinates":[152.5551,-26.6221]},"properties":{"d":"2026-09-15","t":"0236","frp":24.6,"b":367.0,"c":2,"s":"N21","n":0}},{"type":"Feature","geometry":{"type":"Point","coordinates":[152.5558,-26.6196]},"properties":{"d":"2026-09-15","t":"0236","frp":10.2,"b":343.2,"c":1,"s":"N21","n":0}},{"type":"Feature","geometry":{"type":"Point","coordinates":[152.6795,-25.4743]},"properties":{"d":"2026-09-15","t":"0236","frp":3.6,"b":329.0,"c":1,"s":"N21","n":0}},{"type":"Feature","geometry":{"type":"Point","coordinates":[151.1939,-23.973]},"properties":{"d":"2026-09-15","t":"0238","frp":5.2,"b":329.9,"c":1,"s":"N21","n":0}},{"type":"Feature","geometry":{"type":"Point","coordinates":[151.2024,-23.7755]},"properties":{"d":"2026-09-15","t":"0238","frp":8.4,"b":330.0,"c":1,"s":"N21","n":0}},{"type":"Feature","geometry":{"type":"Point","coordinates":[151.2102,-23.775]},"properties":{"d":"2026-09-15","t":"0238","frp":8.4,"b":330.9,"c":1,"s":"N21","n":0}},{"type":"Feature","geometry":{"type":"Point","coordinates":[151.2041,-23.7714]},"properties":{"d":"2026-09-15","t":"0238","frp":13.7,"b":340.7,"c":1,"s":"N21","n":0}},{"type":"Feature","geometry":{"type":"Point","coordinates":[150.9417,-9.9484]},"properties":{"d":"2026-09-15","t":"0243","frp":4.9,"b":326.9,"c":1,"s":"N21","n":0}},{"type":"Feature","geometry":{"type":"Point","coordinates":[149.4245,-9.8473]},"properties":{"d":"2026-09-15","t":"0243","frp":16.0,"b":344.4,"c":1,"s":"N21","n":0}},{"type":"Feature","geometry":{"type":"Point","coordinates":[149.4221,-9.8462]},"properties":{"d":"2026-09-15","t":"0243","frp":14.7,"b":351.4,"c":1,"s":"N21","n":0}},{"type":"Feature","geometry":{"type":"Point","coordinates":[150.7696,-9.7193]},"properties":{"d":"2026-09-15","t":"0243","frp":6.8,"b":333.9,"c":1,"s":"N21","n":0}},{"type":"Feature","geometry":{"type":"Point","coordinates":[150.8639,-9.695]},"properties":{"d":"2026-09-15","t":"0243","frp":12.0,"b":343.2,"c":1,"s":"N21","n":0}},{"type":"Feature","geometry":{"type":"Point","coordinates":[149.7169,-9.6564]},"properties":{"d":"2026-09-15","t":"0243","frp":9.1,"b":334.1,"c":1,"s":"N21","n":0}},{"type":"Feature","geometry":{"type":"Point","coordinates":[148.6228,-9.6288]},"properties":{"d":"2026-09-15","t":"0243","frp":8.2,"b":325.3,"c":1,"s":"N21","n":0}},{"type":"Feature","geometry":{"type":"Point","coordinates":[148.6244,-9.6248]},"properties":{"d":"2026-09-15","t":"0243","frp":12.6,"b":332.0,"c":1,"s":"N21","n":0}},{"type":"Feature","geometry":{"type":"Point","coordinates":[148.6286,-9.6208]},"properties":{"d":"2026-09-15","t":"0243","frp":4.4,"b":331.7,"c":1,"s":"N21","n":0}},{"type":"Feature","geometry":{"type":"Point","coordinates":[150.5991,-9.4222]},"properties":{"d":"2026-09-15","t":"0243","frp":17.4,"b":348.1,"c":1,"s":"N21","n":0}},{"type":"Feature","geometry":{"type":"Point","coordinates":[148.586,-9.1111]},"properties":{"d":"2026-09-15","t":"0243","frp":9.4,"b":330.2,"c":1,"s":"N21","n":0}},{"type":"Feature","geometry":{"type":"Point","coordinates":[148.5856,-9.1071]},"properties":{"d":"2026-09-15","t":"0243","frp":9.2,"b":329.7,"c":1,"s":"N21","n":0}},{"type":"Feature","geometry":{"type":"Point","coordinates":[147.1663,-42.4839]},"properties":{"d":"2026-09-15","t":"0414","frp":3.8,"b":327.8,"c":1,"s":"N21","n":0}},{"type":"Feature","geometry":{"type":"Point","coordinates":[147.1711,-42.4831]},"properties":{"d":"2026-09-15","t":"0414","frp":3.5,"b":327.7,"c":1,"s":"N21","n":0}},{"type":"Feature","geometry":{"type":"Point","coordinates":[146.6183,-41.5134]},"properties":{"d":"2026-09-15","t":"0414","frp":4.2,"b":327.8,"c":1,"s":"N21","n":0}},{"type":"Feature","geometry":{"type":"Point","coordinates":[146.9374,-41.3169]},"properties":{"d":"2026-09-15","t":"0414","frp":33.1,"b":332.3,"c":1,"s":"N21","n":0}},{"type":"Feature","geometry":{"type":"Point","coordinates":[146.9349,-41.3158]},"properties":{"d":"2026-09-15","t":"0414","frp":23.8,"b":345.1,"c":1,"s":"N21","n":0}},{"type":"Feature","geometry":{"type":"Point","coordinates":[148.1727,-40.9848]},"properties":{"d":"2026-09-15","t":"0414","frp":7.2,"b":343.3,"c":1,"s":"N21","n":0}},{"type":"Feature","geometry":{"type":"Point","coordinates":[148.1619,-40.9832]},"properties":{"d":"2026-09-15","t":"0414","frp":3.8,"b":329.3,"c":1,"s":"N21","n":0}},{"type":"Feature","geometry":{"type":"Point","coordinates":[148.1668,-40.9823]},"properties":{"d":"2026-09-15","t":"0414","frp":3.8,"b":339.4,"c":1,"s":"N21","n":0}},{"type":"Feature","geometry":{"type":"Point","coordinates":[148.1608,-40.9797]},"properties":{"d":"2026-09-15","t":"0414","frp":3.8,"b":332.9,"c":1,"s":"N21","n":0}},{"type":"Feature","geometry":{"type":"Point","coordinates":[148.1657,-40.9789]},"properties":{"d":"2026-09-15","t":"0414","frp":3.8,"b":340.2,"c":1,"s":"N21","n":0}},{"type":"Feature","geometry":{"type":"Point","coordinates":[148.1598,-40.9763]},"properties":{"d":"2026-09-15","t":"0414","frp":4.5,"b":330.2,"c":1,"s":"N21","n":0}},{"type":"Feature","geometry":{"type":"Point","coordinates":[148.1647,-40.9755]},"properties":{"d":"2026-09-15","t":"0414","frp":4.5,"b":337.0,"c":1,"s":"N21","n":0}},{"type":"Feature","geometry":{"type":"Point","coordinates":[147.6195,-40.9642]},"properties":{"d":"2026-09-15","t":"0414","frp":5.4,"b":340.4,"c":1,"s":"N21","n":0}},{"type":"Feature","geometry":{"type":"Point","coordinates":[146.6174,-36.5012]},"properties":{"d":"2026-09-15","t":"0414","frp":8.3,"b":344.4,"c":1,"s":"N21","n":0}},{"type":"Feature","geometry":{"type":"Point","coordinates":[150.883,-34.4621]},"properties":{"d":"2026-09-15","t":"0414","frp":5.1,"b":342.8,"c":1,"s":"N21","n":0}},{"type":"Feature","geometry":{"type":"Point","coordinates":[150.8768,-34.459]},"properties":{"d":"2026-09-15","t":"0414","frp":5.1,"b":325.7,"c":0,"s":"N21","n":0}},{"type":"Feature","geometry":{"type":"Point","coordinates":[150.8755,-34.4547]},"properties":{"d":"2026-09-15","t":"0414","frp":6.4,"b":327.1,"c":0,"s":"N21","n":0}},{"type":"Feature","geometry":{"type":"Point","coordinates":[137.0125,-35.7916]},"properties":{"d":"2026-09-15","t":"0417","frp":10.2,"b":329.2,"c":1,"s":"N21","n":0}},{"type":"Feature","geometry":{"type":"Point","coordinates":[137.0172,-35.7911]},"properties":{"d":"2026-09-15","t":"0417","frp":10.2,"b":347.9,"c":1,"s":"N21","n":0}},{"type":"Feature","geometry":{"type":"Point","coordinates":[137.0136,-35.791]},"properties":{"d":"2026-09-15","t":"0417","frp":29.5,"b":333.5,"c":1,"s":"N21","n":0}},{"type":"Feature","geometry":{"type":"Point","coordinates":[137.0119,-35.7873]},"properties":{"d":"2026-09-15","t":"0417","frp":10.2,"b":326.6,"c":1,"s":"N21","n":0}},{"type":"Feature","geometry":{"type":"Point","coordinates":[144.343,-35.5335]},"properties":{"d":"2026-09-15","t":"0417","frp":4.1,"b":328.4,"c":1,"s":"N21","n":0}},{"type":"Feature","geometry":{"type":"Point","coordinates":[146.3499,-34.7951]},"properties":{"d":"2026-09-15","t":"0417","frp":2.3,"b":327.2,"c":1,"s":"N21","n":0}},{"type":"Feature","geometry":{"type":"Point","coordinates":[146.349,-34.7916]},"properties":{"d":"2026-09-15","t":"0417","frp":2.3,"b":327.6,"c":1,"s":"N21","n":0}},{"type":"Feature","geometry":{"type":"Point","coordinates":[144.1533,-34.6878]},"properties":{"d":"2026-09-15","t":"0417","frp":1.8,"b":329.0,"c":1,"s":"N21","n":0}},{"type":"Feature","geometry":{"type":"Point","coordinates":[146.6608,-34.3233]},"properties":{"d":"2026-09-15","t":"0417","frp":4.4,"b":334.7,"c":1,"s":"N21","n":0}},{"type":"Feature","geometry":{"type":"Point","coordinates":[146.6409,-34.3231]},"properties":{"d":"2026-09-15","t":"0417","frp":2.9,"b":325.8,"c":1,"s":"N21","n":0}},{"type":"Feature","geometry":{"type":"Point","coordinates":[146.6343,-34.317]},"properties":{"d":"2026-09-15","t":"0417","frp":3.0,"b":332.0,"c":1,"s":"N21","n":0}},{"type":"Feature","geometry":{"type":"Point","coordinates":[146.6438,-34.3153]},"properties":{"d":"2026-09-15","t":"0417","frp":6.0,"b":327.6,"c":1,"s":"N21","n":0}},{"type":"Feature","geometry":{"type":"Point","coordinates":[140.764,-34.2779]},"properties":{"d":"2026-09-15","t":"0417","frp":2.9,"b":328.0,"c":1,"s":"N21","n":0}},{"type":"Feature","geometry":{"type":"Point","coordinates":[142.0214,-34.1683]},"properties":{"d":"2026-09-15","t":"0417","frp":8.3,"b":343.5,"c":1,"s":"N21","n":0}},{"type":"Feature","geometry":{"type":"Point","coordinates":[138.6565,-34.014]},"properties":{"d":"2026-09-15","t":"0417","frp":3.9,"b":325.3,"c":1,"s":"N21","n":0}},{"type":"Feature","geometry":{"type":"Point","coordinates":[148.7952,-33.9241]},"properties":{"d":"2026-09-15","t":"0417","frp":3.6,"b":327.4,"c":1,"s":"N21","n":0}},{"type":"Feature","geometry":{"type":"Point","coordinates":[145.5873,-33.8929]},"properties":{"d":"2026-09-15","t":"0417","frp":4.7,"b":335.3,"c":1,"s":"N21","n":0}},{"type":"Feature","geometry":{"type":"Point","coordinates":[149.787,-33.7384]},"properties":{"d":"2026-09-15","t":"0417","frp":5.0,"b":332.6,"c":1,"s":"N21","n":0}},{"type":"Feature","geometry":{"type":"Point","coordinates":[147.0183,-33.3733]},"properties":{"d":"2026-09-15","t":"0417","frp":8.1,"b":344.1,"c":1,"s":"N21","n":0}},{"type":"Feature","geometry":{"type":"Point","coordinates":[147.0174,-33.3697]},"properties":{"d":"2026-09-15","t":"0417","frp":8.1,"b":331.4,"c":1,"s":"N21","n":0}},{"type":"Feature","geometry":{"type":"Point","coordinates":[146.8378,-33.3043]},"properties":{"d":"2026-09-15","t":"0417","frp":3.1,"b":325.9,"c":1,"s":"N21","n":0}},{"type":"Feature","geometry":{"type":"Point","coordinates":[149.3292,-33.2577]},"properties":{"d":"2026-09-15","t":"0417","frp":16.6,"b":334.7,"c":1,"s":"N21","n":0}},{"type":"Feature","geometry":{"type":"Point","coordinates":[149.328,-33.2536]},"properties":{"d":"2026-09-15","t":"0417","frp":4.8,"b":338.1,"c":1,"s":"N21","n":0}},{"type":"Feature","geometry":{"type":"Point","coordinates":[146.4375,-32.8104]},"properties":{"d":"2026-09-15","t":"0417","frp":19.7,"b":339.6,"c":1,"s":"N21","n":0}},{"type":"Feature","geometry":{"type":"Point","coordinates":[146.4319,-32.8077]},"properties":{"d":"2026-09-15","t":"0417","frp":35.5,"b":343.2,"c":1,"s":"N21","n":0}},{"type":"Feature","geometry":{"type":"Point","coordinates":[146.4366,-32.8069]},"properties":{"d":"2026-09-15","t":"0417","frp":20.7,"b":343.4,"c":1,"s":"N21","n":0}},{"type":"Feature","geometry":{"type":"Point","coordinates":[151.8613,-32.4855]},"properties":{"d":"2026-09-15","t":"0417","frp":5.6,"b":330.4,"c":1,"s":"N21","n":0}},{"type":"Feature","geometry":{"type":"Point","coordinates":[151.8818,-32.4708]},"properties":{"d":"2026-09-15","t":"0417","frp":7.9,"b":327.4,"c":0,"s":"N21","n":0}},{"type":"Feature","geometry":{"type":"Point","coordinates":[151.8975,-32.4621]},"properties":{"d":"2026-09-15","t":"0417","frp":8.7,"b":331.2,"c":1,"s":"N21","n":0}},{"type":"Feature","geometry":{"type":"Point","coordinates":[151.8905,-32.4587]},"properties":{"d":"2026-09-15","t":"0417","frp":5.1,"b":326.9,"c":0,"s":"N21","n":0}},{"type":"Feature","geometry":{"type":"Point","coordinates":[146.9997,-32.3281]},"properties":{"d":"2026-09-15","t":"0417","frp":18.1,"b":349.7,"c":1,"s":"N21","n":0}},{"type":"Feature","geometry":{"type":"Point","coordinates":[147.0544,-32.2387]},"properties":{"d":"2026-09-15","t":"0417","frp":5.9,"b":339.1,"c":1,"s":"N21","n":0}},{"type":"Feature","geometry":{"type":"Point","coordinates":[151.6431,-32.2345]},"properties":{"d":"2026-09-15","t":"0417","frp":5.6,"b":332.3,"c":1,"s":"N21","n":0}},{"type":"Feature","geometry":{"type":"Point","coordinates":[146.7363,-32.1619]},"properties":{"d":"2026-09-15","t":"0417","frp":2.3,"b":330.6,"c":1,"s":"N21","n":0}},{"type":"Feature","geometry":{"type":"Point","coordinates":[145.5356,-32.0589]},"properties":{"d":"2026-09-15","t":"0417","frp":22.4,"b":353.6,"c":1,"s":"N21","n":0}},{"type":"Feature","geometry":{"type":"Point","coordinates":[145.5303,-32.0562]},"properties":{"d":"2026-09-15","t":"0417","frp":6.2,"b":346.3,"c":1,"s":"N21","n":0}},{"type":"Feature","geometry":{"type":"Point","coordinates":[145.5348,-32.0555]},"properties":{"d":"2026-09-15","t":"0417","frp":6.2,"b":330.4,"c":0,"s":"N21","n":0}},{"type":"Feature","geometry":{"type":"Point","coordinates":[148.043,-31.8403]},"properties":{"d":"2026-09-15","t":"0417","frp":15.4,"b":329.0,"c":0,"s":"N21","n":0}},{"type":"Feature","geometry":{"type":"Point","coordinates":[148.0419,-31.8364]},"properties":{"d":"2026-09-15","t":"0417","frp":9.1,"b":332.7,"c":0,"s":"N21","n":0}},{"type":"Feature","geometry":{"type":"Point","coordinates":[148.0476,-31.8353]},"properties":{"d":"2026-09-15","t":"0417","frp":9.1,"b":335.9,"c":1,"s":"N21","n":0}},{"type":"Feature","geometry":{"type":"Point","coordinates":[145.5863,-31.8274]},"properties":{"d":"2026-09-15","t":"0417","frp":5.2,"b":335.3,"c":0,"s":"N21","n":0}},{"type":"Feature","geometry":{"type":"Point","coordinates":[145.6028,-31.8172]},"properties":{"d":"2026-09-15","t":"0417","frp":3.7,"b":337.2,"c":1,"s":"N21","n":0}},{"type":"Feature","geometry":{"type":"Point","coordinates":[148.5034,-31.7945]},"properties":{"d":"2026-09-15","t":"0417","frp":3.9,"b":339.7,"c":1,"s":"N21","n":0}},{"type":"Feature","geometry":{"type":"Point","coordinates":[151.9886,-31.7574]},"properties":{"d":"2026-09-15","t":"0417","frp":4.5,"b":326.5,"c":1,"s":"N21","n":0}},{"type":"Feature","geometry":{"type":"Point","coordinates":[147.02,-31.6021]},"properties":{"d":"2026-09-15","t":"0417","frp":37.5,"b":353.0,"c":1,"s":"N21","n":0}},{"type":"Feature","geometry":{"type":"Point","coordinates":[147.0252,-31.6012]},"properties":{"d":"2026-09-15","t":"0417","frp":28.2,"b":340.6,"c":1,"s":"N21","n":0}},{"type":"Feature","geometry":{"type":"Point","coordinates":[147.0181,-31.5948]},"properties":{"d":"2026-09-15","t":"0417","frp":14.2,"b":346.5,"c":1,"s":"N21","n":0}},{"type":"Feature","geometry":{"type":"Point","coordinates":[147.0233,-31.5938]},"properties":{"d":"2026-09-15","t":"0417","frp":9.8,"b":344.7,"c":1,"s":"N21","n":0}},{"type":"Feature","geometry":{"type":"Point","coordinates":[151.6788,-31.4617]},"properties":{"d":"2026-09-15","t":"0417","frp":6.3,"b":329.0,"c":1,"s":"N21","n":0}},{"type":"Feature","geometry":{"type":"Point","coordinates":[151.676,-31.458]},"properties":{"d":"2026-09-15","t":"0417","frp":5.7,"b":330.5,"c":1,"s":"N21","n":0}},{"type":"Feature","geometry":{"type":"Point","coordinates":[146.6575,-31.2275]},"properties":{"d":"2026-09-15","t":"0417","frp":14.3,"b":342.8,"c":1,"s":"N21","n":0}},{"type":"Feature","geometry":{"type":"Point","coordinates":[151.788,-30.9785]},"properties":{"d":"2026-09-15","t":"0417","frp":27.1,"b":346.5,"c":1,"s":"N21","n":0}},{"type":"Feature","geometry":{"type":"Point","coordinates":[151.787,-30.9764]},"properties":{"d":"2026-09-15","t":"0417","frp":56.4,"b":350.3,"c":1,"s":"N21","n":0}},{"type":"Feature","geometry":{"type":"Point","coordinates":[151.7866,-30.9737]},"properties":{"d":"2026-09-15","t":"0417","frp":17.9,"b":343.4,"c":1,"s":"N21","n":0}},{"type":"Feature","geometry":{"type":"Point","coordinates":[151.1081,-30.6131]},"properties":{"d":"2026-09-15","t":"0417","frp":4.9,"b":335.5,"c":1,"s":"N21","n":0}},{"type":"Feature","geometry":{"type":"Point","coordinates":[148.5164,-30.5746]},"properties":{"d":"2026-09-15","t":"0417","frp":5.5,"b":343.6,"c":1,"s":"N21","n":0}},{"type":"Feature","geometry":{"type":"Point","coordinates":[149.9338,-30.2987]},"properties":{"d":"2026-09-15","t":"0417","frp":14.0,"b":335.0,"c":1,"s":"N21","n":0}},{"type":"Feature","geometry":{"type":"Point","coordinates":[149.9361,-30.2955]},"properties":{"d":"2026-09-15","t":"0417","frp":38.9,"b":339.5,"c":1,"s":"N21","n":0}},{"type":"Feature","geometry":{"type":"Point","coordinates":[149.9277,-30.2954]},"properties":{"d":"2026-09-15","t":"0417","frp":14.0,"b":338.3,"c":1,"s":"N21","n":0}},{"type":"Feature","geometry":{"type":"Point","coordinates":[149.9326,-30.2943]},"properties":{"d":"2026-09-15","t":"0417","frp":14.0,"b":350.6,"c":1,"s":"N21","n":0}},{"type":"Feature","geometry":{"type":"Point","coordinates":[149.93,-30.2921]},"properties":{"d":"2026-09-15","t":"0417","frp":9.3,"b":354.5,"c":1,"s":"N21","n":0}},{"type":"Feature","geometry":{"type":"Point","coordinates":[149.935,-30.2911]},"properties":{"d":"2026-09-15","t":"0417","frp":9.3,"b":332.1,"c":1,"s":"N21","n":0}},{"type":"Feature","geometry":{"type":"Point","coordinates":[149.9265,-30.2909]},"properties":{"d":"2026-09-15","t":"0417","frp":11.2,"b":339.9,"c":1,"s":"N21","n":0}},{"type":"Feature","geometry":{"type":"Point","coordinates":[152.0095,-30.2841]},"properties":{"d":"2026-09-15","t":"0417","frp":5.8,"b":337.1,"c":1,"s":"N21","n":0}},{"type":"Feature","geometry":{"type":"Point","coordinates":[152.2845,-30.2836]},"properties":{"d":"2026-09-15","t":"0417","frp":3.4,"b":328.5,"c":1,"s":"N21","n":0}},{"type":"Feature","geometry":{"type":"Point","coordinates":[152.0127,-30.2833]},"properties":{"d":"2026-09-15","t":"0417","frp":5.8,"b":367.0,"c":2,"s":"N21","n":0}},{"type":"Feature","geometry":{"type":"Point","coordinates":[152.1435,-30.069]},"properties":{"d":"2026-09-15","t":"0417","frp":4.5,"b":338.4,"c":1,"s":"N21","n":0}},{"type":"Feature","geometry":{"type":"Point","coordinates":[152.1419,-30.064]},"properties":{"d":"2026-09-15","t":"0417","frp":4.5,"b":336.5,"c":1,"s":"N21","n":0}},{"type":"Feature","geometry":{"type":"Point","coordinates":[152.1341,-30.0605]},"properties":{"d":"2026-09-15","t":"0417","frp":5.1,"b":340.6,"c":1,"s":"N21","n":0}},{"type":"Feature","geometry":{"type":"Point","coordinates":[152.1336,-30.0552]},"properties":{"d":"2026-09-15","t":"0417","frp":5.1,"b":339.4,"c":1,"s":"N21","n":0}},{"type":"Feature","geometry":{"type":"Point","coordinates":[152.1365,-29.9871]},"properties":{"d":"2026-09-15","t":"0417","frp":9.9,"b":367.0,"c":2,"s":"N21","n":0}},{"type":"Feature","geometry":{"type":"Point","coordinates":[149.0052,-29.8636]},"properties":{"d":"2026-09-15","t":"0417","frp":4.2,"b":337.4,"c":1,"s":"N21","n":0}},{"type":"Feature","geometry":{"type":"Point","coordinates":[152.6178,-29.8186]},"properties":{"d":"2026-09-15","t":"0417","frp":7.0,"b":333.8,"c":1,"s":"N21","n":0}},{"type":"Feature","geometry":{"type":"Point","coordinates":[152.621,-29.8178]},"properties":{"d":"2026-09-15","t":"0417","frp":10.0,"b":352.6,"c":1,"s":"N21","n":0}},{"type":"Feature","geometry":{"type":"Point","coordinates":[152.5848,-29.7771]},"properties":{"d":"2026-09-15","t":"0417","frp":3.6,"b":332.6,"c":1,"s":"N21","n":0}},{"type":"Feature","geometry":{"type":"Point","coordinates":[152.7422,-29.7342]},"properties":{"d":"2026-09-15","t":"0417","frp":1.7,"b":327.6,"c":1,"s":"N21","n":0}},{"type":"Feature","geometry":{"type":"Point","coordinates":[148.5626,-29.3659]},"properties":{"d":"2026-09-15","t":"0417","frp":13.2,"b":346.1,"c":1,"s":"N21","n":0}},{"type":"Feature","geometry":{"type":"Point","coordinates":[148.5633,-29.3655]},"properties":{"d":"2026-09-15","t":"0417","frp":19.5,"b":342.6,"c":1,"s":"N21","n":0}},{"type":"Feature","geometry":{"type":"Point","coordinates":[148.5622,-29.3614]},"properties":{"d":"2026-09-15","t":"0417","frp":19.5,"b":351.3,"c":1,"s":"N21","n":0}},{"type":"Feature","geometry":{"type":"Point","coordinates":[148.5611,-29.3572]},"properties":{"d":"2026-09-15","t":"0417","frp":26.8,"b":347.8,"c":1,"s":"N21","n":0}},{"type":"Feature","geometry":{"type":"Point","coordinates":[148.5654,-29.3563]},"properties":{"d":"2026-09-15","t":"0417","frp":26.8,"b":342.1,"c":1,"s":"N21","n":0}},{"type":"Feature","geometry":{"type":"Point","coordinates":[152.7054,-29.3499]},"properties":{"d":"2026-09-15","t":"0417","frp":2.7,"b":338.5,"c":1,"s":"N21","n":0}},{"type":"Feature","geometry":{"type":"Point","coordinates":[152.8068,-29.1272]},"properties":{"d":"2026-09-15","t":"0417","frp":4.3,"b":334.2,"c":1,"s":"N21","n":0}},{"type":"Feature","geometry":{"type":"Point","coordinates":[151.8165,-28.9424]},"properties":{"d":"2026-09-15","t":"0417","frp":7.7,"b":349.9,"c":1,"s":"N21","n":0}},{"type":"Feature","geometry":{"type":"Point","coordinates":[151.8186,-28.9365]},"properties":{"d":"2026-09-15","t":"0417","frp":13.3,"b":352.6,"c":1,"s":"N21","n":0}},{"type":"Feature","geometry":{"type":"Point","coordinates":[151.8141,-28.9322]},"properties":{"d":"2026-09-15","t":"0417","frp":7.7,"b":367.0,"c":2,"s":"N21","n":0}},{"type":"Feature","geometry":{"type":"Point","coordinates":[151.8131,-28.9271]},"properties":{"d":"2026-09-15","t":"0417","frp":7.7,"b":340.1,"c":1,"s":"N21","n":0}},{"type":"Feature","geometry":{"type":"Point","coordinates":[151.8164,-28.9263]},"properties":{"d":"2026-09-15","t":"0417","frp":16.4,"b":350.3,"c":1,"s":"N21","n":0}},{"type":"Feature","geometry":{"type":"Point","coordinates":[151.8184,-28.9204]},"properties":{"d":"2026-09-15","t":"0417","frp":4.5,"b":330.9,"c":1,"s":"N21","n":0}},{"type":"Feature","geometry":{"type":"Point","coordinates":[151.8247,-28.9189]},"properties":{"d":"2026-09-15","t":"0417","frp":6.2,"b":339.9,"c":1,"s":"N21","n":0}},{"type":"Feature","geometry":{"type":"Point","coordinates":[151.828,-28.9182]},"properties":{"d":"2026-09-15","t":"0417","frp":6.5,"b":331.5,"c":1,"s":"N21","n":0}},{"type":"Feature","geometry":{"type":"Point","coordinates":[149.8502,-28.8745]},"properties":{"d":"2026-09-15","t":"0417","frp":6.7,"b":336.9,"c":1,"s":"N21","n":0}},{"type":"Feature","geometry":{"type":"Point","coordinates":[149.0015,-28.6082]},"properties":{"d":"2026-09-15","t":"0417","frp":16.6,"b":342.6,"c":1,"s":"N21","n":0}},{"type":"Feature","geometry":{"type":"Point","coordinates":[149.0003,-28.6039]},"properties":{"d":"2026-09-15","t":"0417","frp":16.6,"b":348.0,"c":1,"s":"N21","n":0}},{"type":"Feature","geometry":{"type":"Point","coordinates":[148.4713,-28.4126]},"properties":{"d":"2026-09-15","t":"0417","frp":11.1,"b":345.0,"c":0,"s":"N21","n":0}},{"type":"Feature","geometry":{"type":"Point","coordinates":[152.4708,-28.3878]},"properties":{"d":"2026-09-15","t":"0417","frp":3.2,"b":335.3,"c":1,"s":"N21","n":0}},{"type":"Feature","geometry":{"type":"Point","coordinates":[149.188,-28.3173]},"properties":{"d":"2026-09-15","t":"0417","frp":21.3,"b":353.5,"c":1,"s":"N21","n":0}},{"type":"Feature","geometry":{"type":"Point","coordinates":[148.9929,-28.3169]},"properties":{"d":"2026-09-15","t":"0417","frp":4.0,"b":337.6,"c":0,"s":"N21","n":0}},{"type":"Feature","geometry":{"type":"Point","coordinates":[149.1929,-28.3163]},"properties":{"d":"2026-09-15","t":"0417","frp":21.3,"b":367.0,"c":2,"s":"N21","n":0}},{"type":"Feature","geometry":{"type":"Point","coordinates":[149.1869,-28.3129]},"properties":{"d":"2026-09-15","t":"0417","frp":4.8,"b":342.2,"c":1,"s":"N21","n":0}},{"type":"Feature","geometry":{"type":"Point","coordinates":[149.1917,-28.3119]},"properties":{"d":"2026-09-15","t":"0417","frp":4.8,"b":341.2,"c":1,"s":"N21","n":0}},{"type":"Feature","geometry":{"type":"Point","coordinates":[152.4878,-28.31]},"properties":{"d":"2026-09-15","t":"0417","frp":4.8,"b":337.0,"c":1,"s":"N21","n":0}},{"type":"Feature","geometry":{"type":"Point","coordinates":[152.775,-28.2523]},"properties":{"d":"2026-09-15","t":"0417","frp":3.5,"b":337.4,"c":1,"s":"N21","n":0}},{"type":"Feature","geometry":{"type":"Point","coordinates":[153.2277,-28.1362]},"properties":{"d":"2026-09-15","t":"0417","frp":16.7,"b":367.0,"c":2,"s":"N21","n":0}},{"type":"Feature","geometry":{"type":"Point","coordinates":[152.8832,-28.1335]},"properties":{"d":"2026-09-15","t":"0417","frp":3.5,"b":329.4,"c":1,"s":"N21","n":0}},{"type":"Feature","geometry":{"type":"Point","coordinates":[153.0764,-27.8544]},"properties":{"d":"2026-09-15","t":"0417","frp":15.2,"b":367.0,"c":2,"s":"N21","n":0}},{"type":"Feature","geometry":{"type":"Point","coordinates":[152.1995,-27.8078]},"properties":{"d":"2026-09-15","t":"0417","frp":2.5,"b":335.7,"c":1,"s":"N21","n":0}},{"type":"Feature","geometry":{"type":"Point","coordinates":[148.7621,-27.7973]},"properties":{"d":"2026-09-15","t":"0417","frp":9.5,"b":340.6,"c":1,"s":"N21","n":0}},{"type":"Feature","geometry":{"type":"Point","coordinates":[148.7647,-27.7967]},"properties":{"d":"2026-09-15","t":"0417","frp":18.2,"b":353.4,"c":1,"s":"N21","n":0}},{"type":"Feature","geometry":{"type":"Point","coordinates":[148.7668,-27.7963]},"properties":{"d":"2026-09-15","t":"0417","frp":26.9,"b":350.7,"c":1,"s":"N21","n":0}},{"type":"Feature","geometry":{"type":"Point","coordinates":[148.7695,-27.7957]},"properties":{"d":"2026-09-15","t":"0417","frp":18.2,"b":340.4,"c":1,"s":"N21","n":0}},{"type":"Feature","geometry":{"type":"Point","coordinates":[152.8024,-27.6888]},"properties":{"d":"2026-09-15","t":"0417","frp":6.1,"b":335.1,"c":1,"s":"N21","n":0}},{"type":"Feature","geometry":{"type":"Point","coordinates":[152.805,-27.6824]},"properties":{"d":"2026-09-15","t":"0417","frp":4.6,"b":332.7,"c":1,"s":"N21","n":0}},{"type":"Feature","geometry":{"type":"Point","coordinates":[152.249,-27.3867]},"properties":{"d":"2026-09-15","t":"0417","frp":5.0,"b":331.3,"c":1,"s":"N21","n":0}},{"type":"Feature","geometry":{"type":"Point","coordinates":[152.4295,-27.3611]},"properties":{"d":"2026-09-15","t":"0417","frp":7.9,"b":339.2,"c":1,"s":"N21","n":0}},{"type":"Feature","geometry":{"type":"Point","coordinates":[152.4334,-27.3602]},"properties":{"d":"2026-09-15","t":"0417","frp":7.9,"b":349.3,"c":1,"s":"N21","n":0}},{"type":"Feature","geometry":{"type":"Point","coordinates":[152.4374,-27.3592]},"properties":{"d":"2026-09-15","t":"0417","frp":8.0,"b":330.1,"c":1,"s":"N21","n":0}},{"type":"Feature","geometry":{"type":"Point","coordinates":[149.2005,-27.0439]},"properties":{"d":"2026-09-15","t":"0417","frp":11.4,"b":350.1,"c":1,"s":"N21","n":0}},{"type":"Feature","geometry":{"type":"Point","coordinates":[149.2028,-27.0435]},"properties":{"d":"2026-09-15","t":"0417","frp":7.6,"b":342.1,"c":1,"s":"N21","n":0}},{"type":"Feature","geometry":{"type":"Point","coordinates":[149.1965,-27.0401]},"properties":{"d":"2026-09-15","t":"0417","frp":7.6,"b":339.2,"c":1,"s":"N21","n":0}},{"type":"Feature","geometry":{"type":"Point","coordinates":[149.1993,-27.0394]},"properties":{"d":"2026-09-15","t":"0417","frp":11.8,"b":351.9,"c":1,"s":"N21","n":0}},{"type":"Feature","geometry":{"type":"Point","coordinates":[149.2016,-27.039]},"properties":{"d":"2026-09-15","t":"0417","frp":7.6,"b":344.1,"c":1,"s":"N21","n":0}},{"type":"Feature","geometry":{"type":"Point","coordinates":[149.196,-27.0067]},"properties":{"d":"2026-09-15","t":"0417","frp":11.3,"b":344.3,"c":1,"s":"N21","n":0}},{"type":"Feature","geometry":{"type":"Point","coordinates":[149.2064,-27.0045]},"properties":{"d":"2026-09-15","t":"0417","frp":9.5,"b":336.2,"c":1,"s":"N21","n":0}},{"type":"Feature","geometry":{"type":"Point","coordinates":[149.1948,-27.0022]},"properties":{"d":"2026-09-15","t":"0417","frp":8.9,"b":352.2,"c":1,"s":"N21","n":0}},{"type":"Feature","geometry":{"type":"Point","coordinates":[149.2,-27.0011]},"properties":{"d":"2026-09-15","t":"0417","frp":12.2,"b":367.0,"c":2,"s":"N21","n":0}},{"type":"Feature","geometry":{"type":"Point","coordinates":[149.2052,-27.0]},"properties":{"d":"2026-09-15","t":"0417","frp":12.2,"b":340.6,"c":1,"s":"N21","n":0}},{"type":"Feature","geometry":{"type":"Point","coordinates":[149.1884,-26.9988]},"properties":{"d":"2026-09-15","t":"0417","frp":8.9,"b":337.5,"c":0,"s":"N21","n":0}},{"type":"Feature","geometry":{"type":"Point","coordinates":[149.1936,-26.9977]},"properties":{"d":"2026-09-15","t":"0417","frp":8.9,"b":336.5,"c":1,"s":"N21","n":0}},{"type":"Feature","geometry":{"type":"Point","coordinates":[149.1988,-26.9966]},"properties":{"d":"2026-09-15","t":"0417","frp":12.2,"b":352.7,"c":1,"s":"N21","n":0}},{"type":"Feature","geometry":{"type":"Point","coordinates":[149.1872,-26.9943]},"properties":{"d":"2026-09-15","t":"0417","frp":11.1,"b":352.4,"c":1,"s":"N21","n":0}},{"type":"Feature","geometry":{"type":"Point","coordinates":[152.7203,-26.8455]},"properties":{"d":"2026-09-15","t":"0417","frp":9.1,"b":339.6,"c":1,"s":"N21","n":0}},{"type":"Feature","geometry":{"type":"Point","coordinates":[152.5532,-26.6359]},"properties":{"d":"2026-09-15","t":"0417","frp":12.1,"b":367.0,"c":2,"s":"N21","n":0}},{"type":"Feature","geometry":{"type":"Point","coordinates":[152.5436,-26.6323]},"properties":{"d":"2026-09-15","t":"0417","frp":5.8,"b":336.7,"c":1,"s":"N21","n":0}},{"type":"Feature","geometry":{"type":"Point","coordinates":[152.5515,-26.6267]},"properties":{"d":"2026-09-15","t":"0417","frp":7.1,"b":333.2,"c":1,"s":"N21","n":0}},{"type":"Feature","geometry":{"type":"Point","coordinates":[152.5557,-26.6258]},"properties":{"d":"2026-09-15","t":"0417","frp":8.3,"b":346.4,"c":1,"s":"N21","n":0}},{"type":"Feature","geometry":{"type":"Point","coordinates":[152.5503,-26.6248]},"properties":{"d":"2026-09-15","t":"0417","frp":10.5,"b":333.9,"c":1,"s":"N21","n":0}},{"type":"Feature","geometry":{"type":"Point","coordinates":[152.56,-26.6247]},"properties":{"d":"2026-09-15","t":"0417","frp":8.3,"b":352.7,"c":1,"s":"N21","n":0}},{"type":"Feature","geometry":{"type":"Point","coordinates":[152.5545,-26.6238]},"properties":{"d":"2026-09-15","t":"0417","frp":8.9,"b":351.3,"c":1,"s":"N21","n":0}},{"type":"Feature","geometry":{"type":"Point","coordinates":[152.5588,-26.6228]},"properties":{"d":"2026-09-15","t":"0417","frp":8.9,"b":351.5,"c":1,"s":"N21","n":0}},{"type":"Feature","geometry":{"type":"Point","coordinates":[152.5213,-26.5984]},"properties":{"d":"2026-09-15","t":"0417","frp":6.2,"b":334.3,"c":1,"s":"N21","n":0}},{"type":"Feature","geometry":{"type":"Point","coordinates":[151.2112,-23.772]},"properties":{"d":"2026-09-15","t":"0417","frp":3.6,"b":338.4,"c":1,"s":"N21","n":0}},{"type":"Feature","geometry":{"type":"Point","coordinates":[150.5793,-23.3785]},"properties":{"d":"2026-09-15","t":"0417","frp":5.3,"b":346.2,"c":1,"s":"N21","n":0}},{"type":"Feature","geometry":{"type":"Point","coordinates":[150.578,-23.3732]},"properties":{"d":"2026-09-15","t":"0417","frp":5.3,"b":336.9,"c":1,"s":"N21","n":0}},{"type":"Feature","geometry":{"type":"Point","coordinates":[150.5798,-23.3672]},"properties":{"d":"2026-09-15","t":"0417","frp":3.7,"b":332.5,"c":1,"s":"N21","n":0}},{"type":"Feature","geometry":{"type":"Point","coordinates":[150.5828,-23.3666]},"properties":{"d":"2026-09-15","t":"0417","frp":4.6,"b":330.5,"c":1,"s":"N21","n":0}},{"type":"Feature","geometry":{"type":"Point","coordinates":[150.5763,-23.3568]},"properties":{"d":"2026-09-15","t":"0417","frp":7.4,"b":346.6,"c":1,"s":"N21","n":0}},{"type":"Feature","geometry":{"type":"Point","coordinates":[150.5718,-23.3522]},"properties":{"d":"2026-09-15","t":"0417","frp":7.4,"b":341.6,"c":1,"s":"N21","n":0}},{"type":"Feature","geometry":{"type":"Point","coordinates":[150.2532,-22.7122]},"properties":{"d":"2026-09-15","t":"0417","frp":3.8,"b":335.0,"c":1,"s":"N21","n":0}},{"type":"Feature","geometry":{"type":"Point","coordinates":[150.2517,-22.7069]},"properties":{"d":"2026-09-15","t":"0417","frp":2.5,"b":335.5,"c":1,"s":"N21","n":0}},{"type":"Feature","geometry":{"type":"Point","coordinates":[150.2503,-22.7017]},"properties":{"d":"2026-09-15","t":"0417","frp":2.5,"b":331.0,"c":0,"s":"N21","n":0}},{"type":"Feature","geometry":{"type":"Point","coordinates":[148.9086,-21.7659]},"properties":{"d":"2026-09-15","t":"0417","frp":5.5,"b":334.9,"c":1,"s":"N21","n":0}},{"type":"Feature","geometry":{"type":"Point","coordinates":[148.9115,-21.7653]},"properties":{"d":"2026-09-15","t":"0417","frp":5.5,"b":367.0,"c":2,"s":"N21","n":0}},{"type":"Feature","geometry":{"type":"Point","coordinates":[148.9144,-21.7646]},"properties":{"d":"2026-09-15","t":"0417","frp":5.1,"b":339.7,"c":1,"s":"N21","n":0}},{"type":"Feature","geometry":{"type":"Point","coordinates":[148.9343,-21.7448]},"properties":{"d":"2026-09-15","t":"0417","frp":4.4,"b":331.5,"c":0,"s":"N21","n":0}},{"type":"Feature","geometry":{"type":"Point","coordinates":[148.9263,-21.7151]},"properties":{"d":"2026-09-15","t":"0417","frp":4.0,"b":343.4,"c":1,"s":"N21","n":0}},{"type":"Feature","geometry":{"type":"Point","coordinates":[148.9294,-21.7145]},"properties":{"d":"2026-09-15","t":"0417","frp":4.0,"b":338.7,"c":1,"s":"N21","n":0}},{"type":"Feature","geometry":{"type":"Point","coordinates":[149.2183,-21.1029]},"properties":{"d":"2026-09-15","t":"0417","frp":3.9,"b":347.4,"c":1,"s":"N21","n":0}},{"type":"Feature","geometry":{"type":"Point","coordinates":[146.2389,-26.5526]},"properties":{"d":"2026-09-15","t":"0419","frp":58.2,"b":352.1,"c":1,"s":"N21","n":0}},{"type":"Feature","geometry":{"type":"Point","coordinates":[146.2456,-26.4701]},"properties":{"d":"2026-09-15","t":"0419","frp":7.7,"b":337.3,"c":0,"s":"N21","n":0}},{"type":"Feature","geometry":{"type":"Point","coordinates":[146.251,-26.469]},"properties":{"d":"2026-09-15","t":"0419","frp":7.7,"b":338.3,"c":0,"s":"N21","n":0}},{"type":"Feature","geometry":{"type":"Point","coordinates":[150.6522,-26.3991]},"properties":{"d":"2026-09-15","t":"0419","frp":6.7,"b":345.7,"c":1,"s":"N21","n":0}},{"type":"Feature","geometry":{"type":"Point","coordinates":[150.6555,-26.3984]},"properties":{"d":"2026-09-15","t":"0419","frp":6.2,"b":332.7,"c":1,"s":"N21","n":0}},{"type":"Feature","geometry":{"type":"Point","coordinates":[150.6534,-26.3977]},"properties":{"d":"2026-09-15","t":"0419","frp":8.7,"b":367.0,"c":2,"s":"N21","n":0}},{"type":"Feature","geometry":{"type":"Point","coordinates":[150.4385,-26.3833]},"properties":{"d":"2026-09-15","t":"0419","frp":2.8,"b":337.5,"c":1,"s":"N21","n":0}},{"type":"Feature","geometry":{"type":"Point","coordinates":[150.6104,-26.3714]},"properties":{"d":"2026-09-15","t":"0419","frp":2.9,"b":333.0,"c":1,"s":"N21","n":0}},{"type":"Feature","geometry":{"type":"Point","coordinates":[150.6136,-26.3707]},"properties":{"d":"2026-09-15","t":"0419","frp":4.8,"b":339.2,"c":1,"s":"N21","n":0}},{"type":"Feature","geometry":{"type":"Point","coordinates":[150.6268,-26.3572]},"properties":{"d":"2026-09-15","t":"0419","frp":4.2,"b":335.1,"c":1,"s":"N21","n":0}},{"type":"Feature","geometry":{"type":"Point","coordinates":[150.6415,-26.3486]},"properties":{"d":"2026-09-15","t":"0419","frp":7.0,"b":351.2,"c":1,"s":"N21","n":0}},{"type":"Feature","geometry":{"type":"Point","coordinates":[150.6513,-26.3464]},"properties":{"d":"2026-09-15","t":"0419","frp":33.1,"b":338.8,"c":1,"s":"N21","n":0}},{"type":"Feature","geometry":{"type":"Point","coordinates":[150.6545,-26.3457]},"properties":{"d":"2026-09-15","t":"0419","frp":25.3,"b":367.0,"c":2,"s":"N21","n":0}},{"type":"Feature","geometry":{"type":"Point","coordinates":[150.1586,-25.8908]},"properties":{"d":"2026-09-15","t":"0419","frp":6.2,"b":339.4,"c":1,"s":"N21","n":0}},{"type":"Feature","geometry":{"type":"Point","coordinates":[146.754,-25.8033]},"properties":{"d":"2026-09-15","t":"0419","frp":12.2,"b":344.5,"c":0,"s":"N21","n":0}},{"type":"Feature","geometry":{"type":"Point","coordinates":[146.7579,-25.8025]},"properties":{"d":"2026-09-15","t":"0419","frp":12.2,"b":354.3,"c":1,"s":"N21","n":0}},{"type":"Feature","geometry":{"type":"Point","coordinates":[146.7619,-25.8018]},"properties":{"d":"2026-09-15","t":"0419","frp":9.6,"b":343.8,"c":1,"s":"N21","n":0}},{"type":"Feature","geometry":{"type":"Point","coordinates":[146.7492,-25.8]},"properties":{"d":"2026-09-15","t":"0419","frp":10.5,"b":348.9,"c":1,"s":"N21","n":0}},{"type":"Feature","geometry":{"type":"Point","coordinates":[146.7531,-25.7993]},"properties":{"d":"2026-09-15","t":"0419","frp":7.7,"b":347.1,"c":1,"s":"N21","n":0}},{"type":"Feature","geometry":{"type":"Point","coordinates":[146.757,-25.7985]},"properties":{"d":"2026-09-15","t":"0419","frp":7.7,"b":355.4,"c":1,"s":"N21","n":0}},{"type":"Feature","geometry":{"type":"Point","coordinates":[146.7609,-25.7977]},"properties":{"d":"2026-09-15","t":"0419","frp":163.3,"b":367.0,"c":0,"s":"N21","n":0}},{"type":"Feature","geometry":{"type":"Point","coordinates":[146.7483,-25.796]},"properties":{"d":"2026-09-15","t":"0419","frp":10.5,"b":352.8,"c":1,"s":"N21","n":0}},{"type":"Feature","geometry":{"type":"Point","coordinates":[146.7522,-25.7953]},"properties":{"d":"2026-09-15","t":"0419","frp":7.7,"b":367.0,"c":2,"s":"N21","n":0}},{"type":"Feature","geometry":{"type":"Point","coordinates":[146.7561,-25.7945]},"properties":{"d":"2026-09-15","t":"0419","frp":7.7,"b":352.2,"c":1,"s":"N21","n":0}},{"type":"Feature","geometry":{"type":"Point","coordinates":[146.7473,-25.792]},"properties":{"d":"2026-09-15","t":"0419","frp":6.5,"b":344.7,"c":1,"s":"N21","n":0}},{"type":"Feature","geometry":{"type":"Point","coordinates":[149.1464,-25.4954]},"properties":{"d":"2026-09-15","t":"0419","frp":8.3,"b":342.9,"c":1,"s":"N21","n":0}},{"type":"Feature","geometry":{"type":"Point","coordinates":[149.1569,-25.4883]},"properties":{"d":"2026-09-15","t":"0419","frp":16.4,"b":346.8,"c":1,"s":"N21","n":0}},{"type":"Feature","geometry":{"type":"Point","coordinates":[149.1499,-25.4849]},"properties":{"d":"2026-09-15","t":"0419","frp":11.9,"b":340.7,"c":1,"s":"N21","n":0}},{"type":"Feature","geometry":{"type":"Point","coordinates":[149.1557,-25.4837]},"properties":{"d":"2026-09-15","t":"0419","frp":11.9,"b":343.6,"c":1,"s":"N21","n":0}},{"type":"Feature","geometry":{"type":"Point","coordinates":[149.0892,-25.4292]},"properties":{"d":"2026-09-15","t":"0419","frp":5.7,"b":340.3,"c":1,"s":"N21","n":0}},{"type":"Feature","geometry":{"type":"Point","coordinates":[149.0947,-25.428]},"properties":{"d":"2026-09-15","t":"0419","frp":5.7,"b":331.8,"c":1,"s":"N21","n":0}},{"type":"Feature","geometry":{"type":"Point","coordinates":[149.0916,-25.4266]},"properties":{"d":"2026-09-15","t":"0419","frp":5.8,"b":337.4,"c":1,"s":"N21","n":0}},{"type":"Feature","geometry":{"type":"Point","coordinates":[147.5512,-25.3734]},"properties":{"d":"2026-09-15","t":"0419","frp":7.5,"b":367.0,"c":2,"s":"N21","n":0}},{"type":"Feature","geometry":{"type":"Point","coordinates":[147.5501,-25.3692]},"properties":{"d":"2026-09-15","t":"0419","frp":7.5,"b":335.3,"c":1,"s":"N21","n":0}},{"type":"Feature","geometry":{"type":"Point","coordinates":[131.1159,-22.8521]},"properties":{"d":"2026-09-15","t":"0419","frp":3.1,"b":341.6,"c":1,"s":"N21","n":0}},{"type":"Feature","geometry":{"type":"Point","coordinates":[131.1225,-22.8515]},"properties":{"d":"2026-09-15","t":"0419","frp":6.2,"b":336.6,"c":0,"s":"N21","n":0}},{"type":"Feature","geometry":{"type":"Point","coordinates":[130.9606,-22.6806]},"properties":{"d":"2026-09-15","t":"0419","frp":66.4,"b":207.4,"c":0,"s":"N21","n":0}},{"type":"Feature","geometry":{"type":"Point","coordinates":[130.964,-22.6803]},"properties":{"d":"2026-09-15","t":"0419","frp":98.7,"b":367.0,"c":2,"s":"N21","n":0}},{"type":"Feature","geometry":{"type":"Point","coordinates":[130.9601,-22.6754]},"properties":{"d":"2026-09-15","t":"0419","frp":9.1,"b":367.0,"c":2,"s":"N21","n":0}},{"type":"Feature","geometry":{"type":"Point","coordinates":[130.9635,-22.6751]},"properties":{"d":"2026-09-15","t":"0419","frp":7.9,"b":346.6,"c":1,"s":"N21","n":0}},{"type":"Feature","geometry":{"type":"Point","coordinates":[132.3362,-21.8417]},"properties":{"d":"2026-09-15","t":"0419","frp":4.3,"b":340.1,"c":1,"s":"N21","n":0}},{"type":"Feature","geometry":{"type":"Point","coordinates":[132.3415,-21.8411]},"properties":{"d":"2026-09-15","t":"0419","frp":5.0,"b":335.6,"c":1,"s":"N21","n":0}},{"type":"Feature","geometry":{"type":"Point","coordinates":[132.3613,-21.6442]},"properties":{"d":"2026-09-15","t":"0419","frp":158.8,"b":367.0,"c":2,"s":"N21","n":0}},{"type":"Feature","geometry":{"type":"Point","coordinates":[132.3665,-21.6436]},"properties":{"d":"2026-09-15","t":"0419","frp":70.7,"b":349.0,"c":1,"s":"N21","n":0}},{"type":"Feature","geometry":{"type":"Point","coordinates":[132.3607,-21.6395]},"properties":{"d":"2026-09-15","t":"0419","frp":5.3,"b":339.8,"c":1,"s":"N21","n":0}},{"type":"Feature","geometry":{"type":"Point","coordinates":[128.5563,-21.5027]},"properties":{"d":"2026-09-15","t":"0419","frp":12.8,"b":354.2,"c":1,"s":"N21","n":0}},{"type":"Feature","geometry":{"type":"Point","coordinates":[128.5604,-21.4963]},"properties":{"d":"2026-09-15","t":"0419","frp":7.2,"b":345.3,"c":1,"s":"N21","n":0}},{"type":"Feature","geometry":{"type":"Point","coordinates":[128.5197,-21.4578]},"properties":{"d":"2026-09-15","t":"0419","frp":4.2,"b":334.3,"c":0,"s":"N21","n":0}},{"type":"Feature","geometry":{"type":"Point","coordinates":[128.5097,-21.4492]},"properties":{"d":"2026-09-15","t":"0419","frp":8.1,"b":337.9,"c":1,"s":"N21","n":0}},{"type":"Feature","geometry":{"type":"Point","coordinates":[128.5094,-21.4466]},"properties":{"d":"2026-09-15","t":"0419","frp":10.5,"b":348.0,"c":1,"s":"N21","n":0}},{"type":"Feature","geometry":{"type":"Point","coordinates":[128.5045,-21.4436]},"properties":{"d":"2026-09-15","t":"0419","frp":11.7,"b":367.0,"c":2,"s":"N21","n":0}},{"type":"Feature","geometry":{"type":"Point","coordinates":[128.5091,-21.4432]},"properties":{"d":"2026-09-15","t":"0419","frp":3.2,"b":334.3,"c":1,"s":"N21","n":0}},{"type":"Feature","geometry":{"type":"Point","coordinates":[128.4241,-21.4387]},"properties":{"d":"2026-09-15","t":"0419","frp":6.6,"b":340.9,"c":1,"s":"N21","n":0}},{"type":"Feature","geometry":{"type":"Point","coordinates":[128.4802,-21.4337]},"properties":{"d":"2026-09-15","t":"0419","frp":3.3,"b":337.1,"c":0,"s":"N21","n":0}},{"type":"Feature","geometry":{"type":"Point","coordinates":[132.6637,-21.4161]},"properties":{"d":"2026-09-15","t":"0419","frp":19.9,"b":353.1,"c":1,"s":"N21","n":0}},{"type":"Feature","geometry":{"type":"Point","coordinates":[132.6687,-21.4155]},"properties":{"d":"2026-09-15","t":"0419","frp":19.9,"b":355.4,"c":1,"s":"N21","n":0}},{"type":"Feature","geometry":{"type":"Point","coordinates":[132.6737,-21.415]},"properties":{"d":"2026-09-15","t":"0419","frp":15.4,"b":347.5,"c":1,"s":"N21","n":0}},{"type":"Feature","geometry":{"type":"Point","coordinates":[132.6786,-21.4144]},"properties":{"d":"2026-09-15","t":"0419","frp":15.4,"b":345.2,"c":1,"s":"N21","n":0}},{"type":"Feature","geometry":{"type":"Point","coordinates":[132.6836,-21.4139]},"properties":{"d":"2026-09-15","t":"0419","frp":4.1,"b":337.6,"c":0,"s":"N21","n":0}},{"type":"Feature","geometry":{"type":"Point","coordinates":[132.6885,-21.4134]},"properties":{"d":"2026-09-15","t":"0419","frp":4.1,"b":339.8,"c":0,"s":"N21","n":0}},{"type":"Feature","geometry":{"type":"Point","coordinates":[132.6935,-21.4128]},"properties":{"d":"2026-09-15","t":"0419","frp":6.6,"b":336.6,"c":1,"s":"N21","n":0}},{"type":"Feature","geometry":{"type":"Point","coordinates":[132.6984,-21.4123]},"properties":{"d":"2026-09-15","t":"0419","frp":6.6,"b":367.0,"c":2,"s":"N21","n":0}},{"type":"Feature","geometry":{"type":"Point","coordinates":[132.7027,-21.4072]},"properties":{"d":"2026-09-15","t":"0419","frp":8.2,"b":343.1,"c":1,"s":"N21","n":0}},{"type":"Feature","geometry":{"type":"Point","coordinates":[132.7077,-21.4066]},"properties":{"d":"2026-09-15","t":"0419","frp":8.2,"b":351.8,"c":1,"s":"N21","n":0}},{"type":"Feature","geometry":{"type":"Point","coordinates":[132.7125,-21.4061]},"properties":{"d":"2026-09-15","t":"0419","frp":7.8,"b":344.2,"c":1,"s":"N21","n":0}},{"type":"Feature","geometry":{"type":"Point","coordinates":[132.626,-21.397]},"properties":{"d":"2026-09-15","t":"0419","frp":10.1,"b":338.1,"c":0,"s":"N21","n":0}},{"type":"Feature","geometry":{"type":"Point","coordinates":[132.6404,-21.3909]},"properties":{"d":"2026-09-15","t":"0419","frp":14.4,"b":353.9,"c":1,"s":"N21","n":0}},{"type":"Feature","geometry":{"type":"Point","coordinates":[132.6454,-21.3903]},"properties":{"d":"2026-09-15","t":"0419","frp":14.4,"b":343.5,"c":1,"s":"N21","n":0}},{"type":"Feature","geometry":{"type":"Point","coordinates":[132.61,-21.3895]},"properties":{"d":"2026-09-15","t":"0419","frp":16.5,"b":345.0,"c":1,"s":"N21","n":0}},{"type":"Feature","geometry":{"type":"Point","coordinates":[132.615,-21.389]},"properties":{"d":"2026-09-15","t":"0419","frp":16.5,"b":367.0,"c":2,"s":"N21","n":0}},{"type":"Feature","geometry":{"type":"Point","coordinates":[132.6199,-21.3884]},"properties":{"d":"2026-09-15","t":"0419","frp":68.8,"b":349.9,"c":1,"s":"N21","n":0}},{"type":"Feature","geometry":{"type":"Point","coordinates":[132.6249,-21.3879]},"properties":{"d":"2026-09-15","t":"0419","frp":68.8,"b":354.6,"c":1,"s":"N21","n":0}},{"type":"Feature","geometry":{"type":"Point","coordinates":[132.6349,-21.3868]},"properties":{"d":"2026-09-15","t":"0419","frp":48.0,"b":354.1,"c":1,"s":"N21","n":0}},{"type":"Feature","geometry":{"type":"Point","coordinates":[132.6399,-21.3863]},"properties":{"d":"2026-09-15","t":"0419","frp":15.0,"b":347.0,"c":1,"s":"N21","n":0}},{"type":"Feature","geometry":{"type":"Point","coordinates":[132.6144,-21.3844]},"properties":{"d":"2026-09-15","t":"0419","frp":16.5,"b":342.3,"c":1,"s":"N21","n":0}},{"type":"Feature","geometry":{"type":"Point","coordinates":[132.6163,-21.384]},"properties":{"d":"2026-09-15","t":"0419","frp":17.0,"b":354.2,"c":1,"s":"N21","n":0}},{"type":"Feature","geometry":{"type":"Point","coordinates":[132.6213,-21.3834]},"properties":{"d":"2026-09-15","t":"0419","frp":18.3,"b":355.2,"c":1,"s":"N21","n":0}},{"type":"Feature","geometry":{"type":"Point","coordinates":[132.6244,-21.3833]},"properties":{"d":"2026-09-15","t":"0419","frp":68.8,"b":342.4,"c":1,"s":"N21","n":0}},{"type":"Feature","geometry":{"type":"Point","coordinates":[132.6387,-21.3771]},"properties":{"d":"2026-09-15","t":"0419","frp":7.0,"b":349.0,"c":1,"s":"N21","n":0}},{"type":"Feature","geometry":{"type":"Point","coordinates":[132.6406,-21.3765]},"properties":{"d":"2026-09-15","t":"0419","frp":6.5,"b":342.1,"c":1,"s":"N21","n":0}},{"type":"Feature","geometry":{"type":"Point","coordinates":[146.1779,-20.3854]},"properties":{"d":"2026-09-15","t":"0419","frp":8.0,"b":343.5,"c":1,"s":"N21","n":0}},{"type":"Feature","geometry":{"type":"Point","coordinates":[146.177,-20.3811]},"properties":{"d":"2026-09-15","t":"0419","frp":4.4,"b":338.0,"c":1,"s":"N21","n":0}},{"type":"Feature","geometry":{"type":"Point","coordinates":[129.7062,-20.31]},"properties":{"d":"2026-09-15","t":"0419","frp":35.5,"b":336.6,"c":1,"s":"N21","n":0}},{"type":"Feature","geometry":{"type":"Point","coordinates":[129.7543,-20.3053]},"properties":{"d":"2026-09-15","t":"0419","frp":34.9,"b":341.5,"c":1,"s":"N21","n":0}},{"type":"Feature","geometry":{"type":"Point","coordinates":[129.758,-20.305]},"properties":{"d":"2026-09-15","t":"0419","frp":34.9,"b":367.0,"c":2,"s":"N21","n":0}},{"type":"Feature","geometry":{"type":"Point","coordinates":[129.7019,-20.3048]},"properties":{"d":"2026-09-15","t":"0419","frp":35.5,"b":343.5,"c":1,"s":"N21","n":0}},{"type":"Feature","geometry":{"type":"Point","coordinates":[129.7056,-20.3045]},"properties":{"d":"2026-09-15","t":"0419","frp":35.5,"b":207.4,"c":0,"s":"N21","n":0}},{"type":"Feature","geometry":{"type":"Point","coordinates":[129.7093,-20.3041]},"properties":{"d":"2026-09-15","t":"0419","frp":40.0,"b":367.0,"c":2,"s":"N21","n":0}},{"type":"Feature","geometry":{"type":"Point","coordinates":[129.713,-20.3038]},"properties":{"d":"2026-09-15","t":"0419","frp":40.0,"b":354.7,"c":1,"s":"N21","n":0}},{"type":"Feature","geometry":{"type":"Point","coordinates":[129.7006,-20.3036]},"properties":{"d":"2026-09-15","t":"0419","frp":73.2,"b":352.9,"c":1,"s":"N21","n":0}},{"type":"Feature","geometry":{"type":"Point","coordinates":[129.7167,-20.3034]},"properties":{"d":"2026-09-15","t":"0419","frp":9.1,"b":343.3,"c":0,"s":"N21","n":0}},{"type":"Feature","geometry":{"type":"Point","coordinates":[129.7204,-20.3031]},"properties":{"d":"2026-09-15","t":"0419","frp":9.1,"b":355.3,"c":1,"s":"N21","n":0}},{"type":"Feature","geometry":{"type":"Point","coordinates":[129.708,-20.3028]},"properties":{"d":"2026-09-15","t":"0419","frp":32.1,"b":367.0,"c":2,"s":"N21","n":0}},{"type":"Feature","geometry":{"type":"Point","coordinates":[129.7241,-20.3027]},"properties":{"d":"2026-09-15","t":"0419","frp":7.1,"b":343.2,"c":1,"s":"N21","n":0}},{"type":"Feature","geometry":{"type":"Point","coordinates":[129.7117,-20.3024]},"properties":{"d":"2026-09-15","t":"0419","frp":32.1,"b":349.0,"c":1,"s":"N21","n":0}},{"type":"Feature","geometry":{"type":"Point","coordinates":[129.7278,-20.3024]},"properties":{"d":"2026-09-15","t":"0419","frp":7.1,"b":343.4,"c":1,"s":"N21","n":0}},{"type":"Feature","geometry":{"type":"Point","coordinates":[129.7155,-20.3021]},"properties":{"d":"2026-09-15","t":"0419","frp":7.7,"b":342.4,"c":1,"s":"N21","n":0}},{"type":"Feature","geometry":{"type":"Point","coordinates":[129.7315,-20.302]},"properties":{"d":"2026-09-15","t":"0419","frp":6.0,"b":348.8,"c":1,"s":"N21","n":0}},{"type":"Feature","geometry":{"type":"Point","coordinates":[129.7192,-20.3017]},"properties":{"d":"2026-09-15","t":"0419","frp":7.7,"b":347.6,"c":1,"s":"N21","n":0}},{"type":"Feature","geometry":{"type":"Point","coordinates":[129.7228,-20.3013]},"properties":{"d":"2026-09-15","t":"0419","frp":5.8,"b":345.8,"c":1,"s":"N21","n":0}},{"type":"Feature","geometry":{"type":"Point","coordinates":[129.7266,-20.3009]},"properties":{"d":"2026-09-15","t":"0419","frp":5.8,"b":344.7,"c":1,"s":"N21","n":0}},{"type":"Feature","geometry":{"type":"Point","coordinates":[129.7303,-20.3005]},"properties":{"d":"2026-09-15","t":"0419","frp":7.1,"b":346.1,"c":1,"s":"N21","n":0}},{"type":"Feature","geometry":{"type":"Point","coordinates":[129.6939,-20.3001]},"properties":{"d":"2026-09-15","t":"0419","frp":75.3,"b":207.4,"c":0,"s":"N21","n":0}},{"type":"Feature","geometry":{"type":"Point","coordinates":[129.6976,-20.2997]},"properties":{"d":"2026-09-15","t":"0419","frp":75.3,"b":367.0,"c":2,"s":"N21","n":0}},{"type":"Feature","geometry":{"type":"Point","coordinates":[129.7574,-20.2995]},"properties":{"d":"2026-09-15","t":"0419","frp":34.9,"b":367.0,"c":2,"s":"N21","n":0}},{"type":"Feature","geometry":{"type":"Point","coordinates":[129.7013,-20.2994]},"properties":{"d":"2026-09-15","t":"0419","frp":34.6,"b":343.2,"c":1,"s":"N21","n":0}},{"type":"Feature","geometry":{"type":"Point","coordinates":[129.7611,-20.2992]},"properties":{"d":"2026-09-15","t":"0419","frp":18.8,"b":351.3,"c":1,"s":"N21","n":0}},{"type":"Feature","geometry":{"type":"Point","coordinates":[129.705,-20.299]},"properties":{"d":"2026-09-15","t":"0419","frp":34.6,"b":354.2,"c":1,"s":"N21","n":0}},{"type":"Feature","geometry":{"type":"Point","coordinates":[129.6927,-20.2989]},"properties":{"d":"2026-09-15","t":"0419","frp":103.8,"b":207.4,"c":0,"s":"N21","n":0}},{"type":"Feature","geometry":{"type":"Point","coordinates":[129.7648,-20.2988]},"properties":{"d":"2026-09-15","t":"0419","frp":18.8,"b":367.0,"c":2,"s":"N21","n":0}},{"type":"Feature","geometry":{"type":"Point","coordinates":[129.7087,-20.2987]},"properties":{"d":"2026-09-15","t":"0419","frp":10.5,"b":353.7,"c":1,"s":"N21","n":0}},{"type":"Feature","geometry":{"type":"Point","coordinates":[129.6964,-20.2985]},"properties":{"d":"2026-09-15","t":"0419","frp":103.8,"b":367.0,"c":2,"s":"N21","n":0}},{"type":"Feature","geometry":{"type":"Point","coordinates":[129.7685,-20.2985]},"properties":{"d":"2026-09-15","t":"0419","frp":4.6,"b":339.6,"c":1,"s":"N21","n":0}},{"type":"Feature","geometry":{"type":"Point","coordinates":[129.7124,-20.2983]},"properties":{"d":"2026-09-15","t":"0419","frp":10.5,"b":341.4,"c":1,"s":"N21","n":0}},{"type":"Feature","geometry":{"type":"Point","coordinates":[129.7001,-20.2981]},"properties":{"d":"2026-09-15","t":"0419","frp":73.2,"b":367.0,"c":2,"s":"N21","n":0}},{"type":"Feature","geometry":{"type":"Point","coordinates":[129.7722,-20.2981]},"properties":{"d":"2026-09-15","t":"0419","frp":4.6,"b":336.5,"c":0,"s":"N21","n":0}},{"type":"Feature","geometry":{"type":"Point","coordinates":[129.7759,-20.2978]},"properties":{"d":"2026-09-15","t":"0419","frp":4.7,"b":353.5,"c":1,"s":"N21","n":0}},{"type":"Feature","geometry":{"type":"Point","coordinates":[129.7038,-20.2977]},"properties":{"d":"2026-09-15","t":"0419","frp":73.2,"b":350.4,"c":1,"s":"N21","n":0}},{"type":"Feature","geometry":{"type":"Point","coordinates":[129.7796,-20.2974]},"properties":{"d":"2026-09-15","t":"0419","frp":4.7,"b":335.2,"c":0,"s":"N21","n":0}},{"type":"Feature","geometry":{"type":"Point","coordinates":[129.7075,-20.2974]},"properties":{"d":"2026-09-15","t":"0419","frp":32.1,"b":367.0,"c":2,"s":"N21","n":0}},{"type":"Feature","geometry":{"type":"Point","coordinates":[129.7112,-20.297]},"properties":{"d":"2026-09-15","t":"0419","frp":32.1,"b":347.7,"c":1,"s":"N21","n":0}},{"type":"Feature","geometry":{"type":"Point","coordinates":[129.7746,-20.296]},"properties":{"d":"2026-09-15","t":"0419","frp":7.8,"b":347.8,"c":1,"s":"N21","n":0}},{"type":"Feature","geometry":{"type":"Point","coordinates":[129.7782,-20.2956]},"properties":{"d":"2026-09-15","t":"0419","frp":7.8,"b":350.4,"c":1,"s":"N21","n":0}},{"type":"Feature","geometry":{"type":"Point","coordinates":[129.697,-20.2943]},"properties":{"d":"2026-09-15","t":"0419","frp":75.3,"b":353.5,"c":1,"s":"N21","n":0}},{"type":"Feature","geometry":{"type":"Point","coordinates":[129.7008,-20.2939]},"properties":{"d":"2026-09-15","t":"0419","frp":34.6,"b":352.2,"c":1,"s":"N21","n":0}},{"type":"Feature","geometry":{"type":"Point","coordinates":[129.7045,-20.2936]},"properties":{"d":"2026-09-15","t":"0419","frp":34.6,"b":367.0,"c":2,"s":"N21","n":0}},{"type":"Feature","geometry":{"type":"Point","coordinates":[129.7082,-20.2932]},"properties":{"d":"2026-09-15","t":"0419","frp":10.5,"b":351.8,"c":1,"s":"N21","n":0}},{"type":"Feature","geometry":{"type":"Point","coordinates":[129.7119,-20.2929]},"properties":{"d":"2026-09-15","t":"0419","frp":10.5,"b":347.2,"c":1,"s":"N21","n":0}},{"type":"Feature","geometry":{"type":"Point","coordinates":[129.7033,-20.2923]},"properties":{"d":"2026-09-15","t":"0419","frp":19.2,"b":367.0,"c":2,"s":"N21","n":0}},{"type":"Feature","geometry":{"type":"Point","coordinates":[129.707,-20.2919]},"properties":{"d":"2026-09-15","t":"0419","frp":7.8,"b":333.4,"c":1,"s":"N21","n":0}},{"type":"Feature","geometry":{"type":"Point","coordinates":[129.7107,-20.2915]},"properties":{"d":"2026-09-15","t":"0419","frp":7.8,"b":367.0,"c":2,"s":"N21","n":0}},{"type":"Feature","geometry":{"type":"Point","coordinates":[129.7865,-20.2913]},"properties":{"d":"2026-09-15","t":"0419","frp":13.0,"b":342.6,"c":1,"s":"N21","n":0}},{"type":"Feature","geometry":{"type":"Point","coordinates":[129.7901,-20.2909]},"properties":{"d":"2026-09-15","t":"0419","frp":9.2,"b":367.0,"c":2,"s":"N21","n":0}},{"type":"Feature","geometry":{"type":"Point","coordinates":[129.7938,-20.2905]},"properties":{"d":"2026-09-15","t":"0419","frp":9.2,"b":338.2,"c":1,"s":"N21","n":0}},{"type":"Feature","geometry":{"type":"Point","coordinates":[129.7888,-20.289]},"properties":{"d":"2026-09-15","t":"0419","frp":8.0,"b":367.0,"c":2,"s":"N21","n":0}},{"type":"Feature","geometry":{"type":"Point","coordinates":[129.7925,-20.2886]},"properties":{"d":"2026-09-15","t":"0419","frp":8.0,"b":350.0,"c":1,"s":"N21","n":0}},{"type":"Feature","geometry":{"type":"Point","coordinates":[129.7601,-20.2883]},"properties":{"d":"2026-09-15","t":"0419","frp":11.4,"b":367.0,"c":2,"s":"N21","n":0}},{"type":"Feature","geometry":{"type":"Point","coordinates":[129.7962,-20.2883]},"properties":{"d":"2026-09-15","t":"0419","frp":5.1,"b":340.4,"c":0,"s":"N21","n":0}},{"type":"Feature","geometry":{"type":"Point","coordinates":[129.7637,-20.2879]},"properties":{"d":"2026-09-15","t":"0419","frp":11.4,"b":355.5,"c":1,"s":"N21","n":0}},{"type":"Feature","geometry":{"type":"Point","coordinates":[129.7588,-20.2866]},"properties":{"d":"2026-09-15","t":"0419","frp":35.3,"b":346.5,"c":1,"s":"N21","n":0}},{"type":"Feature","geometry":{"type":"Point","coordinates":[129.7224,-20.2863]},"properties":{"d":"2026-09-15","t":"0419","frp":21.2,"b":337.2,"c":0,"s":"N21","n":0}},{"type":"Feature","geometry":{"type":"Point","coordinates":[129.7625,-20.2862]},"properties":{"d":"2026-09-15","t":"0419","frp":35.3,"b":367.0,"c":2,"s":"N21","n":0}},{"type":"Feature","geometry":{"type":"Point","coordinates":[129.7261,-20.286]},"properties":{"d":"2026-09-15","t":"0419","frp":21.2,"b":345.1,"c":1,"s":"N21","n":0}},{"type":"Feature","geometry":{"type":"Point","coordinates":[129.7662,-20.2858]},"properties":{"d":"2026-09-15","t":"0419","frp":11.9,"b":342.4,"c":1,"s":"N21","n":0}},{"type":"Feature","geometry":{"type":"Point","coordinates":[129.7299,-20.2856]},"properties":{"d":"2026-09-15","t":"0419","frp":56.8,"b":367.0,"c":2,"s":"N21","n":0}},{"type":"Feature","geometry":{"type":"Point","coordinates":[129.7336,-20.2853]},"properties":{"d":"2026-09-15","t":"0419","frp":56.8,"b":346.8,"c":1,"s":"N21","n":0}},{"type":"Feature","geometry":{"type":"Point","coordinates":[129.7373,-20.2849]},"properties":{"d":"2026-09-15","t":"0419","frp":119.1,"b":340.1,"c":0,"s":"N21","n":0}},{"type":"Feature","geometry":{"type":"Point","coordinates":[129.797,-20.2847]},"properties":{"d":"2026-09-15","t":"0419","frp":7.0,"b":340.8,"c":0,"s":"N21","n":0}},{"type":"Feature","geometry":{"type":"Point","coordinates":[129.741,-20.2846]},"properties":{"d":"2026-09-15","t":"0419","frp":119.1,"b":342.0,"c":0,"s":"N21","n":0}},{"type":"Feature","geometry":{"type":"Point","coordinates":[129.7249,-20.2845]},"properties":{"d":"2026-09-15","t":"0419","frp":37.8,"b":354.1,"c":1,"s":"N21","n":0}},{"type":"Feature","geometry":{"type":"Point","coordinates":[129.7447,-20.2842]},"properties":{"d":"2026-09-15","t":"0419","frp":130.1,"b":344.3,"c":1,"s":"N21","n":0}},{"type":"Feature","geometry":{"type":"Point","coordinates":[129.7286,-20.2842]},"properties":{"d":"2026-09-15","t":"0419","frp":155.6,"b":350.2,"c":0,"s":"N21","n":0}},{"type":"Feature","geometry":{"type":"Point","coordinates":[129.7484,-20.2839]},"properties":{"d":"2026-09-15","t":"0419","frp":130.1,"b":342.1,"c":1,"s":"N21","n":0}},{"type":"Feature","geometry":{"type":"Point","coordinates":[129.7521,-20.2835]},"properties":{"d":"2026-09-15","t":"0419","frp":104.2,"b":345.5,"c":1,"s":"N21","n":0}},{"type":"Feature","geometry":{"type":"Point","coordinates":[129.7361,-20.2834]},"properties":{"d":"2026-09-15","t":"0419","frp":193.0,"b":367.0,"c":0,"s":"N21","n":0}},{"type":"Feature","geometry":{"type":"Point","coordinates":[129.7398,-20.283]},"properties":{"d":"2026-09-15","t":"0419","frp":193.0,"b":367.0,"c":0,"s":"N21","n":0}},{"type":"Feature","geometry":{"type":"Point","coordinates":[129.7595,-20.2828]},"properties":{"d":"2026-09-15","t":"0419","frp":46.0,"b":367.0,"c":2,"s":"N21","n":0}},{"type":"Feature","geometry":{"type":"Point","coordinates":[129.7434,-20.2827]},"properties":{"d":"2026-09-15","t":"0419","frp":252.1,"b":367.0,"c":0,"s":"N21","n":0}},{"type":"Feature","geometry":{"type":"Point","coordinates":[129.7472,-20.2823]},"properties":{"d":"2026-09-15","t":"0419","frp":252.1,"b":367.0,"c":2,"s":"N21","n":0}},{"type":"Feature","geometry":{"type":"Point","coordinates":[129.7509,-20.2819]},"properties":{"d":"2026-09-15","t":"0419","frp":150.1,"b":367.0,"c":2,"s":"N21","n":0}},{"type":"Feature","geometry":{"type":"Point","coordinates":[129.7545,-20.2815]},"properties":{"d":"2026-09-15","t":"0419","frp":150.1,"b":367.0,"c":2,"s":"N21","n":0}},{"type":"Feature","geometry":{"type":"Point","coordinates":[129.7583,-20.2812]},"properties":{"d":"2026-09-15","t":"0419","frp":35.3,"b":353.8,"c":0,"s":"N21","n":0}},{"type":"Feature","geometry":{"type":"Point","coordinates":[129.762,-20.2808]},"properties":{"d":"2026-09-15","t":"0419","frp":35.3,"b":340.4,"c":1,"s":"N21","n":0}},{"type":"Feature","geometry":{"type":"Point","coordinates":[129.7293,-20.2802]},"properties":{"d":"2026-09-15","t":"0419","frp":56.8,"b":367.0,"c":2,"s":"N21","n":0}},{"type":"Feature","geometry":{"type":"Point","coordinates":[129.7368,-20.2795]},"properties":{"d":"2026-09-15","t":"0419","frp":119.1,"b":367.0,"c":0,"s":"N21","n":0}},{"type":"Feature","geometry":{"type":"Point","coordinates":[129.7405,-20.2791]},"properties":{"d":"2026-09-15","t":"0419","frp":119.1,"b":367.0,"c":0,"s":"N21","n":0}},{"type":"Feature","geometry":{"type":"Point","coordinates":[129.7442,-20.2788]},"properties":{"d":"2026-09-15","t":"0419","frp":130.1,"b":367.0,"c":0,"s":"N21","n":0}},{"type":"Feature","geometry":{"type":"Point","coordinates":[129.7479,-20.2784]},"properties":{"d":"2026-09-15","t":"0419","frp":130.1,"b":367.0,"c":2,"s":"N21","n":0}},{"type":"Feature","geometry":{"type":"Point","coordinates":[129.7516,-20.2781]},"properties":{"d":"2026-09-15","t":"0419","frp":104.2,"b":367.0,"c":2,"s":"N21","n":0}},{"type":"Feature","geometry":{"type":"Point","coordinates":[129.7356,-20.278]},"properties":{"d":"2026-09-15","t":"0419","frp":10.8,"b":348.2,"c":1,"s":"N21","n":0}},{"type":"Feature","geometry":{"type":"Point","coordinates":[129.8112,-20.2779]},"properties":{"d":"2026-09-15","t":"0419","frp":3.8,"b":336.8,"c":0,"s":"N21","n":0}},{"type":"Feature","geometry":{"type":"Point","coordinates":[129.7553,-20.2777]},"properties":{"d":"2026-09-15","t":"0419","frp":104.2,"b":367.0,"c":2,"s":"N21","n":0}},{"type":"Feature","geometry":{"type":"Point","coordinates":[129.7393,-20.2776]},"properties":{"d":"2026-09-15","t":"0419","frp":10.8,"b":367.0,"c":2,"s":"N21","n":0}},{"type":"Feature","geometry":{"type":"Point","coordinates":[129.759,-20.2774]},"properties":{"d":"2026-09-15","t":"0419","frp":46.0,"b":344.4,"c":1,"s":"N21","n":0}},{"type":"Feature","geometry":{"type":"Point","coordinates":[129.743,-20.2772]},"properties":{"d":"2026-09-15","t":"0419","frp":13.0,"b":367.0,"c":2,"s":"N21","n":0}},{"type":"Feature","geometry":{"type":"Point","coordinates":[129.7467,-20.2768]},"properties":{"d":"2026-09-15","t":"0419","frp":13.0,"b":346.7,"c":1,"s":"N21","n":0}},{"type":"Feature","geometry":{"type":"Point","coordinates":[129.8099,-20.2759]},"properties":{"d":"2026-09-15","t":"0419","frp":3.6,"b":348.5,"c":1,"s":"N21","n":0}},{"type":"Feature","geometry":{"type":"Point","coordinates":[129.7605,-20.2644]},"properties":{"d":"2026-09-15","t":"0419","frp":5.3,"b":341.8,"c":1,"s":"N21","n":0}},{"type":"Feature","geometry":{"type":"Point","coordinates":[129.801,-20.2603]},"properties":{"d":"2026-09-15","t":"0419","frp":7.2,"b":367.0,"c":2,"s":"N21","n":0}},{"type":"Feature","geometry":{"type":"Point","coordinates":[129.7488,-20.2601]},"properties":{"d":"2026-09-15","t":"0419","frp":4.7,"b":340.3,"c":1,"s":"N21","n":0}},{"type":"Feature","geometry":{"type":"Point","coordinates":[129.8005,-20.2549]},"properties":{"d":"2026-09-15","t":"0419","frp":7.2,"b":367.0,"c":2,"s":"N21","n":0}},{"type":"Feature","geometry":{"type":"Point","coordinates":[129.7482,-20.2547]},"properties":{"d":"2026-09-15","t":"0419","frp":18.9,"b":367.0,"c":2,"s":"N21","n":0}},{"type":"Feature","geometry":{"type":"Point","coordinates":[129.8041,-20.2545]},"properties":{"d":"2026-09-15","t":"0419","frp":7.2,"b":338.9,"c":1,"s":"N21","n":0}},{"type":"Feature","geometry":{"type":"Point","coordinates":[129.752,-20.2543]},"properties":{"d":"2026-09-15","t":"0419","frp":18.9,"b":367.0,"c":2,"s":"N21","n":0}},{"type":"Feature","geometry":{"type":"Point","coordinates":[129.7557,-20.2539]},"properties":{"d":"2026-09-15","t":"0419","frp":29.9,"b":348.7,"c":1,"s":"N21","n":0}},{"type":"Feature","geometry":{"type":"Point","coordinates":[129.7595,-20.2535]},"properties":{"d":"2026-09-15","t":"0419","frp":29.9,"b":367.0,"c":2,"s":"N21","n":0}},{"type":"Feature","geometry":{"type":"Point","coordinates":[129.7631,-20.2532]},"properties":{"d":"2026-09-15","t":"0419","frp":11.6,"b":352.4,"c":1,"s":"N21","n":0}},{"type":"Feature","geometry":{"type":"Point","coordinates":[129.7669,-20.2528]},"properties":{"d":"2026-09-15","t":"0419","frp":11.6,"b":349.4,"c":1,"s":"N21","n":0}},{"type":"Feature","geometry":{"type":"Point","coordinates":[129.7705,-20.2524]},"properties":{"d":"2026-09-15","t":"0419","frp":10.9,"b":350.4,"c":1,"s":"N21","n":0}},{"type":"Feature","geometry":{"type":"Point","coordinates":[129.7816,-20.2513]},"properties":{"d":"2026-09-15","t":"0419","frp":13.6,"b":352.0,"c":1,"s":"N21","n":0}},{"type":"Feature","geometry":{"type":"Point","coordinates":[129.7853,-20.2509]},"properties":{"d":"2026-09-15","t":"0419","frp":15.4,"b":367.0,"c":2,"s":"N21","n":0}},{"type":"Feature","geometry":{"type":"Point","coordinates":[129.789,-20.2506]},"properties":{"d":"2026-09-15","t":"0419","frp":15.4,"b":348.5,"c":1,"s":"N21","n":0}},{"type":"Feature","geometry":{"type":"Point","coordinates":[129.7773,-20.2462]},"properties":{"d":"2026-09-15","t":"0419","frp":13.6,"b":355.0,"c":1,"s":"N21","n":0}},{"type":"Feature","geometry":{"type":"Point","coordinates":[129.781,-20.2459]},"properties":{"d":"2026-09-15","t":"0419","frp":13.6,"b":367.0,"c":2,"s":"N21","n":0}},{"type":"Feature","geometry":{"type":"Point","coordinates":[127.7864,-20.1428]},"properties":{"d":"2026-09-15","t":"0419","frp":8.9,"b":339.9,"c":0,"s":"N21","n":0}},{"type":"Feature","geometry":{"type":"Point","coordinates":[127.7895,-20.1425]},"properties":{"d":"2026-09-15","t":"0419","frp":9.6,"b":354.1,"c":1,"s":"N21","n":0}},{"type":"Feature","geometry":{"type":"Point","coordinates":[127.6052,-19.5759]},"properties":{"d":"2026-09-15","t":"0419","frp":87.1,"b":367.0,"c":0,"s":"N21","n":0}},{"type":"Feature","geometry":{"type":"Point","coordinates":[127.6102,-19.5754]},"properties":{"d":"2026-09-15","t":"0419","frp":87.1,"b":367.0,"c":2,"s":"N21","n":0}},{"type":"Feature","geometry":{"type":"Point","coordinates":[127.6047,-19.5697]},"properties":{"d":"2026-09-15","t":"0419","frp":87.1,"b":310.8,"c":0,"s":"N21","n":0}},{"type":"Feature","geometry":{"type":"Point","coordinates":[127.6097,-19.5692]},"properties":{"d":"2026-09-15","t":"0419","frp":87.1,"b":367.0,"c":2,"s":"N21","n":0}},{"type":"Feature","geometry":{"type":"Point","coordinates":[127.6147,-19.5688]},"properties":{"d":"2026-09-15","t":"0419","frp":34.7,"b":354.4,"c":1,"s":"N21","n":0}},{"type":"Feature","geometry":{"type":"Point","coordinates":[127.6197,-19.5683]},"properties":{"d":"2026-09-15","t":"0419","frp":34.7,"b":367.0,"c":2,"s":"N21","n":0}},{"type":"Feature","geometry":{"type":"Point","coordinates":[127.6247,-19.5679]},"properties":{"d":"2026-09-15","t":"0419","frp":17.8,"b":340.3,"c":1,"s":"N21","n":0}},{"type":"Feature","geometry":{"type":"Point","coordinates":[131.1376,-18.8329]},"properties":{"d":"2026-09-15","t":"0419","frp":13.6,"b":367.0,"c":2,"s":"N21","n":0}},{"type":"Feature","geometry":{"type":"Point","coordinates":[131.1432,-18.8323]},"properties":{"d":"2026-09-15","t":"0419","frp":9.0,"b":341.4,"c":1,"s":"N21","n":0}},{"type":"Feature","geometry":{"type":"Point","coordinates":[131.085,-18.8239]},"properties":{"d":"2026-09-15","t":"0419","frp":8.0,"b":338.4,"c":1,"s":"N21","n":0}},{"type":"Feature","geometry":{"type":"Point","coordinates":[131.0906,-18.8233]},"properties":{"d":"2026-09-15","t":"0419","frp":8.0,"b":343.9,"c":1,"s":"N21","n":0}},{"type":"Feature","geometry":{"type":"Point","coordinates":[131.0963,-18.8227]},"properties":{"d":"2026-09-15","t":"0419","frp":24.7,"b":339.6,"c":0,"s":"N21","n":0}},{"type":"Feature","geometry":{"type":"Point","coordinates":[131.1019,-18.8221]},"properties":{"d":"2026-09-15","t":"0419","frp":24.7,"b":354.1,"c":1,"s":"N21","n":0}},{"type":"Feature","geometry":{"type":"Point","coordinates":[131.1076,-18.8214]},"properties":{"d":"2026-09-15","t":"0419","frp":30.8,"b":367.0,"c":2,"s":"N21","n":0}},{"type":"Feature","geometry":{"type":"Point","coordinates":[131.0957,-18.8178]},"properties":{"d":"2026-09-15","t":"0419","frp":24.7,"b":342.3,"c":1,"s":"N21","n":0}},{"type":"Feature","geometry":{"type":"Point","coordinates":[131.1013,-18.8172]},"properties":{"d":"2026-09-15","t":"0419","frp":24.7,"b":348.7,"c":1,"s":"N21","n":0}},{"type":"Feature","geometry":{"type":"Point","coordinates":[131.1641,-18.8151]},"properties":{"d":"2026-09-15","t":"0419","frp":10.2,"b":342.9,"c":1,"s":"N21","n":0}},{"type":"Feature","geometry":{"type":"Point","coordinates":[131.1234,-18.8098]},"properties":{"d":"2026-09-15","t":"0419","frp":29.6,"b":367.0,"c":2,"s":"N21","n":0}},{"type":"Feature","geometry":{"type":"Point","coordinates":[131.1691,-18.8096]},"properties":{"d":"2026-09-15","t":"0419","frp":10.2,"b":348.6,"c":1,"s":"N21","n":0}},{"type":"Feature","geometry":{"type":"Point","coordinates":[131.1291,-18.8091]},"properties":{"d":"2026-09-15","t":"0419","frp":36.2,"b":346.4,"c":1,"s":"N21","n":0}},{"type":"Feature","geometry":{"type":"Point","coordinates":[131.1685,-18.8048]},"properties":{"d":"2026-09-15","t":"0419","frp":11.2,"b":343.4,"c":1,"s":"N21","n":0}},{"type":"Feature","geometry":{"type":"Point","coordinates":[131.1336,-18.7987]},"properties":{"d":"2026-09-15","t":"0419","frp":12.7,"b":348.4,"c":1,"s":"N21","n":0}},{"type":"Feature","geometry":{"type":"Point","coordinates":[131.1392,-18.7981]},"properties":{"d":"2026-09-15","t":"0419","frp":15.4,"b":346.3,"c":1,"s":"N21","n":0}},{"type":"Feature","geometry":{"type":"Point","coordinates":[131.1499,-18.792]},"properties":{"d":"2026-09-15","t":"0419","frp":10.2,"b":347.6,"c":1,"s":"N21","n":0}},{"type":"Feature","geometry":{"type":"Point","coordinates":[131.1555,-18.7914]},"properties":{"d":"2026-09-15","t":"0419","frp":10.2,"b":341.4,"c":1,"s":"N21","n":0}},{"type":"Feature","geometry":{"type":"Point","coordinates":[131.1887,-18.7828]},"properties":{"d":"2026-09-15","t":"0419","frp":9.0,"b":346.9,"c":1,"s":"N21","n":0}},{"type":"Feature","geometry":{"type":"Point","coordinates":[131.1826,-18.7785]},"properties":{"d":"2026-09-15","t":"0419","frp":9.0,"b":348.8,"c":1,"s":"N21","n":0}},{"type":"Feature","geometry":{"type":"Point","coordinates":[131.1882,-18.7779]},"properties":{"d":"2026-09-15","t":"0419","frp":9.0,"b":340.8,"c":1,"s":"N21","n":0}},{"type":"Feature","geometry":{"type":"Point","coordinates":[131.1651,-18.7755]},"properties":{"d":"2026-09-15","t":"0419","frp":12.5,"b":347.8,"c":1,"s":"N21","n":0}},{"type":"Feature","geometry":{"type":"Point","coordinates":[131.1707,-18.7749]},"properties":{"d":"2026-09-15","t":"0419","frp":11.4,"b":354.2,"c":1,"s":"N21","n":0}},{"type":"Feature","geometry":{"type":"Point","coordinates":[131.1764,-18.7743]},"properties":{"d":"2026-09-15","t":"0419","frp":11.4,"b":350.4,"c":1,"s":"N21","n":0}},{"type":"Feature","geometry":{"type":"Point","coordinates":[127.9256,-18.4634]},"properties":{"d":"2026-09-15","t":"0419","frp":96.9,"b":207.4,"c":0,"s":"N21","n":0}},{"type":"Feature","geometry":{"type":"Point","coordinates":[127.9301,-18.4629]},"properties":{"d":"2026-09-15","t":"0419","frp":96.9,"b":367.0,"c":2,"s":"N21","n":0}},{"type":"Feature","geometry":{"type":"Point","coordinates":[127.9291,-18.4599]},"properties":{"d":"2026-09-15","t":"0419","frp":238.6,"b":367.0,"c":0,"s":"N21","n":0}},{"type":"Feature","geometry":{"type":"Point","coordinates":[127.9336,-18.4595]},"properties":{"d":"2026-09-15","t":"0419","frp":35.2,"b":367.0,"c":2,"s":"N21","n":0}},{"type":"Feature","geometry":{"type":"Point","coordinates":[127.9382,-18.4591]},"properties":{"d":"2026-09-15","t":"0419","frp":35.2,"b":347.1,"c":1,"s":"N21","n":0}},{"type":"Feature","geometry":{"type":"Point","coordinates":[127.925,-18.4574]},"properties":{"d":"2026-09-15","t":"0419","frp":23.0,"b":367.0,"c":2,"s":"N21","n":0}},{"type":"Feature","geometry":{"type":"Point","coordinates":[127.9296,-18.4569]},"properties":{"d":"2026-09-15","t":"0419","frp":23.0,"b":367.0,"c":2,"s":"N21","n":0}},{"type":"Feature","geometry":{"type":"Point","coordinates":[127.9341,-18.4565]},"properties":{"d":"2026-09-15","t":"0419","frp":26.5,"b":367.0,"c":2,"s":"N21","n":0}},{"type":"Feature","geometry":{"type":"Point","coordinates":[127.9387,-18.456]},"properties":{"d":"2026-09-15","t":"0419","frp":26.5,"b":351.9,"c":1,"s":"N21","n":0}},{"type":"Feature","geometry":{"type":"Point","coordinates":[127.933,-18.4535]},"properties":{"d":"2026-09-15","t":"0419","frp":10.9,"b":367.0,"c":2,"s":"N21","n":0}},{"type":"Feature","geometry":{"type":"Point","coordinates":[127.9376,-18.4531]},"properties":{"d":"2026-09-15","t":"0419","frp":10.9,"b":352.7,"c":1,"s":"N21","n":0}},{"type":"Feature","geometry":{"type":"Point","coordinates":[146.2736,-18.4508]},"properties":{"d":"2026-09-15","t":"0419","frp":17.5,"b":347.3,"c":1,"s":"N21","n":0}},{"type":"Feature","geometry":{"type":"Point","coordinates":[146.291,-18.4408]},"properties":{"d":"2026-09-15","t":"0419","frp":9.7,"b":344.2,"c":1,"s":"N21","n":0}},{"type":"Feature","geometry":{"type":"Point","coordinates":[146.3043,-18.4401]},"properties":{"d":"2026-09-15","t":"0419","frp":14.1,"b":355.1,"c":1,"s":"N21","n":0}},{"type":"Feature","geometry":{"type":"Point","coordinates":[146.3005,-18.439]},"properties":{"d":"2026-09-15","t":"0419","frp":9.3,"b":343.1,"c":1,"s":"N21","n":0}},{"type":"Feature","geometry":{"type":"Point","coordinates":[146.3057,-18.438]},"properties":{"d":"2026-09-15","t":"0419","frp":9.3,"b":338.0,"c":1,"s":"N21","n":0}},{"type":"Feature","geometry":{"type":"Point","coordinates":[146.3009,-18.4157]},"properties":{"d":"2026-09-15","t":"0419","frp":14.7,"b":348.2,"c":1,"s":"N21","n":0}},{"type":"Feature","geometry":{"type":"Point","coordinates":[146.301,-18.411]},"properties":{"d":"2026-09-15","t":"0419","frp":7.4,"b":338.3,"c":1,"s":"N21","n":0}},{"type":"Feature","geometry":{"type":"Point","coordinates":[146.2753,-18.3926]},"properties":{"d":"2026-09-15","t":"0419","frp":9.2,"b":342.7,"c":1,"s":"N21","n":0}},{"type":"Feature","geometry":{"type":"Point","coordinates":[146.2809,-18.3915]},"properties":{"d":"2026-09-15","t":"0419","frp":16.5,"b":349.3,"c":1,"s":"N21","n":0}},{"type":"Feature","geometry":{"type":"Point","coordinates":[137.8049,-18.3902]},"properties":{"d":"2026-09-15","t":"0419","frp":7.3,"b":353.1,"c":1,"s":"N21","n":0}},{"type":"Feature","geometry":{"type":"Point","coordinates":[137.8317,-18.3897]},"properties":{"d":"2026-09-15","t":"0419","frp":8.9,"b":347.5,"c":1,"s":"N21","n":0}},{"type":"Feature","geometry":{"type":"Point","coordinates":[137.8087,-18.3896]},"properties":{"d":"2026-09-15","t":"0419","frp":16.5,"b":350.9,"c":1,"s":"N21","n":0}},{"type":"Feature","geometry":{"type":"Point","coordinates":[137.8354,-18.3892]},"properties":{"d":"2026-09-15","t":"0419","frp":8.9,"b":344.7,"c":1,"s":"N21","n":0}},{"type":"Feature","geometry":{"type":"Point","coordinates":[137.8124,-18.3891]},"properties":{"d":"2026-09-15","t":"0419","frp":16.5,"b":367.0,"c":2,"s":"N21","n":0}},{"type":"Feature","geometry":{"type":"Point","coordinates":[137.8162,-18.3886]},"properties":{"d":"2026-09-15","t":"0419","frp":17.0,"b":353.9,"c":1,"s":"N21","n":0}},{"type":"Feature","geometry":{"type":"Point","coordinates":[137.7969,-18.3879]},"properties":{"d":"2026-09-15","t":"0419","frp":13.2,"b":351.7,"c":1,"s":"N21","n":0}},{"type":"Feature","geometry":{"type":"Point","coordinates":[137.8006,-18.3874]},"properties":{"d":"2026-09-15","t":"0419","frp":9.5,"b":351.1,"c":1,"s":"N21","n":0}},{"type":"Feature","geometry":{"type":"Point","coordinates":[137.8274,-18.3869]},"properties":{"d":"2026-09-15","t":"0419","frp":53.3,"b":367.0,"c":0,"s":"N21","n":0}},{"type":"Feature","geometry":{"type":"Point","coordinates":[137.8424,-18.3847]},"properties":{"d":"2026-09-15","t":"0419","frp":7.6,"b":337.9,"c":0,"s":"N21","n":0}},{"type":"Feature","geometry":{"type":"Point","coordinates":[137.8038,-18.3835]},"properties":{"d":"2026-09-15","t":"0419","frp":9.5,"b":349.2,"c":1,"s":"N21","n":0}},{"type":"Feature","geometry":{"type":"Point","coordinates":[137.7615,-18.3827]},"properties":{"d":"2026-09-15","t":"0419","frp":6.0,"b":346.0,"c":1,"s":"N21","n":0}},{"type":"Feature","geometry":{"type":"Point","coordinates":[137.8151,-18.3818]},"properties":{"d":"2026-09-15","t":"0419","frp":11.2,"b":342.8,"c":0,"s":"N21","n":0}},{"type":"Feature","geometry":{"type":"Point","coordinates":[137.7534,-18.3804]},"properties":{"d":"2026-09-15","t":"0419","frp":4.3,"b":340.0,"c":0,"s":"N21","n":0}},{"type":"Feature","geometry":{"type":"Point","coordinates":[137.7803,-18.38]},"properties":{"d":"2026-09-15","t":"0419","frp":17.0,"b":349.4,"c":1,"s":"N21","n":0}},{"type":"Feature","geometry":{"type":"Point","coordinates":[137.761,-18.3793]},"properties":{"d":"2026-09-15","t":"0419","frp":2.1,"b":341.5,"c":0,"s":"N21","n":0}},{"type":"Feature","geometry":{"type":"Point","coordinates":[137.7416,-18.3787]},"properties":{"d":"2026-09-15","t":"0419","frp":1.2,"b":337.1,"c":0,"s":"N21","n":0}},{"type":"Feature","geometry":{"type":"Point","coordinates":[137.7604,-18.376]},"properties":{"d":"2026-09-15","t":"0419","frp":2.1,"b":336.6,"c":0,"s":"N21","n":0}},{"type":"Feature","geometry":{"type":"Point","coordinates":[137.8445,-18.3741]},"properties":{"d":"2026-09-15","t":"0419","frp":4.5,"b":342.4,"c":0,"s":"N21","n":0}},{"type":"Feature","geometry":{"type":"Point","coordinates":[137.8632,-18.3714]},"properties":{"d":"2026-09-15","t":"0419","frp":7.2,"b":344.3,"c":1,"s":"N21","n":0}},{"type":"Feature","geometry":{"type":"Point","coordinates":[146.246,-18.3703]},"properties":{"d":"2026-09-15","t":"0419","frp":4.6,"b":333.9,"c":1,"s":"N21","n":0}},{"type":"Feature","geometry":{"type":"Point","coordinates":[146.2382,-18.3671]},"properties":{"d":"2026-09-15","t":"0419","frp":14.8,"b":343.2,"c":1,"s":"N21","n":0}},{"type":"Feature","geometry":{"type":"Point","coordinates":[137.8584,-18.3652]},"properties":{"d":"2026-09-15","t":"0419","frp":6.8,"b":342.6,"c":0,"s":"N21","n":0}},{"type":"Feature","geometry":{"type":"Point","coordinates":[137.8696,-18.3636]},"properties":{"d":"2026-09-15","t":"0419","frp":7.1,"b":346.9,"c":1,"s":"N21","n":0}},{"type":"Feature","geometry":{"type":"Point","coordinates":[137.8734,-18.3631]},"properties":{"d":"2026-09-15","t":"0419","frp":8.2,"b":355.5,"c":1,"s":"N21","n":0}},{"type":"Feature","geometry":{"type":"Point","coordinates":[137.8771,-18.3625]},"properties":{"d":"2026-09-15","t":"0419","frp":8.2,"b":348.1,"c":1,"s":"N21","n":0}},{"type":"Feature","geometry":{"type":"Point","coordinates":[137.7878,-18.3548]},"properties":{"d":"2026-09-15","t":"0419","frp":7.7,"b":345.7,"c":1,"s":"N21","n":0}},{"type":"Feature","geometry":{"type":"Point","coordinates":[137.8873,-18.3542]},"properties":{"d":"2026-09-15","t":"0419","frp":7.8,"b":352.4,"c":1,"s":"N21","n":0}},{"type":"Feature","geometry":{"type":"Point","coordinates":[137.8905,-18.3503]},"properties":{"d":"2026-09-15","t":"0419","frp":7.8,"b":342.8,"c":0,"s":"N21","n":0}},{"type":"Feature","geometry":{"type":"Point","coordinates":[137.8942,-18.3497]},"properties":{"d":"2026-09-15","t":"0419","frp":10.7,"b":345.1,"c":1,"s":"N21","n":0}},{"type":"Feature","geometry":{"type":"Point","coordinates":[137.8974,-18.3458]},"properties":{"d":"2026-09-15","t":"0419","frp":6.3,"b":341.0,"c":0,"s":"N21","n":0}},{"type":"Feature","geometry":{"type":"Point","coordinates":[137.9006,-18.342]},"properties":{"d":"2026-09-15","t":"0419","frp":5.9,"b":347.1,"c":1,"s":"N21","n":0}},{"type":"Feature","geometry":{"type":"Point","coordinates":[137.9001,-18.3386]},"properties":{"d":"2026-09-15","t":"0419","frp":8.0,"b":347.2,"c":1,"s":"N21","n":0}},{"type":"Feature","geometry":{"type":"Point","coordinates":[137.8996,-18.3352]},"properties":{"d":"2026-09-15","t":"0419","frp":8.0,"b":346.2,"c":1,"s":"N21","n":0}},{"type":"Feature","geometry":{"type":"Point","coordinates":[137.9049,-18.3208]},"properties":{"d":"2026-09-15","t":"0419","frp":11.0,"b":344.6,"c":1,"s":"N21","n":0}},{"type":"Feature","geometry":{"type":"Point","coordinates":[137.9044,-18.3187]},"properties":{"d":"2026-09-15","t":"0419","frp":15.7,"b":353.9,"c":1,"s":"N21","n":0}},{"type":"Feature","geometry":{"type":"Point","coordinates":[130.8638,-18.3043]},"properties":{"d":"2026-09-15","t":"0419","frp":8.4,"b":345.8,"c":1,"s":"N21","n":0}},{"type":"Feature","geometry":{"type":"Point","coordinates":[130.8575,-18.3]},"properties":{"d":"2026-09-15","t":"0419","frp":8.4,"b":336.8,"c":0,"s":"N21","n":0}},{"type":"Feature","geometry":{"type":"Point","coordinates":[130.8511,-18.2958]},"properties":{"d":"2026-09-15","t":"0419","frp":9.0,"b":342.0,"c":1,"s":"N21","n":0}},{"type":"Feature","geometry":{"type":"Point","coordinates":[130.8505,-18.2908]},"properties":{"d":"2026-09-15","t":"0419","frp":9.0,"b":339.9,"c":1,"s":"N21","n":0}},{"type":"Feature","geometry":{"type":"Point","coordinates":[130.8499,-18.2859]},"properties":{"d":"2026-09-15","t":"0419","frp":9.9,"b":342.1,"c":1,"s":"N21","n":0}},{"type":"Feature","geometry":{"type":"Point","coordinates":[130.8494,-18.2809]},"properties":{"d":"2026-09-15","t":"0419","frp":9.9,"b":344.4,"c":1,"s":"N21","n":0}},{"type":"Feature","geometry":{"type":"Point","coordinates":[130.8488,-18.276]},"properties":{"d":"2026-09-15","t":"0419","frp":9.8,"b":340.7,"c":1,"s":"N21","n":0}},{"type":"Feature","geometry":{"type":"Point","coordinates":[130.8482,-18.271]},"properties":{"d":"2026-09-15","t":"0419","frp":9.8,"b":345.8,"c":1,"s":"N21","n":0}},{"type":"Feature","geometry":{"type":"Point","coordinates":[130.8449,-18.2696]},"properties":{"d":"2026-09-15","t":"0419","frp":16.6,"b":341.6,"c":1,"s":"N21","n":0}},{"type":"Feature","geometry":{"type":"Point","coordinates":[130.8477,-18.2661]},"properties":{"d":"2026-09-15","t":"0419","frp":18.5,"b":343.5,"c":1,"s":"N21","n":0}},{"type":"Feature","geometry":{"type":"Point","coordinates":[130.8443,-18.2646]},"properties":{"d":"2026-09-15","t":"0419","frp":16.6,"b":342.6,"c":1,"s":"N21","n":0}},{"type":"Feature","geometry":{"type":"Point","coordinates":[130.8471,-18.2611]},"properties":{"d":"2026-09-15","t":"0419","frp":18.5,"b":341.8,"c":1,"s":"N21","n":0}},{"type":"Feature","geometry":{"type":"Point","coordinates":[130.8438,-18.2597]},"properties":{"d":"2026-09-15","t":"0419","frp":18.6,"b":346.7,"c":1,"s":"N21","n":0}},{"type":"Feature","geometry":{"type":"Point","coordinates":[146.2816,-18.2448]},"properties":{"d":"2026-09-15","t":"0419","frp":8.0,"b":339.7,"c":1,"s":"N21","n":0}},{"type":"Feature","geometry":{"type":"Point","coordinates":[146.2864,-18.2439]},"properties":{"d":"2026-09-15","t":"0419","frp":10.6,"b":336.2,"c":1,"s":"N21","n":0}},{"type":"Feature","geometry":{"type":"Point","coordinates":[130.8274,-18.2432]},"properties":{"d":"2026-09-15","t":"0419","frp":17.7,"b":341.6,"c":1,"s":"N21","n":0}},{"type":"Feature","geometry":{"type":"Point","coordinates":[146.2912,-18.243]},"properties":{"d":"2026-09-15","t":"0419","frp":10.6,"b":346.4,"c":1,"s":"N21","n":0}},{"type":"Feature","geometry":{"type":"Point","coordinates":[146.2708,-18.2422]},"properties":{"d":"2026-09-15","t":"0419","frp":6.2,"b":338.9,"c":1,"s":"N21","n":0}},{"type":"Feature","geometry":{"type":"Point","coordinates":[130.83,-18.2413]},"properties":{"d":"2026-09-15","t":"0419","frp":7.4,"b":338.2,"c":1,"s":"N21","n":0}},{"type":"Feature","geometry":{"type":"Point","coordinates":[130.8236,-18.237]},"properties":{"d":"2026-09-15","t":"0419","frp":20.3,"b":345.6,"c":1,"s":"N21","n":0}},{"type":"Feature","geometry":{"type":"Point","coordinates":[130.8173,-18.2327]},"properties":{"d":"2026-09-15","t":"0419","frp":11.8,"b":354.8,"c":1,"s":"N21","n":0}},{"type":"Feature","geometry":{"type":"Point","coordinates":[130.8231,-18.232]},"properties":{"d":"2026-09-15","t":"0419","frp":11.8,"b":341.8,"c":1,"s":"N21","n":0}},{"type":"Feature","geometry":{"type":"Point","coordinates":[130.8109,-18.2284]},"properties":{"d":"2026-09-15","t":"0419","frp":17.6,"b":344.4,"c":1,"s":"N21","n":0}},{"type":"Feature","geometry":{"type":"Point","coordinates":[130.8168,-18.2277]},"properties":{"d":"2026-09-15","t":"0419","frp":11.8,"b":337.9,"c":1,"s":"N21","n":0}},{"type":"Feature","geometry":{"type":"Point","coordinates":[130.8045,-18.2241]},"properties":{"d":"2026-09-15","t":"0419","frp":13.6,"b":349.4,"c":1,"s":"N21","n":0}},{"type":"Feature","geometry":{"type":"Point","coordinates":[130.8103,-18.2234]},"properties":{"d":"2026-09-15","t":"0419","frp":13.6,"b":343.1,"c":1,"s":"N21","n":0}},{"type":"Feature","geometry":{"type":"Point","coordinates":[130.7859,-18.2161]},"properties":{"d":"2026-09-15","t":"0419","frp":7.3,"b":336.4,"c":0,"s":"N21","n":0}},{"type":"Feature","geometry":{"type":"Point","coordinates":[130.7795,-18.2118]},"properties":{"d":"2026-09-15","t":"0419","frp":7.3,"b":346.4,"c":1,"s":"N21","n":0}},{"type":"Feature","geometry":{"type":"Point","coordinates":[130.7853,-18.2111]},"properties":{"d":"2026-09-15","t":"0419","frp":7.3,"b":342.1,"c":1,"s":"N21","n":0}},{"type":"Feature","geometry":{"type":"Point","coordinates":[130.7671,-18.2081]},"properties":{"d":"2026-09-15","t":"0419","frp":13.4,"b":342.6,"c":1,"s":"N21","n":0}},{"type":"Feature","geometry":{"type":"Point","coordinates":[130.773,-18.2075]},"properties":{"d":"2026-09-15","t":"0419","frp":13.4,"b":346.6,"c":1,"s":"N21","n":0}},{"type":"Feature","geometry":{"type":"Point","coordinates":[130.7665,-18.2032]},"properties":{"d":"2026-09-15","t":"0419","frp":13.4,"b":353.3,"c":1,"s":"N21","n":0}},{"type":"Feature","geometry":{"type":"Point","coordinates":[130.7601,-18.1989]},"properties":{"d":"2026-09-15","t":"0419","frp":10.6,"b":351.9,"c":1,"s":"N21","n":0}},{"type":"Feature","geometry":{"type":"Point","coordinates":[130.7537,-18.1945]},"properties":{"d":"2026-09-15","t":"0419","frp":10.6,"b":338.8,"c":0,"s":"N21","n":0}},{"type":"Feature","geometry":{"type":"Point","coordinates":[130.7238,-18.1928]},"properties":{"d":"2026-09-15","t":"0419","frp":30.0,"b":344.9,"c":1,"s":"N21","n":0}},{"type":"Feature","geometry":{"type":"Point","coordinates":[130.7115,-18.1891]},"properties":{"d":"2026-09-15","t":"0419","frp":8.6,"b":341.9,"c":1,"s":"N21","n":0}},{"type":"Feature","geometry":{"type":"Point","coordinates":[130.7174,-18.1884]},"properties":{"d":"2026-09-15","t":"0419","frp":30.0,"b":346.1,"c":1,"s":"N21","n":0}},{"type":"Feature","geometry":{"type":"Point","coordinates":[130.7233,-18.1878]},"properties":{"d":"2026-09-15","t":"0419","frp":30.0,"b":351.8,"c":1,"s":"N21","n":0}},{"type":"Feature","geometry":{"type":"Point","coordinates":[130.7292,-18.1871]},"properties":{"d":"2026-09-15","t":"0419","frp":24.7,"b":344.3,"c":1,"s":"N21","n":0}},{"type":"Feature","geometry":{"type":"Point","coordinates":[130.6947,-18.0731]},"properties":{"d":"2026-09-15","t":"0419","frp":145.5,"b":346.5,"c":1,"s":"N21","n":0}},{"type":"Feature","geometry":{"type":"Point","coordinates":[130.6834,-18.0703]},"properties":{"d":"2026-09-15","t":"0419","frp":150.2,"b":345.6,"c":1,"s":"N21","n":0}},{"type":"Feature","geometry":{"type":"Point","coordinates":[130.6823,-18.0695]},"properties":{"d":"2026-09-15","t":"0419","frp":20.1,"b":353.0,"c":1,"s":"N21","n":0}},{"type":"Feature","geometry":{"type":"Point","coordinates":[130.677,-18.0659]},"properties":{"d":"2026-09-15","t":"0419","frp":13.1,"b":350.4,"c":1,"s":"N21","n":0}},{"type":"Feature","geometry":{"type":"Point","coordinates":[130.6758,-18.0652]},"properties":{"d":"2026-09-15","t":"0419","frp":13.9,"b":349.2,"c":1,"s":"N21","n":0}},{"type":"Feature","geometry":{"type":"Point","coordinates":[130.6694,-18.0609]},"properties":{"d":"2026-09-15","t":"0419","frp":12.4,"b":342.1,"c":1,"s":"N21","n":0}},{"type":"Feature","geometry":{"type":"Point","coordinates":[130.664,-18.0572]},"properties":{"d":"2026-09-15","t":"0419","frp":9.1,"b":344.1,"c":1,"s":"N21","n":0}},{"type":"Feature","geometry":{"type":"Point","coordinates":[130.6629,-18.0566]},"properties":{"d":"2026-09-15","t":"0419","frp":7.7,"b":344.6,"c":1,"s":"N21","n":0}},{"type":"Feature","geometry":{"type":"Point","coordinates":[130.6688,-18.0559]},"properties":{"d":"2026-09-15","t":"0419","frp":7.7,"b":334.9,"c":0,"s":"N21","n":0}},{"type":"Feature","geometry":{"type":"Point","coordinates":[130.6398,-18.0548]},"properties":{"d":"2026-09-15","t":"0419","frp":6.2,"b":341.9,"c":1,"s":"N21","n":0}},{"type":"Feature","geometry":{"type":"Point","coordinates":[137.9724,-18.0538]},"properties":{"d":"2026-09-15","t":"0419","frp":3.1,"b":335.3,"c":0,"s":"N21","n":0}},{"type":"Feature","geometry":{"type":"Point","coordinates":[138.9372,-18.0422]},"properties":{"d":"2026-09-15","t":"0419","frp":8.4,"b":347.3,"c":1,"s":"N21","n":0}},{"type":"Feature","geometry":{"type":"Point","coordinates":[138.9367,-18.0389]},"properties":{"d":"2026-09-15","t":"0419","frp":8.4,"b":346.6,"c":0,"s":"N21","n":0}},{"type":"Feature","geometry":{"type":"Point","coordinates":[138.9361,-18.0356]},"properties":{"d":"2026-09-15","t":"0419","frp":56.6,"b":367.0,"c":0,"s":"N21","n":0}},{"type":"Feature","geometry":{"type":"Point","coordinates":[138.8601,-18.0234]},"properties":{"d":"2026-09-15","t":"0419","frp":14.4,"b":352.9,"c":1,"s":"N21","n":0}},{"type":"Feature","geometry":{"type":"Point","coordinates":[138.9669,-17.953]},"properties":{"d":"2026-09-15","t":"0419","frp":12.1,"b":348.0,"c":1,"s":"N21","n":0}},{"type":"Feature","geometry":{"type":"Point","coordinates":[130.8102,-17.9446]},"properties":{"d":"2026-09-15","t":"0419","frp":17.7,"b":339.2,"c":0,"s":"N21","n":0}},{"type":"Feature","geometry":{"type":"Point","coordinates":[130.816,-17.944]},"properties":{"d":"2026-09-15","t":"0419","frp":32.1,"b":355.1,"c":1,"s":"N21","n":0}},{"type":"Feature","geometry":{"type":"Point","coordinates":[130.8131,-17.9425]},"properties":{"d":"2026-09-15","t":"0419","frp":29.9,"b":348.5,"c":1,"s":"N21","n":0}},{"type":"Feature","geometry":{"type":"Point","coordinates":[130.8189,-17.9418]},"properties":{"d":"2026-09-15","t":"0419","frp":24.0,"b":348.6,"c":1,"s":"N21","n":0}},{"type":"Feature","geometry":{"type":"Point","coordinates":[130.8391,-17.9415]},"properties":{"d":"2026-09-15","t":"0419","frp":10.4,"b":352.9,"c":1,"s":"N21","n":0}},{"type":"Feature","geometry":{"type":"Point","coordinates":[130.8419,-17.9391]},"properties":{"d":"2026-09-15","t":"0419","frp":6.3,"b":341.3,"c":1,"s":"N21","n":0}},{"type":"Feature","geometry":{"type":"Point","coordinates":[130.7947,-17.9346]},"properties":{"d":"2026-09-15","t":"0419","frp":7.6,"b":338.6,"c":0,"s":"N21","n":0}},{"type":"Feature","geometry":{"type":"Point","coordinates":[130.8207,-17.9335]},"properties":{"d":"2026-09-15","t":"0419","frp":20.6,"b":343.0,"c":1,"s":"N21","n":0}},{"type":"Feature","geometry":{"type":"Point","coordinates":[130.8121,-17.9326]},"properties":{"d":"2026-09-15","t":"0419","frp":12.7,"b":343.0,"c":1,"s":"N21","n":0}},{"type":"Feature","geometry":{"type":"Point","coordinates":[130.8178,-17.932]},"properties":{"d":"2026-09-15","t":"0419","frp":13.2,"b":367.0,"c":2,"s":"N21","n":0}},{"type":"Feature","geometry":{"type":"Point","coordinates":[130.7912,-17.9317]},"properties":{"d":"2026-09-15","t":"0419","frp":16.3,"b":339.0,"c":1,"s":"N21","n":0}},{"type":"Feature","geometry":{"type":"Point","coordinates":[130.8236,-17.9313]},"properties":{"d":"2026-09-15","t":"0419","frp":13.2,"b":346.5,"c":1,"s":"N21","n":0}},{"type":"Feature","geometry":{"type":"Point","coordinates":[130.8028,-17.9304]},"properties":{"d":"2026-09-15","t":"0419","frp":12.8,"b":342.9,"c":1,"s":"N21","n":0}},{"type":"Feature","geometry":{"type":"Point","coordinates":[130.7884,-17.9304]},"properties":{"d":"2026-09-15","t":"0419","frp":8.8,"b":339.7,"c":0,"s":"N21","n":0}},{"type":"Feature","geometry":{"type":"Point","coordinates":[130.8086,-17.9298]},"properties":{"d":"2026-09-15","t":"0419","frp":12.8,"b":350.1,"c":1,"s":"N21","n":0}},{"type":"Feature","geometry":{"type":"Point","coordinates":[130.7942,-17.9297]},"properties":{"d":"2026-09-15","t":"0419","frp":7.6,"b":340.6,"c":1,"s":"N21","n":0}},{"type":"Feature","geometry":{"type":"Point","coordinates":[130.8144,-17.9292]},"properties":{"d":"2026-09-15","t":"0419","frp":28.4,"b":367.0,"c":2,"s":"N21","n":0}},{"type":"Feature","geometry":{"type":"Point","coordinates":[130.8,-17.929]},"properties":{"d":"2026-09-15","t":"0419","frp":7.6,"b":346.4,"c":1,"s":"N21","n":0}},{"type":"Feature","geometry":{"type":"Point","coordinates":[130.8202,-17.9286]},"properties":{"d":"2026-09-15","t":"0419","frp":28.4,"b":367.0,"c":2,"s":"N21","n":0}},{"type":"Feature","geometry":{"type":"Point","coordinates":[130.8057,-17.9283]},"properties":{"d":"2026-09-15","t":"0419","frp":12.7,"b":349.9,"c":1,"s":"N21","n":0}},{"type":"Feature","geometry":{"type":"Point","coordinates":[130.8259,-17.9279]},"properties":{"d":"2026-09-15","t":"0419","frp":11.5,"b":342.8,"c":1,"s":"N21","n":0}},{"type":"Feature","geometry":{"type":"Point","coordinates":[130.8115,-17.9277]},"properties":{"d":"2026-09-15","t":"0419","frp":12.7,"b":354.3,"c":1,"s":"N21","n":0}},{"type":"Feature","geometry":{"type":"Point","coordinates":[130.7849,-17.9274]},"properties":{"d":"2026-09-15","t":"0419","frp":18.8,"b":352.1,"c":1,"s":"N21","n":0}},{"type":"Feature","geometry":{"type":"Point","coordinates":[130.8173,-17.927]},"properties":{"d":"2026-09-15","t":"0419","frp":13.2,"b":349.0,"c":1,"s":"N21","n":0}},{"type":"Feature","geometry":{"type":"Point","coordinates":[130.7907,-17.9267]},"properties":{"d":"2026-09-15","t":"0419","frp":16.3,"b":367.0,"c":2,"s":"N21","n":0}},{"type":"Feature","geometry":{"type":"Point","coordinates":[130.823,-17.9264]},"properties":{"d":"2026-09-15","t":"0419","frp":13.2,"b":348.1,"c":1,"s":"N21","n":0}},{"type":"Feature","geometry":{"type":"Point","coordinates":[130.7965,-17.9261]},"properties":{"d":"2026-09-15","t":"0419","frp":16.3,"b":367.0,"c":2,"s":"N21","n":0}},{"type":"Feature","geometry":{"type":"Point","coordinates":[130.8288,-17.9257]},"properties":{"d":"2026-09-15","t":"0419","frp":11.6,"b":339.3,"c":0,"s":"N21","n":0}},{"type":"Feature","geometry":{"type":"Point","coordinates":[130.8023,-17.9255]},"properties":{"d":"2026-09-15","t":"0419","frp":12.8,"b":367.0,"c":2,"s":"N21","n":0}},{"type":"Feature","geometry":{"type":"Point","coordinates":[130.7879,-17.9254]},"properties":{"d":"2026-09-15","t":"0419","frp":289.5,"b":367.0,"c":0,"s":"N21","n":0}},{"type":"Feature","geometry":{"type":"Point","coordinates":[130.8081,-17.9249]},"properties":{"d":"2026-09-15","t":"0419","frp":12.8,"b":350.9,"c":1,"s":"N21","n":0}},{"type":"Feature","geometry":{"type":"Point","coordinates":[130.7937,-17.9247]},"properties":{"d":"2026-09-15","t":"0419","frp":151.5,"b":367.0,"c":0,"s":"N21","n":0}},{"type":"Feature","geometry":{"type":"Point","coordinates":[130.7995,-17.9241]},"properties":{"d":"2026-09-15","t":"0419","frp":151.5,"b":367.0,"c":2,"s":"N21","n":0}},{"type":"Feature","geometry":{"type":"Point","coordinates":[130.8052,-17.9234]},"properties":{"d":"2026-09-15","t":"0419","frp":28.4,"b":354.9,"c":1,"s":"N21","n":0}},{"type":"Feature","geometry":{"type":"Point","coordinates":[130.8312,-17.9224]},"properties":{"d":"2026-09-15","t":"0419","frp":11.5,"b":339.4,"c":0,"s":"N21","n":0}},{"type":"Feature","geometry":{"type":"Point","coordinates":[130.7757,-17.9218]},"properties":{"d":"2026-09-15","t":"0419","frp":9.4,"b":339.0,"c":0,"s":"N21","n":0}},{"type":"Feature","geometry":{"type":"Point","coordinates":[130.7815,-17.9211]},"properties":{"d":"2026-09-15","t":"0419","frp":289.5,"b":344.5,"c":1,"s":"N21","n":0}},{"type":"Feature","geometry":{"type":"Point","coordinates":[130.7873,-17.9205]},"properties":{"d":"2026-09-15","t":"0419","frp":289.5,"b":367.0,"c":0,"s":"N21","n":0}},{"type":"Feature","geometry":{"type":"Point","coordinates":[130.7989,-17.9191]},"properties":{"d":"2026-09-15","t":"0419","frp":151.5,"b":339.9,"c":1,"s":"N21","n":0}},{"type":"Feature","geometry":{"type":"Point","coordinates":[138.8056,-17.675]},"properties":{"d":"2026-09-15","t":"0419","frp":6.7,"b":337.0,"c":1,"s":"N21","n":0}},{"type":"Feature","geometry":{"type":"Point","coordinates":[138.8092,-17.6745]},"properties":{"d":"2026-09-15","t":"0419","frp":9.5,"b":338.1,"c":0,"s":"N21","n":0}},{"type":"Feature","geometry":{"type":"Point","coordinates":[138.8195,-17.6695]},"properties":{"d":"2026-09-15","t":"0419","frp":8.9,"b":342.9,"c":1,"s":"N21","n":0}},{"type":"Feature","geometry":{"type":"Point","coordinates":[138.8081,-17.6679]},"properties":{"d":"2026-09-15","t":"0419","frp":7.4,"b":343.9,"c":1,"s":"N21","n":0}},{"type":"Feature","geometry":{"type":"Point","coordinates":[138.8117,-17.6673]},"properties":{"d":"2026-09-15","t":"0419","frp":7.4,"b":344.5,"c":1,"s":"N21","n":0}},{"type":"Feature","geometry":{"type":"Point","coordinates":[138.8153,-17.6668]},"properties":{"d":"2026-09-15","t":"0419","frp":6.1,"b":346.6,"c":1,"s":"N21","n":0}},{"type":"Feature","geometry":{"type":"Point","coordinates":[130.7075,-17.4619]},"properties":{"d":"2026-09-15","t":"0419","frp":4.4,"b":334.9,"c":0,"s":"N21","n":0}},{"type":"Feature","geometry":{"type":"Point","coordinates":[130.8741,-17.4578]},"properties":{"d":"2026-09-15","t":"0419","frp":18.4,"b":342.7,"c":1,"s":"N21","n":0}},{"type":"Feature","geometry":{"type":"Point","coordinates":[130.8798,-17.4572]},"properties":{"d":"2026-09-15","t":"0419","frp":70.5,"b":367.0,"c":2,"s":"N21","n":0}},{"type":"Feature","geometry":{"type":"Point","coordinates":[130.8854,-17.4565]},"properties":{"d":"2026-09-15","t":"0419","frp":70.5,"b":341.6,"c":1,"s":"N21","n":0}},{"type":"Feature","geometry":{"type":"Point","coordinates":[130.8735,-17.453]},"properties":{"d":"2026-09-15","t":"0419","frp":18.4,"b":347.7,"c":1,"s":"N21","n":0}},{"type":"Feature","geometry":{"type":"Point","coordinates":[130.8849,-17.4517]},"properties":{"d":"2026-09-15","t":"0419","frp":70.5,"b":367.0,"c":2,"s":"N21","n":0}},{"type":"Feature","geometry":{"type":"Point","coordinates":[130.8905,-17.451]},"properties":{"d":"2026-09-15","t":"0419","frp":4.2,"b":338.1,"c":1,"s":"N21","n":0}},{"type":"Feature","geometry":{"type":"Point","coordinates":[130.6889,-17.4489]},"properties":{"d":"2026-09-15","t":"0419","frp":10.6,"b":348.4,"c":1,"s":"N21","n":0}},{"type":"Feature","geometry":{"type":"Point","coordinates":[130.8672,-17.4487]},"properties":{"d":"2026-09-15","t":"0419","frp":9.4,"b":343.9,"c":1,"s":"N21","n":0}},{"type":"Feature","geometry":{"type":"Point","coordinates":[130.8728,-17.4481]},"properties":{"d":"2026-09-15","t":"0419","frp":9.4,"b":340.7,"c":0,"s":"N21","n":0}},{"type":"Feature","geometry":{"type":"Point","coordinates":[130.6179,-17.4468]},"properties":{"d":"2026-09-15","t":"0419","frp":4.2,"b":340.6,"c":1,"s":"N21","n":0}},{"type":"Feature","geometry":{"type":"Point","coordinates":[130.8898,-17.4461]},"properties":{"d":"2026-09-15","t":"0419","frp":9.4,"b":339.6,"c":1,"s":"N21","n":0}},{"type":"Feature","geometry":{"type":"Point","coordinates":[130.5823,-17.4457]},"properties":{"d":"2026-09-15","t":"0419","frp":8.4,"b":345.6,"c":1,"s":"N21","n":0}},{"type":"Feature","geometry":{"type":"Point","coordinates":[130.8955,-17.4455]},"properties":{"d":"2026-09-15","t":"0419","frp":9.4,"b":341.9,"c":1,"s":"N21","n":0}},{"type":"Feature","geometry":{"type":"Point","coordinates":[130.5881,-17.445]},"properties":{"d":"2026-09-15","t":"0419","frp":15.1,"b":348.9,"c":1,"s":"N21","n":0}},{"type":"Feature","geometry":{"type":"Point","coordinates":[130.581,-17.4448]},"properties":{"d":"2026-09-15","t":"0419","frp":8.3,"b":343.7,"c":1,"s":"N21","n":0}},{"type":"Feature","geometry":{"type":"Point","coordinates":[130.8609,-17.4445]},"properties":{"d":"2026-09-15","t":"0419","frp":10.1,"b":343.6,"c":1,"s":"N21","n":0}},{"type":"Feature","geometry":{"type":"Point","coordinates":[130.5868,-17.4441]},"properties":{"d":"2026-09-15","t":"0419","frp":8.3,"b":342.8,"c":1,"s":"N21","n":0}},{"type":"Feature","geometry":{"type":"Point","coordinates":[130.8665,-17.4439]},"properties":{"d":"2026-09-15","t":"0419","frp":9.4,"b":348.6,"c":1,"s":"N21","n":0}},{"type":"Feature","geometry":{"type":"Point","coordinates":[130.5997,-17.4438]},"properties":{"d":"2026-09-15","t":"0419","frp":5.6,"b":340.6,"c":1,"s":"N21","n":0}},{"type":"Feature","geometry":{"type":"Point","coordinates":[130.5926,-17.4434]},"properties":{"d":"2026-09-15","t":"0419","frp":7.7,"b":336.8,"c":0,"s":"N21","n":0}},{"type":"Feature","geometry":{"type":"Point","coordinates":[130.5984,-17.4427]},"properties":{"d":"2026-09-15","t":"0419","frp":7.7,"b":336.8,"c":0,"s":"N21","n":0}},{"type":"Feature","geometry":{"type":"Point","coordinates":[130.6043,-17.442]},"properties":{"d":"2026-09-15","t":"0419","frp":10.2,"b":335.0,"c":0,"s":"N21","n":0}},{"type":"Feature","geometry":{"type":"Point","coordinates":[130.5816,-17.4407]},"properties":{"d":"2026-09-15","t":"0419","frp":7.0,"b":338.0,"c":1,"s":"N21","n":0}},{"type":"Feature","geometry":{"type":"Point","coordinates":[130.8546,-17.4403]},"properties":{"d":"2026-09-15","t":"0419","frp":12.7,"b":348.1,"c":1,"s":"N21","n":0}},{"type":"Feature","geometry":{"type":"Point","coordinates":[130.5804,-17.4398]},"properties":{"d":"2026-09-15","t":"0419","frp":8.3,"b":334.6,"c":0,"s":"N21","n":0}},{"type":"Feature","geometry":{"type":"Point","coordinates":[130.6407,-17.4392]},"properties":{"d":"2026-09-15","t":"0419","frp":5.4,"b":334.4,"c":0,"s":"N21","n":0}},{"type":"Feature","geometry":{"type":"Point","coordinates":[130.8716,-17.4383]},"properties":{"d":"2026-09-15","t":"0419","frp":17.4,"b":343.7,"c":1,"s":"N21","n":0}},{"type":"Feature","geometry":{"type":"Point","coordinates":[130.605,-17.4381]},"properties":{"d":"2026-09-15","t":"0419","frp":9.6,"b":345.6,"c":1,"s":"N21","n":0}},{"type":"Feature","geometry":{"type":"Point","coordinates":[130.6395,-17.4379]},"properties":{"d":"2026-09-15","t":"0419","frp":7.5,"b":341.5,"c":1,"s":"N21","n":0}},{"type":"Feature","geometry":{"type":"Point","coordinates":[130.8773,-17.4377]},"properties":{"d":"2026-09-15","t":"0419","frp":18.4,"b":367.0,"c":2,"s":"N21","n":0}},{"type":"Feature","geometry":{"type":"Point","coordinates":[130.6453,-17.4372]},"properties":{"d":"2026-09-15","t":"0419","frp":7.5,"b":331.2,"c":1,"s":"N21","n":0}},{"type":"Feature","geometry":{"type":"Point","coordinates":[130.8829,-17.437]},"properties":{"d":"2026-09-15","t":"0419","frp":18.4,"b":348.4,"c":1,"s":"N21","n":0}},{"type":"Feature","geometry":{"type":"Point","coordinates":[130.8541,-17.4354]},"properties":{"d":"2026-09-15","t":"0419","frp":12.7,"b":349.5,"c":1,"s":"N21","n":0}},{"type":"Feature","geometry":{"type":"Point","coordinates":[130.9,-17.4351]},"properties":{"d":"2026-09-15","t":"0419","frp":8.5,"b":340.3,"c":0,"s":"N21","n":0}},{"type":"Feature","geometry":{"type":"Point","coordinates":[130.6344,-17.4349]},"properties":{"d":"2026-09-15","t":"0419","frp":7.7,"b":335.9,"c":0,"s":"N21","n":0}},{"type":"Feature","geometry":{"type":"Point","coordinates":[130.6402,-17.4343]},"properties":{"d":"2026-09-15","t":"0419","frp":7.7,"b":350.0,"c":1,"s":"N21","n":0}},{"type":"Feature","geometry":{"type":"Point","coordinates":[130.6389,-17.4329]},"properties":{"d":"2026-09-15","t":"0419","frp":7.5,"b":341.8,"c":1,"s":"N21","n":0}},{"type":"Feature","geometry":{"type":"Point","coordinates":[130.6338,-17.4299]},"properties":{"d":"2026-09-15","t":"0419","frp":7.7,"b":341.0,"c":1,"s":"N21","n":0}},{"type":"Feature","geometry":{"type":"Point","coordinates":[130.6325,-17.4287]},"properties":{"d":"2026-09-15","t":"0419","frp":9.3,"b":341.4,"c":1,"s":"N21","n":0}},{"type":"Feature","geometry":{"type":"Point","coordinates":[130.5797,-17.4258]},"properties":{"d":"2026-09-15","t":"0419","frp":30.6,"b":351.2,"c":1,"s":"N21","n":0}},{"type":"Feature","geometry":{"type":"Point","coordinates":[130.6274,-17.4256]},"properties":{"d":"2026-09-15","t":"0419","frp":18.8,"b":341.3,"c":1,"s":"N21","n":0}},{"type":"Feature","geometry":{"type":"Point","coordinates":[130.5786,-17.4249]},"properties":{"d":"2026-09-15","t":"0419","frp":14.1,"b":344.0,"c":1,"s":"N21","n":0}},{"type":"Feature","geometry":{"type":"Point","coordinates":[130.6261,-17.4244]},"properties":{"d":"2026-09-15","t":"0419","frp":9.3,"b":342.6,"c":1,"s":"N21","n":0}},{"type":"Feature","geometry":{"type":"Point","coordinates":[130.5845,-17.4242]},"properties":{"d":"2026-09-15","t":"0419","frp":14.1,"b":331.8,"c":0,"s":"N21","n":0}},{"type":"Feature","geometry":{"type":"Point","coordinates":[130.6319,-17.4237]},"properties":{"d":"2026-09-15","t":"0419","frp":9.3,"b":340.7,"c":1,"s":"N21","n":0}},{"type":"Feature","geometry":{"type":"Point","coordinates":[130.6093,-17.4226]},"properties":{"d":"2026-09-15","t":"0419","frp":10.9,"b":339.2,"c":0,"s":"N21","n":0}},{"type":"Feature","geometry":{"type":"Point","coordinates":[130.6022,-17.4221]},"properties":{"d":"2026-09-15","t":"0419","frp":7.8,"b":338.1,"c":1,"s":"N21","n":0}},{"type":"Feature","geometry":{"type":"Point","coordinates":[130.6152,-17.4219]},"properties":{"d":"2026-09-15","t":"0419","frp":10.9,"b":351.1,"c":1,"s":"N21","n":0}},{"type":"Feature","geometry":{"type":"Point","coordinates":[130.6081,-17.4215]},"properties":{"d":"2026-09-15","t":"0419","frp":7.8,"b":340.4,"c":1,"s":"N21","n":0}},{"type":"Feature","geometry":{"type":"Point","coordinates":[130.621,-17.4213]},"properties":{"d":"2026-09-15","t":"0419","frp":18.8,"b":367.0,"c":2,"s":"N21","n":0}},{"type":"Feature","geometry":{"type":"Point","coordinates":[130.614,-17.4208]},"properties":{"d":"2026-09-15","t":"0419","frp":20.0,"b":349.5,"c":1,"s":"N21","n":0}},{"type":"Feature","geometry":{"type":"Point","coordinates":[130.6268,-17.4207]},"properties":{"d":"2026-09-15","t":"0419","frp":18.8,"b":347.4,"c":1,"s":"N21","n":0}},{"type":"Feature","geometry":{"type":"Point","coordinates":[130.6197,-17.4201]},"properties":{"d":"2026-09-15","t":"0419","frp":20.0,"b":351.7,"c":1,"s":"N21","n":0}},{"type":"Feature","geometry":{"type":"Point","coordinates":[130.591,-17.4195]},"properties":{"d":"2026-09-15","t":"0419","frp":10.6,"b":346.1,"c":1,"s":"N21","n":0}},{"type":"Feature","geometry":{"type":"Point","coordinates":[130.6255,-17.4194]},"properties":{"d":"2026-09-15","t":"0419","frp":20.6,"b":345.7,"c":1,"s":"N21","n":0}},{"type":"Feature","geometry":{"type":"Point","coordinates":[130.597,-17.4189]},"properties":{"d":"2026-09-15","t":"0419","frp":13.1,"b":344.0,"c":1,"s":"N21","n":0}},{"type":"Feature","geometry":{"type":"Point","coordinates":[130.5898,-17.4185]},"properties":{"d":"2026-09-15","t":"0419","frp":11.4,"b":341.4,"c":1,"s":"N21","n":0}},{"type":"Feature","geometry":{"type":"Point","coordinates":[130.5958,-17.4179]},"properties":{"d":"2026-09-15","t":"0419","frp":11.4,"b":339.4,"c":1,"s":"N21","n":0}},{"type":"Feature","geometry":{"type":"Point","coordinates":[130.9033,-17.415]},"properties":{"d":"2026-09-15","t":"0419","frp":12.2,"b":342.9,"c":1,"s":"N21","n":0}},{"type":"Feature","geometry":{"type":"Point","coordinates":[130.863,-17.4146]},"properties":{"d":"2026-09-15","t":"0419","frp":15.7,"b":344.1,"c":1,"s":"N21","n":0}},{"type":"Feature","geometry":{"type":"Point","coordinates":[130.9277,-17.3939]},"properties":{"d":"2026-09-15","t":"0419","frp":16.6,"b":346.8,"c":1,"s":"N21","n":0}},{"type":"Feature","geometry":{"type":"Point","coordinates":[130.9233,-17.393]},"properties":{"d":"2026-09-15","t":"0419","frp":11.2,"b":346.7,"c":1,"s":"N21","n":0}},{"type":"Feature","geometry":{"type":"Point","coordinates":[130.9289,-17.3924]},"properties":{"d":"2026-09-15","t":"0419","frp":6.2,"b":340.7,"c":1,"s":"N21","n":0}},{"type":"Feature","geometry":{"type":"Point","coordinates":[130.8945,-17.3913]},"properties":{"d":"2026-09-15","t":"0419","frp":10.1,"b":336.8,"c":0,"s":"N21","n":0}},{"type":"Feature","geometry":{"type":"Point","coordinates":[130.9216,-17.3897]},"properties":{"d":"2026-09-15","t":"0419","frp":16.6,"b":367.0,"c":2,"s":"N21","n":0}},{"type":"Feature","geometry":{"type":"Point","coordinates":[130.9172,-17.3888]},"properties":{"d":"2026-09-15","t":"0419","frp":11.2,"b":345.6,"c":1,"s":"N21","n":0}},{"type":"Feature","geometry":{"type":"Point","coordinates":[130.9228,-17.3882]},"properties":{"d":"2026-09-15","t":"0419","frp":11.2,"b":341.8,"c":1,"s":"N21","n":0}},{"type":"Feature","geometry":{"type":"Point","coordinates":[130.8928,-17.3881]},"properties":{"d":"2026-09-15","t":"0419","frp":4.8,"b":344.3,"c":1,"s":"N21","n":0}},{"type":"Feature","geometry":{"type":"Point","coordinates":[130.9154,-17.3855]},"properties":{"d":"2026-09-15","t":"0419","frp":13.5,"b":367.0,"c":2,"s":"N21","n":0}},{"type":"Feature","geometry":{"type":"Point","coordinates":[130.9165,-17.3839]},"properties":{"d":"2026-09-15","t":"0419","frp":5.2,"b":342.2,"c":1,"s":"N21","n":0}},{"type":"Feature","geometry":{"type":"Point","coordinates":[128.9038,-17.0476]},"properties":{"d":"2026-09-15","t":"0419","frp":9.9,"b":353.6,"c":1,"s":"N21","n":0}},{"type":"Feature","geometry":{"type":"Point","coordinates":[141.949,-16.9535]},"properties":{"d":"2026-09-15","t":"0419","frp":13.1,"b":345.1,"c":1,"s":"N21","n":0}},{"type":"Feature","geometry":{"type":"Point","coordinates":[135.5371,-16.707]},"properties":{"d":"2026-09-15","t":"0419","frp":10.4,"b":349.3,"c":1,"s":"N21","n":0}},{"type":"Feature","geometry":{"type":"Point","coordinates":[136.8957,-16.5012]},"properties":{"d":"2026-09-15","t":"0419","frp":4.4,"b":330.0,"c":0,"s":"N21","n":0}},{"type":"Feature","geometry":{"type":"Point","coordinates":[136.8952,-16.4978]},"properties":{"d":"2026-09-15","t":"0419","frp":5.4,"b":345.7,"c":1,"s":"N21","n":0}},{"type":"Feature","geometry":{"type":"Point","coordinates":[136.8833,-16.496]},"properties":{"d":"2026-09-15","t":"0419","frp":6.4,"b":332.9,"c":1,"s":"N21","n":0}},{"type":"Feature","geometry":{"type":"Point","coordinates":[136.8871,-16.4955]},"properties":{"d":"2026-09-15","t":"0419","frp":8.2,"b":348.2,"c":1,"s":"N21","n":0}},{"type":"Feature","geometry":{"type":"Point","coordinates":[136.8909,-16.4949]},"properties":{"d":"2026-09-15","t":"0419","frp":8.2,"b":333.8,"c":1,"s":"N21","n":0}},{"type":"Feature","geometry":{"type":"Point","coordinates":[128.2448,-16.3919]},"properties":{"d":"2026-09-15","t":"0419","frp":6.3,"b":333.8,"c":0,"s":"N21","n":0}},{"type":"Feature","geometry":{"type":"Point","coordinates":[130.3689,-16.2226]},"properties":{"d":"2026-09-15","t":"0419","frp":20.2,"b":346.9,"c":1,"s":"N21","n":0}},{"type":"Feature","geometry":{"type":"Point","coordinates":[130.3307,-16.2119]},"properties":{"d":"2026-09-15","t":"0419","frp":15.6,"b":346.8,"c":1,"s":"N21","n":0}},{"type":"Feature","geometry":{"type":"Point","coordinates":[130.3366,-16.2112]},"properties":{"d":"2026-09-15","t":"0419","frp":15.9,"b":343.2,"c":1,"s":"N21","n":0}},{"type":"Feature","geometry":{"type":"Point","coordinates":[130.3484,-16.2098]},"properties":{"d":"2026-09-15","t":"0419","frp":12.7,"b":352.5,"c":1,"s":"N21","n":0}},{"type":"Feature","geometry":{"type":"Point","coordinates":[130.3322,-16.1904]},"properties":{"d":"2026-09-15","t":"0419","frp":13.3,"b":336.7,"c":0,"s":"N21","n":0}},{"type":"Feature","geometry":{"type":"Point","coordinates":[130.3364,-16.1697]},"properties":{"d":"2026-09-15","t":"0419","frp":6.4,"b":332.6,"c":0,"s":"N21","n":0}},{"type":"Feature","geometry":{"type":"Point","coordinates":[130.5124,-16.1288]},"properties":{"d":"2026-09-15","t":"0419","frp":20.6,"b":346.8,"c":1,"s":"N21","n":0}},{"type":"Feature","geometry":{"type":"Point","coordinates":[130.6176,-16.029]},"properties":{"d":"2026-09-15","t":"0419","frp":17.4,"b":343.6,"c":1,"s":"N21","n":0}},{"type":"Feature","geometry":{"type":"Point","coordinates":[130.6196,-16.027]},"properties":{"d":"2026-09-15","t":"0419","frp":17.4,"b":353.2,"c":1,"s":"N21","n":0}},{"type":"Feature","geometry":{"type":"Point","coordinates":[130.6225,-16.0235]},"properties":{"d":"2026-09-15","t":"0419","frp":16.1,"b":343.6,"c":1,"s":"N21","n":0}},{"type":"Feature","geometry":{"type":"Point","coordinates":[130.619,-16.0222]},"properties":{"d":"2026-09-15","t":"0419","frp":17.4,"b":349.4,"c":1,"s":"N21","n":0}},{"type":"Feature","geometry":{"type":"Point","coordinates":[130.3951,-15.9856]},"properties":{"d":"2026-09-15","t":"0419","frp":16.0,"b":352.5,"c":1,"s":"N21","n":0}},{"type":"Feature","geometry":{"type":"Point","coordinates":[130.4009,-15.9849]},"properties":{"d":"2026-09-15","t":"0419","frp":15.7,"b":352.7,"c":1,"s":"N21","n":0}},{"type":"Feature","geometry":{"type":"Point","coordinates":[130.4067,-15.9843]},"properties":{"d":"2026-09-15","t":"0419","frp":15.7,"b":346.3,"c":1,"s":"N21","n":0}},{"type":"Feature","geometry":{"type":"Point","coordinates":[130.4125,-15.9836]},"properties":{"d":"2026-09-15","t":"0419","frp":13.2,"b":348.6,"c":1,"s":"N21","n":0}},{"type":"Feature","geometry":{"type":"Point","coordinates":[130.3945,-15.9807]},"properties":{"d":"2026-09-15","t":"0419","frp":16.0,"b":351.5,"c":1,"s":"N21","n":0}},{"type":"Feature","geometry":{"type":"Point","coordinates":[130.3938,-15.9757]},"properties":{"d":"2026-09-15","t":"0419","frp":33.2,"b":351.1,"c":1,"s":"N21","n":0}},{"type":"Feature","geometry":{"type":"Point","coordinates":[130.3808,-15.9303]},"properties":{"d":"2026-09-15","t":"0419","frp":41.5,"b":354.7,"c":1,"s":"N21","n":0}},{"type":"Feature","geometry":{"type":"Point","coordinates":[130.3865,-15.9296]},"properties":{"d":"2026-09-15","t":"0419","frp":7.2,"b":335.6,"c":1,"s":"N21","n":0}},{"type":"Feature","geometry":{"type":"Point","coordinates":[144.8134,-15.6684]},"properties":{"d":"2026-09-15","t":"0419","frp":10.7,"b":343.5,"c":1,"s":"N21","n":0}},{"type":"Feature","geometry":{"type":"Point","coordinates":[144.8086,-15.6649]},"properties":{"d":"2026-09-15","t":"0419","frp":14.8,"b":354.8,"c":1,"s":"N21","n":0}},{"type":"Feature","geometry":{"type":"Point","coordinates":[144.8062,-15.6628]},"properties":{"d":"2026-09-15","t":"0419","frp":7.9,"b":339.0,"c":1,"s":"N21","n":0}},{"type":"Feature","geometry":{"type":"Point","coordinates":[144.8104,-15.6621]},"properties":{"d":"2026-09-15","t":"0419","frp":7.9,"b":339.4,"c":1,"s":"N21","n":0}},{"type":"Feature","geometry":{"type":"Point","coordinates":[134.0893,-15.6132]},"properties":{"d":"2026-09-15","t":"0419","frp":27.8,"b":344.6,"c":1,"s":"N21","n":0}},{"type":"Feature","geometry":{"type":"Point","coordinates":[134.0888,-15.6094]},"properties":{"d":"2026-09-15","t":"0419","frp":27.8,"b":351.1,"c":1,"s":"N21","n":0}},{"type":"Feature","geometry":{"type":"Point","coordinates":[134.0858,-15.6078]},"properties":{"d":"2026-09-15","t":"0419","frp":15.1,"b":347.0,"c":1,"s":"N21","n":0}},{"type":"Feature","geometry":{"type":"Point","coordinates":[134.0882,-15.6055]},"properties":{"d":"2026-09-15","t":"0419","frp":77.0,"b":346.8,"c":1,"s":"N21","n":0}},{"type":"Feature","geometry":{"type":"Point","coordinates":[134.0932,-15.6049]},"properties":{"d":"2026-09-15","t":"0419","frp":77.0,"b":367.0,"c":2,"s":"N21","n":0}},{"type":"Feature","geometry":{"type":"Point","coordinates":[134.0853,-15.604]},"properties":{"d":"2026-09-15","t":"0419","frp":15.1,"b":344.1,"c":1,"s":"N21","n":0}},{"type":"Feature","geometry":{"type":"Point","coordinates":[134.0902,-15.6033]},"properties":{"d":"2026-09-15","t":"0419","frp":274.8,"b":367.0,"c":0,"s":"N21","n":0}},{"type":"Feature","geometry":{"type":"Point","coordinates":[134.0877,-15.6016]},"properties":{"d":"2026-09-15","t":"0419","frp":77.0,"b":345.1,"c":1,"s":"N21","n":0}},{"type":"Feature","geometry":{"type":"Point","coordinates":[134.0974,-15.5827]},"properties":{"d":"2026-09-15","t":"0419","frp":21.4,"b":345.4,"c":1,"s":"N21","n":0}},{"type":"Feature","geometry":{"type":"Point","coordinates":[134.1024,-15.582]},"properties":{"d":"2026-09-15","t":"0419","frp":21.4,"b":350.4,"c":1,"s":"N21","n":0}},{"type":"Feature","geometry":{"type":"Point","coordinates":[134.1074,-15.5814]},"properties":{"d":"2026-09-15","t":"0419","frp":13.2,"b":355.3,"c":1,"s":"N21","n":0}},{"type":"Feature","geometry":{"type":"Point","coordinates":[134.1123,-15.5807]},"properties":{"d":"2026-09-15","t":"0419","frp":13.2,"b":367.0,"c":2,"s":"N21","n":0}},{"type":"Feature","geometry":{"type":"Point","coordinates":[134.1167,-15.5762]},"properties":{"d":"2026-09-15","t":"0419","frp":10.4,"b":342.2,"c":1,"s":"N21","n":0}},{"type":"Feature","geometry":{"type":"Point","coordinates":[134.0958,-15.5711]},"properties":{"d":"2026-09-15","t":"0419","frp":11.9,"b":344.8,"c":0,"s":"N21","n":0}},{"type":"Feature","geometry":{"type":"Point","coordinates":[134.1107,-15.5691]},"properties":{"d":"2026-09-15","t":"0419","frp":24.3,"b":349.3,"c":1,"s":"N21","n":0}},{"type":"Feature","geometry":{"type":"Point","coordinates":[134.0855,-15.5686]},"properties":{"d":"2026-09-15","t":"0419","frp":27.2,"b":367.0,"c":2,"s":"N21","n":0}},{"type":"Feature","geometry":{"type":"Point","coordinates":[134.0953,-15.5673]},"properties":{"d":"2026-09-15","t":"0419","frp":10.4,"b":352.4,"c":1,"s":"N21","n":0}},{"type":"Feature","geometry":{"type":"Point","coordinates":[134.1003,-15.5666]},"properties":{"d":"2026-09-15","t":"0419","frp":10.4,"b":340.6,"c":0,"s":"N21","n":0}},{"type":"Feature","geometry":{"type":"Point","coordinates":[134.0751,-15.5661]},"properties":{"d":"2026-09-15","t":"0419","frp":17.5,"b":355.1,"c":1,"s":"N21","n":0}},{"type":"Feature","geometry":{"type":"Point","coordinates":[134.1052,-15.566]},"properties":{"d":"2026-09-15","t":"0419","frp":4.3,"b":342.2,"c":0,"s":"N21","n":0}},{"type":"Feature","geometry":{"type":"Point","coordinates":[134.0801,-15.5654]},"properties":{"d":"2026-09-15","t":"0419","frp":17.5,"b":367.0,"c":2,"s":"N21","n":0}},{"type":"Feature","geometry":{"type":"Point","coordinates":[134.0948,-15.5634]},"properties":{"d":"2026-09-15","t":"0419","frp":10.4,"b":348.2,"c":1,"s":"N21","n":0}},{"type":"Feature","geometry":{"type":"Point","coordinates":[134.0746,-15.5622]},"properties":{"d":"2026-09-15","t":"0419","frp":50.2,"b":354.8,"c":1,"s":"N21","n":0}},{"type":"Feature","geometry":{"type":"Point","coordinates":[134.0795,-15.5616]},"properties":{"d":"2026-09-15","t":"0419","frp":50.2,"b":354.9,"c":1,"s":"N21","n":0}},{"type":"Feature","geometry":{"type":"Point","coordinates":[134.0845,-15.5609]},"properties":{"d":"2026-09-15","t":"0419","frp":19.9,"b":344.0,"c":1,"s":"N21","n":0}},{"type":"Feature","geometry":{"type":"Point","coordinates":[134.0894,-15.5602]},"properties":{"d":"2026-09-15","t":"0419","frp":19.9,"b":355.6,"c":1,"s":"N21","n":0}},{"type":"Feature","geometry":{"type":"Point","coordinates":[134.074,-15.5584]},"properties":{"d":"2026-09-15","t":"0419","frp":50.2,"b":367.0,"c":2,"s":"N21","n":0}},{"type":"Feature","geometry":{"type":"Point","coordinates":[134.079,-15.5577]},"properties":{"d":"2026-09-15","t":"0419","frp":50.2,"b":352.5,"c":0,"s":"N21","n":0}},{"type":"Feature","geometry":{"type":"Point","coordinates":[134.0839,-15.557]},"properties":{"d":"2026-09-15","t":"0419","frp":19.9,"b":354.7,"c":1,"s":"N21","n":0}},{"type":"Feature","geometry":{"type":"Point","coordinates":[134.0784,-15.5539]},"properties":{"d":"2026-09-15","t":"0419","frp":108.9,"b":345.7,"c":1,"s":"N21","n":0}},{"type":"Feature","geometry":{"type":"Point","coordinates":[134.327,-15.5205]},"properties":{"d":"2026-09-15","t":"0419","frp":14.5,"b":355.3,"c":1,"s":"N21","n":0}},{"type":"Feature","geometry":{"type":"Point","coordinates":[134.3748,-15.5141]},"properties":{"d":"2026-09-15","t":"0419","frp":99.1,"b":367.0,"c":2,"s":"N21","n":0}},{"type":"Feature","geometry":{"type":"Point","coordinates":[134.3796,-15.5134]},"properties":{"d":"2026-09-15","t":"0419","frp":99.1,"b":367.0,"c":2,"s":"N21","n":0}},{"type":"Feature","geometry":{"type":"Point","coordinates":[134.3552,-15.5129]},"properties":{"d":"2026-09-15","t":"0419","frp":37.9,"b":338.8,"c":1,"s":"N21","n":0}},{"type":"Feature","geometry":{"type":"Point","coordinates":[134.3843,-15.5128]},"properties":{"d":"2026-09-15","t":"0419","frp":51.7,"b":367.0,"c":0,"s":"N21","n":0}},{"type":"Feature","geometry":{"type":"Point","coordinates":[134.3599,-15.5122]},"properties":{"d":"2026-09-15","t":"0419","frp":37.9,"b":344.3,"c":0,"s":"N21","n":0}},{"type":"Feature","geometry":{"type":"Point","coordinates":[134.3891,-15.5122]},"properties":{"d":"2026-09-15","t":"0419","frp":51.7,"b":367.0,"c":0,"s":"N21","n":0}},{"type":"Feature","geometry":{"type":"Point","coordinates":[134.3647,-15.5116]},"properties":{"d":"2026-09-15","t":"0419","frp":17.4,"b":354.7,"c":1,"s":"N21","n":0}},{"type":"Feature","geometry":{"type":"Point","coordinates":[134.3695,-15.5109]},"properties":{"d":"2026-09-15","t":"0419","frp":17.4,"b":353.3,"c":1,"s":"N21","n":0}},{"type":"Feature","geometry":{"type":"Point","coordinates":[134.3986,-15.5109]},"properties":{"d":"2026-09-15","t":"0419","frp":17.4,"b":345.8,"c":1,"s":"N21","n":0}},{"type":"Feature","geometry":{"type":"Point","coordinates":[134.3742,-15.5103]},"properties":{"d":"2026-09-15","t":"0419","frp":99.1,"b":367.0,"c":0,"s":"N21","n":0}},{"type":"Feature","geometry":{"type":"Point","coordinates":[134.4034,-15.5102]},"properties":{"d":"2026-09-15","t":"0419","frp":130.7,"b":352.6,"c":1,"s":"N21","n":0}},{"type":"Feature","geometry":{"type":"Point","coordinates":[134.379,-15.5097]},"properties":{"d":"2026-09-15","t":"0419","frp":99.1,"b":367.0,"c":2,"s":"N21","n":0}},{"type":"Feature","geometry":{"type":"Point","coordinates":[134.3838,-15.509]},"properties":{"d":"2026-09-15","t":"0419","frp":51.7,"b":343.3,"c":1,"s":"N21","n":0}},{"type":"Feature","geometry":{"type":"Point","coordinates":[134.3595,-15.5084]},"properties":{"d":"2026-09-15","t":"0419","frp":22.4,"b":345.9,"c":1,"s":"N21","n":0}},{"type":"Feature","geometry":{"type":"Point","coordinates":[134.3447,-15.5065]},"properties":{"d":"2026-09-15","t":"0419","frp":6.5,"b":346.1,"c":1,"s":"N21","n":0}},{"type":"Feature","geometry":{"type":"Point","coordinates":[134.4165,-15.5007]},"properties":{"d":"2026-09-15","t":"0419","frp":5.1,"b":337.1,"c":0,"s":"N21","n":0}},{"type":"Feature","geometry":{"type":"Point","coordinates":[134.4213,-15.5001]},"properties":{"d":"2026-09-15","t":"0419","frp":9.2,"b":343.1,"c":1,"s":"N21","n":0}},{"type":"Feature","geometry":{"type":"Point","coordinates":[134.2305,-15.4985]},"properties":{"d":"2026-09-15","t":"0419","frp":17.4,"b":353.6,"c":1,"s":"N21","n":0}},{"type":"Feature","geometry":{"type":"Point","coordinates":[134.2353,-15.4978]},"properties":{"d":"2026-09-15","t":"0419","frp":20.6,"b":367.0,"c":2,"s":"N21","n":0}},{"type":"Feature","geometry":{"type":"Point","coordinates":[134.2401,-15.4972]},"properties":{"d":"2026-09-15","t":"0419","frp":20.6,"b":355.4,"c":1,"s":"N21","n":0}},{"type":"Feature","geometry":{"type":"Point","coordinates":[134.245,-15.4966]},"properties":{"d":"2026-09-15","t":"0419","frp":5.7,"b":336.2,"c":0,"s":"N21","n":0}},{"type":"Feature","geometry":{"type":"Point","coordinates":[134.3917,-15.4964]},"properties":{"d":"2026-09-15","t":"0419","frp":8.9,"b":346.6,"c":1,"s":"N21","n":0}},{"type":"Feature","geometry":{"type":"Point","coordinates":[134.4207,-15.4963]},"properties":{"d":"2026-09-15","t":"0419","frp":9.2,"b":337.2,"c":0,"s":"N21","n":0}},{"type":"Feature","geometry":{"type":"Point","coordinates":[134.4302,-15.4951]},"properties":{"d":"2026-09-15","t":"0419","frp":1.8,"b":335.2,"c":0,"s":"N21","n":0}},{"type":"Feature","geometry":{"type":"Point","coordinates":[134.23,-15.4947]},"properties":{"d":"2026-09-15","t":"0419","frp":4.8,"b":339.3,"c":1,"s":"N21","n":0}},{"type":"Feature","geometry":{"type":"Point","coordinates":[134.4155,-15.4932]},"properties":{"d":"2026-09-15","t":"0419","frp":8.8,"b":337.3,"c":0,"s":"N21","n":0}},{"type":"Feature","geometry":{"type":"Point","coordinates":[134.4297,-15.4913]},"properties":{"d":"2026-09-15","t":"0419","frp":23.4,"b":351.8,"c":1,"s":"N21","n":0}},{"type":"Feature","geometry":{"type":"Point","coordinates":[134.4344,-15.4907]},"properties":{"d":"2026-09-15","t":"0419","frp":23.4,"b":354.3,"c":1,"s":"N21","n":0}},{"type":"Feature","geometry":{"type":"Point","coordinates":[134.4392,-15.49]},"properties":{"d":"2026-09-15","t":"0419","frp":8.6,"b":353.9,"c":1,"s":"N21","n":0}},{"type":"Feature","geometry":{"type":"Point","coordinates":[134.2687,-15.4895]},"properties":{"d":"2026-09-15","t":"0419","frp":5.1,"b":337.9,"c":0,"s":"N21","n":0}},{"type":"Feature","geometry":{"type":"Point","coordinates":[134.2536,-15.4877]},"properties":{"d":"2026-09-15","t":"0419","frp":6.5,"b":339.1,"c":0,"s":"N21","n":0}},{"type":"Feature","geometry":{"type":"Point","coordinates":[134.4097,-15.4863]},"properties":{"d":"2026-09-15","t":"0419","frp":6.7,"b":337.1,"c":1,"s":"N21","n":0}},{"type":"Feature","geometry":{"type":"Point","coordinates":[134.4387,-15.4862]},"properties":{"d":"2026-09-15","t":"0419","frp":8.6,"b":339.9,"c":1,"s":"N21","n":0}},{"type":"Feature","geometry":{"type":"Point","coordinates":[134.4434,-15.4856]},"properties":{"d":"2026-09-15","t":"0419","frp":8.6,"b":346.9,"c":1,"s":"N21","n":0}},{"type":"Feature","geometry":{"type":"Point","coordinates":[134.4481,-15.485]},"properties":{"d":"2026-09-15","t":"0419","frp":5.1,"b":341.5,"c":1,"s":"N21","n":0}},{"type":"Feature","geometry":{"type":"Point","coordinates":[134.2531,-15.4838]},"properties":{"d":"2026-09-15","t":"0419","frp":3.4,"b":334.7,"c":0,"s":"N21","n":0}},{"type":"Feature","geometry":{"type":"Point","coordinates":[134.4476,-15.4812]},"properties":{"d":"2026-09-15","t":"0419","frp":15.3,"b":344.2,"c":1,"s":"N21","n":0}},{"type":"Feature","geometry":{"type":"Point","coordinates":[134.4523,-15.4806]},"properties":{"d":"2026-09-15","t":"0419","frp":15.3,"b":351.4,"c":1,"s":"N21","n":0}},{"type":"Feature","geometry":{"type":"Point","coordinates":[134.3991,-15.48]},"properties":{"d":"2026-09-15","t":"0419","frp":6.2,"b":340.4,"c":1,"s":"N21","n":0}},{"type":"Feature","geometry":{"type":"Point","coordinates":[134.4518,-15.4768]},"properties":{"d":"2026-09-15","t":"0419","frp":15.3,"b":337.0,"c":1,"s":"N21","n":0}},{"type":"Feature","geometry":{"type":"Point","coordinates":[134.4699,-15.4705]},"properties":{"d":"2026-09-15","t":"0419","frp":12.2,"b":348.4,"c":1,"s":"N21","n":0}},{"type":"Feature","geometry":{"type":"Point","coordinates":[134.4647,-15.4674]},"properties":{"d":"2026-09-15","t":"0419","frp":12.2,"b":338.1,"c":0,"s":"N21","n":0}},{"type":"Feature","geometry":{"type":"Point","coordinates":[134.474,-15.4662]},"properties":{"d":"2026-09-15","t":"0419","frp":13.7,"b":354.7,"c":1,"s":"N21","n":0}},{"type":"Feature","geometry":{"type":"Point","coordinates":[134.4787,-15.4655]},"properties":{"d":"2026-09-15","t":"0419","frp":13.7,"b":367.0,"c":2,"s":"N21","n":0}},{"type":"Feature","geometry":{"type":"Point","coordinates":[134.4834,-15.4649]},"properties":{"d":"2026-09-15","t":"0419","frp":58.1,"b":342.0,"c":1,"s":"N21","n":0}},{"type":"Feature","geometry":{"type":"Point","coordinates":[134.4881,-15.4643]},"properties":{"d":"2026-09-15","t":"0419","frp":58.1,"b":352.6,"c":1,"s":"N21","n":0}},{"type":"Feature","geometry":{"type":"Point","coordinates":[134.2374,-15.4633]},"properties":{"d":"2026-09-15","t":"0419","frp":4.5,"b":337.8,"c":0,"s":"N21","n":0}},{"type":"Feature","geometry":{"type":"Point","coordinates":[134.2423,-15.4626]},"properties":{"d":"2026-09-15","t":"0419","frp":8.8,"b":343.8,"c":1,"s":"N21","n":0}},{"type":"Feature","geometry":{"type":"Point","coordinates":[134.252,-15.4613]},"properties":{"d":"2026-09-15","t":"0419","frp":3.0,"b":335.2,"c":0,"s":"N21","n":0}},{"type":"Feature","geometry":{"type":"Point","coordinates":[134.4876,-15.4605]},"properties":{"d":"2026-09-15","t":"0419","frp":17.7,"b":350.2,"c":1,"s":"N21","n":0}},{"type":"Feature","geometry":{"type":"Point","coordinates":[134.4923,-15.4599]},"properties":{"d":"2026-09-15","t":"0419","frp":16.4,"b":355.5,"c":1,"s":"N21","n":0}},{"type":"Feature","geometry":{"type":"Point","coordinates":[134.497,-15.4593]},"properties":{"d":"2026-09-15","t":"0419","frp":16.4,"b":346.9,"c":1,"s":"N21","n":0}},{"type":"Feature","geometry":{"type":"Point","coordinates":[134.5339,-15.3729]},"properties":{"d":"2026-09-15","t":"0419","frp":3.5,"b":338.7,"c":1,"s":"N21","n":0}},{"type":"Feature","geometry":{"type":"Point","coordinates":[134.5385,-15.3723]},"properties":{"d":"2026-09-15","t":"0419","frp":4.1,"b":345.5,"c":1,"s":"N21","n":0}},{"type":"Feature","geometry":{"type":"Point","coordinates":[134.5328,-15.3654]},"properties":{"d":"2026-09-15","t":"0419","frp":7.1,"b":341.3,"c":1,"s":"N21","n":0}},{"type":"Feature","geometry":{"type":"Point","coordinates":[134.5276,-15.3623]},"properties":{"d":"2026-09-15","t":"0419","frp":19.6,"b":352.9,"c":1,"s":"N21","n":0}},{"type":"Feature","geometry":{"type":"Point","coordinates":[134.5322,-15.3617]},"properties":{"d":"2026-09-15","t":"0419","frp":19.6,"b":367.0,"c":2,"s":"N21","n":0}},{"type":"Feature","geometry":{"type":"Point","coordinates":[134.5368,-15.3611]},"properties":{"d":"2026-09-15","t":"0419","frp":7.4,"b":353.2,"c":1,"s":"N21","n":0}},{"type":"Feature","geometry":{"type":"Point","coordinates":[134.5414,-15.3604]},"properties":{"d":"2026-09-15","t":"0419","frp":7.4,"b":342.8,"c":1,"s":"N21","n":0}},{"type":"Feature","geometry":{"type":"Point","coordinates":[134.5553,-15.3586]},"properties":{"d":"2026-09-15","t":"0419","frp":13.2,"b":346.6,"c":1,"s":"N21","n":0}},{"type":"Feature","geometry":{"type":"Point","coordinates":[134.5548,-15.3548]},"properties":{"d":"2026-09-15","t":"0419","frp":13.2,"b":351.8,"c":1,"s":"N21","n":0}},{"type":"Feature","geometry":{"type":"Point","coordinates":[134.5595,-15.3542]},"properties":{"d":"2026-09-15","t":"0419","frp":13.2,"b":340.6,"c":1,"s":"N21","n":0}},{"type":"Feature","geometry":{"type":"Point","coordinates":[134.5626,-15.3423]},"properties":{"d":"2026-09-15","t":"0419","frp":18.4,"b":367.0,"c":2,"s":"N21","n":0}},{"type":"Feature","geometry":{"type":"Point","coordinates":[141.7866,-15.334]},"properties":{"d":"2026-09-15","t":"0419","frp":7.5,"b":343.4,"c":1,"s":"N21","n":0}},{"type":"Feature","geometry":{"type":"Point","coordinates":[141.786,-15.3304]},"properties":{"d":"2026-09-15","t":"0419","frp":20.6,"b":350.2,"c":1,"s":"N21","n":0}},{"type":"Feature","geometry":{"type":"Point","coordinates":[134.5338,-15.3259]},"properties":{"d":"2026-09-15","t":"0419","frp":10.2,"b":346.2,"c":1,"s":"N21","n":0}},{"type":"Feature","geometry":{"type":"Point","coordinates":[134.5431,-15.3246]},"properties":{"d":"2026-09-15","t":"0419","frp":9.1,"b":344.2,"c":1,"s":"N21","n":0}},{"type":"Feature","geometry":{"type":"Point","coordinates":[134.5315,-15.3236]},"properties":{"d":"2026-09-15","t":"0419","frp":12.6,"b":355.3,"c":1,"s":"N21","n":0}},{"type":"Feature","geometry":{"type":"Point","coordinates":[134.5362,-15.323]},"properties":{"d":"2026-09-15","t":"0419","frp":12.6,"b":352.2,"c":1,"s":"N21","n":0}},{"type":"Feature","geometry":{"type":"Point","coordinates":[134.5286,-15.3228]},"properties":{"d":"2026-09-15","t":"0419","frp":9.2,"b":340.8,"c":0,"s":"N21","n":0}},{"type":"Feature","geometry":{"type":"Point","coordinates":[134.5409,-15.3224]},"properties":{"d":"2026-09-15","t":"0419","frp":22.4,"b":353.1,"c":1,"s":"N21","n":0}},{"type":"Feature","geometry":{"type":"Point","coordinates":[134.5333,-15.3222]},"properties":{"d":"2026-09-15","t":"0419","frp":30.8,"b":355.3,"c":1,"s":"N21","n":0}},{"type":"Feature","geometry":{"type":"Point","coordinates":[134.5379,-15.3215]},"properties":{"d":"2026-09-15","t":"0419","frp":30.8,"b":351.6,"c":1,"s":"N21","n":0}},{"type":"Feature","geometry":{"type":"Point","coordinates":[134.531,-15.3199]},"properties":{"d":"2026-09-15","t":"0419","frp":12.6,"b":338.4,"c":1,"s":"N21","n":0}},{"type":"Feature","geometry":{"type":"Point","coordinates":[134.5357,-15.3192]},"properties":{"d":"2026-09-15","t":"0419","frp":12.6,"b":367.0,"c":2,"s":"N21","n":0}},{"type":"Feature","geometry":{"type":"Point","coordinates":[134.535,-15.2342]},"properties":{"d":"2026-09-15","t":"0419","frp":5.4,"b":343.5,"c":1,"s":"N21","n":0}},{"type":"Feature","geometry":{"type":"Point","coordinates":[134.4855,-15.209]},"properties":{"d":"2026-09-15","t":"0419","frp":12.2,"b":340.9,"c":1,"s":"N21","n":0}},{"type":"Feature","geometry":{"type":"Point","coordinates":[134.4902,-15.2084]},"properties":{"d":"2026-09-15","t":"0419","frp":17.3,"b":343.1,"c":1,"s":"N21","n":0}},{"type":"Feature","geometry":{"type":"Point","coordinates":[134.485,-15.2053]},"properties":{"d":"2026-09-15","t":"0419","frp":19.9,"b":354.9,"c":1,"s":"N21","n":0}},{"type":"Feature","geometry":{"type":"Point","coordinates":[134.4896,-15.2046]},"properties":{"d":"2026-09-15","t":"0419","frp":16.4,"b":355.8,"c":1,"s":"N21","n":0}},{"type":"Feature","geometry":{"type":"Point","coordinates":[134.4943,-15.204]},"properties":{"d":"2026-09-15","t":"0419","frp":16.4,"b":344.0,"c":1,"s":"N21","n":0}},{"type":"Feature","geometry":{"type":"Point","coordinates":[134.5273,-15.2033]},"properties":{"d":"2026-09-15","t":"0419","frp":4.9,"b":334.8,"c":0,"s":"N21","n":0}},{"type":"Feature","geometry":{"type":"Point","coordinates":[134.4798,-15.2022]},"properties":{"d":"2026-09-15","t":"0419","frp":19.9,"b":336.4,"c":0,"s":"N21","n":0}},{"type":"Feature","geometry":{"type":"Point","coordinates":[134.4845,-15.2015]},"properties":{"d":"2026-09-15","t":"0419","frp":19.9,"b":354.4,"c":1,"s":"N21","n":0}},{"type":"Feature","geometry":{"type":"Point","coordinates":[134.4891,-15.2009]},"properties":{"d":"2026-09-15","t":"0419","frp":16.4,"b":346.2,"c":1,"s":"N21","n":0}},{"type":"Feature","geometry":{"type":"Point","coordinates":[134.5268,-15.1995]},"properties":{"d":"2026-09-15","t":"0419","frp":9.2,"b":343.7,"c":1,"s":"N21","n":0}},{"type":"Feature","geometry":{"type":"Point","coordinates":[134.517,-15.1971]},"properties":{"d":"2026-09-15","t":"0419","frp":8.7,"b":346.9,"c":1,"s":"N21","n":0}},{"type":"Feature","geometry":{"type":"Point","coordinates":[134.5216,-15.1964]},"properties":{"d":"2026-09-15","t":"0419","frp":8.7,"b":350.0,"c":1,"s":"N21","n":0}},{"type":"Feature","geometry":{"type":"Point","coordinates":[134.5119,-15.1939]},"properties":{"d":"2026-09-15","t":"0419","frp":5.5,"b":346.1,"c":1,"s":"N21","n":0}},{"type":"Feature","geometry":{"type":"Point","coordinates":[134.4969,-15.1884]},"properties":{"d":"2026-09-15","t":"0419","frp":10.3,"b":348.8,"c":1,"s":"N21","n":0}},{"type":"Feature","geometry":{"type":"Point","coordinates":[141.9368,-15.1053]},"properties":{"d":"2026-09-15","t":"0419","frp":18.7,"b":345.2,"c":1,"s":"N21","n":0}},{"type":"Feature","geometry":{"type":"Point","coordinates":[141.9412,-15.1046]},"properties":{"d":"2026-09-15","t":"0419","frp":17.7,"b":354.6,"c":1,"s":"N21","n":0}},{"type":"Feature","geometry":{"type":"Point","coordinates":[141.9487,-15.0958]},"properties":{"d":"2026-09-15","t":"0419","frp":2.8,"b":336.7,"c":0,"s":"N21","n":0}},{"type":"Feature","geometry":{"type":"Point","coordinates":[141.9739,-15.084]},"properties":{"d":"2026-09-15","t":"0419","frp":8.4,"b":347.5,"c":1,"s":"N21","n":0}},{"type":"Feature","geometry":{"type":"Point","coordinates":[141.9732,-15.0803]},"properties":{"d":"2026-09-15","t":"0419","frp":10.6,"b":340.7,"c":0,"s":"N21","n":0}},{"type":"Feature","geometry":{"type":"Point","coordinates":[130.5246,-15.6347]},"properties":{"d":"2026-09-15","t":"0421","frp":15.6,"b":344.1,"c":1,"s":"N21","n":0}},{"type":"Feature","geometry":{"type":"Point","coordinates":[130.51,-15.6334]},"properties":{"d":"2026-09-15","t":"0421","frp":22.4,"b":342.4,"c":1,"s":"N21","n":0}},{"type":"Feature","geometry":{"type":"Point","coordinates":[130.5158,-15.6327]},"properties":{"d":"2026-09-15","t":"0421","frp":22.4,"b":367.0,"c":2,"s":"N21","n":0}},{"type":"Feature","geometry":{"type":"Point","coordinates":[130.5216,-15.632]},"properties":{"d":"2026-09-15","t":"0421","frp":12.9,"b":346.4,"c":1,"s":"N21","n":0}},{"type":"Feature","geometry":{"type":"Point","coordinates":[130.5068,-15.6318]},"properties":{"d":"2026-09-15","t":"0421","frp":26.7,"b":341.1,"c":1,"s":"N21","n":0}},{"type":"Feature","geometry":{"type":"Point","coordinates":[130.5126,-15.6312]},"properties":{"d":"2026-09-15","t":"0421","frp":26.7,"b":355.2,"c":1,"s":"N21","n":0}},{"type":"Feature","geometry":{"type":"Point","coordinates":[130.5184,-15.6305]},"properties":{"d":"2026-09-15","t":"0421","frp":27.3,"b":367.0,"c":2,"s":"N21","n":0}},{"type":"Feature","geometry":{"type":"Point","coordinates":[130.5097,-15.6285]},"properties":{"d":"2026-09-15","t":"0421","frp":22.4,"b":352.9,"c":1,"s":"N21","n":0}},{"type":"Feature","geometry":{"type":"Point","coordinates":[130.5154,-15.6278]},"properties":{"d":"2026-09-15","t":"0421","frp":22.4,"b":353.1,"c":1,"s":"N21","n":0}},{"type":"Feature","geometry":{"type":"Point","coordinates":[130.512,-15.6263]},"properties":{"d":"2026-09-15","t":"0421","frp":26.7,"b":345.7,"c":1,"s":"N21","n":0}},{"type":"Feature","geometry":{"type":"Point","coordinates":[134.5728,-14.8307]},"properties":{"d":"2026-09-15","t":"0421","frp":10.1,"b":340.0,"c":1,"s":"N21","n":0}},{"type":"Feature","geometry":{"type":"Point","coordinates":[134.5724,-14.827]},"properties":{"d":"2026-09-15","t":"0421","frp":10.1,"b":344.1,"c":1,"s":"N21","n":0}},{"type":"Feature","geometry":{"type":"Point","coordinates":[134.5719,-14.8232]},"properties":{"d":"2026-09-15","t":"0421","frp":27.7,"b":340.9,"c":0,"s":"N21","n":0}},{"type":"Feature","geometry":{"type":"Point","coordinates":[134.567,-14.8201]},"properties":{"d":"2026-09-15","t":"0421","frp":11.7,"b":345.0,"c":1,"s":"N21","n":0}},{"type":"Feature","geometry":{"type":"Point","coordinates":[132.0166,-14.7222]},"properties":{"d":"2026-09-15","t":"0421","frp":10.0,"b":338.6,"c":0,"s":"N21","n":0}},{"type":"Feature","geometry":{"type":"Point","coordinates":[132.0203,-14.7173]},"properties":{"d":"2026-09-15","t":"0421","frp":7.7,"b":348.1,"c":1,"s":"N21","n":0}},{"type":"Feature","geometry":{"type":"Point","coordinates":[132.0246,-14.7168]},"properties":{"d":"2026-09-15","t":"0421","frp":7.7,"b":340.6,"c":1,"s":"N21","n":0}},{"type":"Feature","geometry":{"type":"Point","coordinates":[132.0241,-14.7124]},"properties":{"d":"2026-09-15","t":"0421","frp":7.7,"b":351.3,"c":1,"s":"N21","n":0}},{"type":"Feature","geometry":{"type":"Point","coordinates":[132.0235,-14.7081]},"properties":{"d":"2026-09-15","t":"0421","frp":2.2,"b":336.0,"c":1,"s":"N21","n":0}},{"type":"Feature","geometry":{"type":"Point","coordinates":[134.736,-14.6813]},"properties":{"d":"2026-09-15","t":"0421","frp":8.8,"b":348.8,"c":1,"s":"N21","n":0}},{"type":"Feature","geometry":{"type":"Point","coordinates":[135.531,-14.5714]},"properties":{"d":"2026-09-15","t":"0421","frp":8.4,"b":346.5,"c":1,"s":"N21","n":0}},{"type":"Feature","geometry":{"type":"Point","coordinates":[135.2714,-14.4528]},"properties":{"d":"2026-09-15","t":"0421","frp":5.8,"b":338.2,"c":0,"s":"N21","n":0}},{"type":"Feature","geometry":{"type":"Point","coordinates":[136.4289,-14.0479]},"properties":{"d":"2026-09-15","t":"0421","frp":5.7,"b":343.5,"c":1,"s":"N21","n":0}},{"type":"Feature","geometry":{"type":"Point","coordinates":[136.4321,-14.044]},"properties":{"d":"2026-09-15","t":"0421","frp":5.7,"b":334.9,"c":1,"s":"N21","n":0}},{"type":"Feature","geometry":{"type":"Point","coordinates":[136.4316,-14.0406]},"properties":{"d":"2026-09-15","t":"0421","frp":5.4,"b":333.2,"c":0,"s":"N21","n":0}},{"type":"Feature","geometry":{"type":"Point","coordinates":[136.4236,-14.0383]},"properties":{"d":"2026-09-15","t":"0421","frp":5.4,"b":345.6,"c":1,"s":"N21","n":0}},{"type":"Feature","geometry":{"type":"Point","coordinates":[136.667,-13.9356]},"properties":{"d":"2026-09-15","t":"0421","frp":5.5,"b":340.5,"c":1,"s":"N21","n":0}},{"type":"Feature","geometry":{"type":"Point","coordinates":[136.6707,-13.935]},"properties":{"d":"2026-09-15","t":"0421","frp":8.6,"b":355.2,"c":1,"s":"N21","n":0}},{"type":"Feature","geometry":{"type":"Point","coordinates":[136.6744,-13.9345]},"properties":{"d":"2026-09-15","t":"0421","frp":8.6,"b":354.5,"c":1,"s":"N21","n":0}},{"type":"Feature","geometry":{"type":"Point","coordinates":[136.6065,-13.9341]},"properties":{"d":"2026-09-15","t":"0421","frp":5.1,"b":347.9,"c":1,"s":"N21","n":0}},{"type":"Feature","geometry":{"type":"Point","coordinates":[136.5986,-13.9319]},"properties":{"d":"2026-09-15","t":"0421","frp":8.4,"b":337.8,"c":1,"s":"N21","n":0}},{"type":"Feature","geometry":{"type":"Point","coordinates":[136.4809,-13.9318]},"properties":{"d":"2026-09-15","t":"0421","frp":11.9,"b":353.2,"c":1,"s":"N21","n":0}},{"type":"Feature","geometry":{"type":"Point","coordinates":[136.4846,-13.9313]},"properties":{"d":"2026-09-15","t":"0421","frp":11.9,"b":353.9,"c":1,"s":"N21","n":0}},{"type":"Feature","geometry":{"type":"Point","coordinates":[136.606,-13.9308]},"properties":{"d":"2026-09-15","t":"0421","frp":5.1,"b":348.3,"c":1,"s":"N21","n":0}},{"type":"Feature","geometry":{"type":"Point","coordinates":[136.6813,-13.93]},"properties":{"d":"2026-09-15","t":"0421","frp":5.1,"b":338.0,"c":1,"s":"N21","n":0}},{"type":"Feature","geometry":{"type":"Point","coordinates":[136.4767,-13.929]},"properties":{"d":"2026-09-15","t":"0421","frp":5.9,"b":333.8,"c":1,"s":"N21","n":0}},{"type":"Feature","geometry":{"type":"Point","coordinates":[136.4804,-13.9284]},"properties":{"d":"2026-09-15","t":"0421","frp":11.9,"b":367.0,"c":2,"s":"N21","n":0}},{"type":"Feature","geometry":{"type":"Point","coordinates":[136.5753,-13.9284]},"properties":{"d":"2026-09-15","t":"0421","frp":8.9,"b":333.2,"c":1,"s":"N21","n":0}},{"type":"Feature","geometry":{"type":"Point","coordinates":[136.4841,-13.9279]},"properties":{"d":"2026-09-15","t":"0421","frp":11.9,"b":352.5,"c":1,"s":"N21","n":0}},{"type":"Feature","geometry":{"type":"Point","coordinates":[136.579,-13.9278]},"properties":{"d":"2026-09-15","t":"0421","frp":10.3,"b":367.0,"c":2,"s":"N21","n":0}},{"type":"Feature","geometry":{"type":"Point","coordinates":[136.5828,-13.9273]},"properties":{"d":"2026-09-15","t":"0421","frp":10.3,"b":345.9,"c":1,"s":"N21","n":0}},{"type":"Feature","geometry":{"type":"Point","coordinates":[136.5748,-13.925]},"properties":{"d":"2026-09-15","t":"0421","frp":11.9,"b":339.3,"c":1,"s":"N21","n":0}},{"type":"Feature","geometry":{"type":"Point","coordinates":[136.4836,-13.9245]},"properties":{"d":"2026-09-15","t":"0421","frp":5.8,"b":345.9,"c":1,"s":"N21","n":0}},{"type":"Feature","geometry":{"type":"Point","coordinates":[136.5785,-13.9244]},"properties":{"d":"2026-09-15","t":"0421","frp":13.1,"b":347.4,"c":1,"s":"N21","n":0}},{"type":"Feature","geometry":{"type":"Point","coordinates":[136.4873,-13.924]},"properties":{"d":"2026-09-15","t":"0421","frp":4.7,"b":331.1,"c":0,"s":"N21","n":0}},{"type":"Feature","geometry":{"type":"Point","coordinates":[136.7028,-13.9234]},"properties":{"d":"2026-09-15","t":"0421","frp":12.4,"b":353.8,"c":1,"s":"N21","n":0}},{"type":"Feature","geometry":{"type":"Point","coordinates":[136.7065,-13.9228]},"properties":{"d":"2026-09-15","t":"0421","frp":3.9,"b":340.4,"c":1,"s":"N21","n":0}},{"type":"Feature","geometry":{"type":"Point","coordinates":[136.706,-13.9195]},"properties":{"d":"2026-09-15","t":"0421","frp":9.7,"b":346.9,"c":1,"s":"N21","n":0}},{"type":"Feature","geometry":{"type":"Point","coordinates":[136.7055,-13.9161]},"properties":{"d":"2026-09-15","t":"0421","frp":9.7,"b":346.8,"c":1,"s":"N21","n":0}},{"type":"Feature","geometry":{"type":"Point","coordinates":[136.6976,-13.9138]},"properties":{"d":"2026-09-15","t":"0421","frp":8.4,"b":332.7,"c":1,"s":"N21","n":0}},{"type":"Feature","geometry":{"type":"Point","coordinates":[136.7013,-13.9133]},"properties":{"d":"2026-09-15","t":"0421","frp":8.4,"b":354.9,"c":1,"s":"N21","n":0}},{"type":"Feature","geometry":{"type":"Point","coordinates":[136.6934,-13.911]},"properties":{"d":"2026-09-15","t":"0421","frp":22.9,"b":367.0,"c":2,"s":"N21","n":0}},{"type":"Feature","geometry":{"type":"Point","coordinates":[136.6971,-13.9105]},"properties":{"d":"2026-09-15","t":"0421","frp":8.4,"b":353.6,"c":1,"s":"N21","n":0}},{"type":"Feature","geometry":{"type":"Point","coordinates":[136.4736,-13.9086]},"properties":{"d":"2026-09-15","t":"0421","frp":7.8,"b":334.3,"c":0,"s":"N21","n":0}},{"type":"Feature","geometry":{"type":"Point","coordinates":[136.605,-13.8999]},"properties":{"d":"2026-09-15","t":"0421","frp":3.8,"b":338.7,"c":1,"s":"N21","n":0}},{"type":"Feature","geometry":{"type":"Point","coordinates":[136.6009,-13.897]},"properties":{"d":"2026-09-15","t":"0421","frp":9.5,"b":347.6,"c":1,"s":"N21","n":0}},{"type":"Feature","geometry":{"type":"Point","coordinates":[136.4865,-13.8929]},"properties":{"d":"2026-09-15","t":"0421","frp":3.2,"b":336.7,"c":1,"s":"N21","n":0}},{"type":"Feature","geometry":{"type":"Point","coordinates":[136.5851,-13.8924]},"properties":{"d":"2026-09-15","t":"0421","frp":4.1,"b":337.7,"c":1,"s":"N21","n":0}},{"type":"Feature","geometry":{"type":"Point","coordinates":[136.4902,-13.8924]},"properties":{"d":"2026-09-15","t":"0421","frp":7.0,"b":346.9,"c":1,"s":"N21","n":0}},{"type":"Feature","geometry":{"type":"Point","coordinates":[136.4939,-13.8919]},"properties":{"d":"2026-09-15","t":"0421","frp":7.0,"b":336.8,"c":1,"s":"N21","n":0}},{"type":"Feature","geometry":{"type":"Point","coordinates":[136.486,-13.8895]},"properties":{"d":"2026-09-15","t":"0421","frp":12.2,"b":344.0,"c":1,"s":"N21","n":0}},{"type":"Feature","geometry":{"type":"Point","coordinates":[136.4897,-13.889]},"properties":{"d":"2026-09-15","t":"0421","frp":11.9,"b":346.4,"c":1,"s":"N21","n":0}},{"type":"Feature","geometry":{"type":"Point","coordinates":[136.5883,-13.8885]},"properties":{"d":"2026-09-15","t":"0421","frp":6.7,"b":343.4,"c":1,"s":"N21","n":0}},{"type":"Feature","geometry":{"type":"Point","coordinates":[136.478,-13.8872]},"properties":{"d":"2026-09-15","t":"0421","frp":1.8,"b":331.7,"c":0,"s":"N21","n":0}},{"type":"Feature","geometry":{"type":"Point","coordinates":[136.5211,-13.8706]},"properties":{"d":"2026-09-15","t":"0421","frp":8.4,"b":333.7,"c":0,"s":"N21","n":0}},{"type":"Feature","geometry":{"type":"Point","coordinates":[136.227,-13.8044]},"properties":{"d":"2026-09-15","t":"0421","frp":5.2,"b":345.9,"c":1,"s":"N21","n":0}},{"type":"Feature","geometry":{"type":"Point","coordinates":[134.5114,-13.7532]},"properties":{"d":"2026-09-15","t":"0421","frp":34.3,"b":352.3,"c":1,"s":"N21","n":0}},{"type":"Feature","geometry":{"type":"Point","coordinates":[134.5158,-13.7525]},"properties":{"d":"2026-09-15","t":"0421","frp":5.3,"b":339.4,"c":1,"s":"N21","n":0}},{"type":"Feature","geometry":{"type":"Point","coordinates":[136.2128,-13.7364]},"properties":{"d":"2026-09-15","t":"0421","frp":14.2,"b":344.8,"c":1,"s":"N21","n":0}},{"type":"Feature","geometry":{"type":"Point","coordinates":[136.2118,-13.7295]},"properties":{"d":"2026-09-15","t":"0421","frp":9.1,"b":345.2,"c":1,"s":"N21","n":0}},{"type":"Feature","geometry":{"type":"Point","coordinates":[136.2075,-13.7267]},"properties":{"d":"2026-09-15","t":"0421","frp":8.2,"b":346.8,"c":1,"s":"N21","n":0}},{"type":"Feature","geometry":{"type":"Point","coordinates":[136.2112,-13.7261]},"properties":{"d":"2026-09-15","t":"0421","frp":11.0,"b":349.6,"c":1,"s":"N21","n":0}},{"type":"Feature","geometry":{"type":"Point","coordinates":[134.3089,-13.6214]},"properties":{"d":"2026-09-15","t":"0421","frp":4.1,"b":338.4,"c":0,"s":"N21","n":0}},{"type":"Feature","geometry":{"type":"Point","coordinates":[134.4698,-13.5949]},"properties":{"d":"2026-09-15","t":"0421","frp":9.0,"b":347.8,"c":1,"s":"N21","n":0}},{"type":"Feature","geometry":{"type":"Point","coordinates":[141.7977,-13.5586]},"properties":{"d":"2026-09-15","t":"0421","frp":8.3,"b":341.2,"c":1,"s":"N21","n":0}},{"type":"Feature","geometry":{"type":"Point","coordinates":[135.5526,-13.5414]},"properties":{"d":"2026-09-15","t":"0421","frp":3.9,"b":338.9,"c":1,"s":"N21","n":0}},{"type":"Feature","geometry":{"type":"Point","coordinates":[135.5634,-13.5327]},"properties":{"d":"2026-09-15","t":"0421","frp":6.2,"b":332.7,"c":0,"s":"N21","n":0}},{"type":"Feature","geometry":{"type":"Point","coordinates":[135.5674,-13.5321]},"properties":{"d":"2026-09-15","t":"0421","frp":2.6,"b":335.6,"c":0,"s":"N21","n":0}},{"type":"Feature","geometry":{"type":"Point","coordinates":[135.5708,-13.5281]},"properties":{"d":"2026-09-15","t":"0421","frp":4.8,"b":332.1,"c":0,"s":"N21","n":0}},{"type":"Feature","geometry":{"type":"Point","coordinates":[135.5762,-13.5095]},"properties":{"d":"2026-09-15","t":"0421","frp":5.0,"b":345.7,"c":1,"s":"N21","n":0}},{"type":"Feature","geometry":{"type":"Point","coordinates":[135.5795,-13.5054]},"properties":{"d":"2026-09-15","t":"0421","frp":10.0,"b":346.5,"c":1,"s":"N21","n":0}},{"type":"Feature","geometry":{"type":"Point","coordinates":[135.5789,-13.502]},"properties":{"d":"2026-09-15","t":"0421","frp":10.0,"b":350.4,"c":1,"s":"N21","n":0}},{"type":"Feature","geometry":{"type":"Point","coordinates":[135.5784,-13.4985]},"properties":{"d":"2026-09-15","t":"0421","frp":8.7,"b":341.8,"c":1,"s":"N21","n":0}},{"type":"Feature","geometry":{"type":"Point","coordinates":[135.6257,-13.4385]},"properties":{"d":"2026-09-15","t":"0421","frp":6.4,"b":338.4,"c":1,"s":"N21","n":0}},{"type":"Feature","geometry":{"type":"Point","coordinates":[141.6698,-13.3658]},"properties":{"d":"2026-09-15","t":"0421","frp":3.9,"b":337.6,"c":1,"s":"N21","n":0}},{"type":"Feature","geometry":{"type":"Point","coordinates":[141.6602,-13.3636]},"properties":{"d":"2026-09-15","t":"0421","frp":3.8,"b":337.8,"c":1,"s":"N21","n":0}},{"type":"Feature","geometry":{"type":"Point","coordinates":[136.3586,-13.2808]},"properties":{"d":"2026-09-15","t":"0421","frp":10.8,"b":353.6,"c":1,"s":"N21","n":0}},{"type":"Feature","geometry":{"type":"Point","coordinates":[136.3624,-13.2803]},"properties":{"d":"2026-09-15","t":"0421","frp":10.8,"b":354.4,"c":1,"s":"N21","n":0}},{"type":"Feature","geometry":{"type":"Point","coordinates":[136.3619,-13.2769]},"properties":{"d":"2026-09-15","t":"0421","frp":15.4,"b":346.5,"c":1,"s":"N21","n":0}},{"type":"Feature","geometry":{"type":"Point","coordinates":[136.3613,-13.2735]},"properties":{"d":"2026-09-15","t":"0421","frp":15.4,"b":367.0,"c":2,"s":"N21","n":0}},{"type":"Feature","geometry":{"type":"Point","coordinates":[136.3571,-13.2707]},"properties":{"d":"2026-09-15","t":"0421","frp":11.6,"b":353.3,"c":1,"s":"N21","n":0}},{"type":"Feature","geometry":{"type":"Point","coordinates":[136.3529,-13.2678]},"properties":{"d":"2026-09-15","t":"0421","frp":8.2,"b":341.6,"c":1,"s":"N21","n":0}},{"type":"Feature","geometry":{"type":"Point","coordinates":[136.3524,-13.2645]},"properties":{"d":"2026-09-15","t":"0421","frp":12.1,"b":348.3,"c":1,"s":"N21","n":0}},{"type":"Feature","geometry":{"type":"Point","coordinates":[136.3481,-13.2616]},"properties":{"d":"2026-09-15","t":"0421","frp":12.1,"b":352.3,"c":1,"s":"N21","n":0}},{"type":"Feature","geometry":{"type":"Point","coordinates":[136.3402,-13.2593]},"properties":{"d":"2026-09-15","t":"0421","frp":21.2,"b":339.7,"c":1,"s":"N21","n":0}},{"type":"Feature","geometry":{"type":"Point","coordinates":[136.3439,-13.2588]},"properties":{"d":"2026-09-15","t":"0421","frp":21.2,"b":354.0,"c":1,"s":"N21","n":0}},{"type":"Feature","geometry":{"type":"Point","coordinates":[136.3397,-13.2559]},"properties":{"d":"2026-09-15","t":"0421","frp":21.2,"b":354.6,"c":1,"s":"N21","n":0}},{"type":"Feature","geometry":{"type":"Point","coordinates":[136.3312,-13.2502]},"properties":{"d":"2026-09-15","t":"0421","frp":16.6,"b":354.1,"c":1,"s":"N21","n":0}},{"type":"Feature","geometry":{"type":"Point","coordinates":[141.8528,-13.1346]},"properties":{"d":"2026-09-15","t":"0421","frp":13.8,"b":349.2,"c":1,"s":"N21","n":0}},{"type":"Feature","geometry":{"type":"Point","coordinates":[141.8476,-13.1317]},"properties":{"d":"2026-09-15","t":"0421","frp":6.6,"b":343.5,"c":1,"s":"N21","n":0}},{"type":"Feature","geometry":{"type":"Point","coordinates":[141.8409,-13.1313]},"properties":{"d":"2026-09-15","t":"0421","frp":42.6,"b":338.4,"c":0,"s":"N21","n":0}},{"type":"Feature","geometry":{"type":"Point","coordinates":[141.8521,-13.1309]},"properties":{"d":"2026-09-15","t":"0421","frp":6.6,"b":341.0,"c":1,"s":"N21","n":0}},{"type":"Feature","geometry":{"type":"Point","coordinates":[141.8455,-13.1305]},"properties":{"d":"2026-09-15","t":"0421","frp":42.6,"b":354.4,"c":1,"s":"N21","n":0}},{"type":"Feature","geometry":{"type":"Point","coordinates":[141.85,-13.1297]},"properties":{"d":"2026-09-15","t":"0421","frp":6.0,"b":343.5,"c":1,"s":"N21","n":0}},{"type":"Feature","geometry":{"type":"Point","coordinates":[141.8469,-13.1279]},"properties":{"d":"2026-09-15","t":"0421","frp":6.6,"b":345.2,"c":1,"s":"N21","n":0}},{"type":"Feature","geometry":{"type":"Point","coordinates":[141.8448,-13.1268]},"properties":{"d":"2026-09-15","t":"0421","frp":42.6,"b":346.1,"c":1,"s":"N21","n":0}},{"type":"Feature","geometry":{"type":"Point","coordinates":[141.8371,-13.1258]},"properties":{"d":"2026-09-15","t":"0421","frp":10.1,"b":348.5,"c":1,"s":"N21","n":0}},{"type":"Feature","geometry":{"type":"Point","coordinates":[141.835,-13.1246]},"properties":{"d":"2026-09-15","t":"0421","frp":7.5,"b":347.0,"c":1,"s":"N21","n":0}},{"type":"Feature","geometry":{"type":"Point","coordinates":[141.8319,-13.1228]},"properties":{"d":"2026-09-15","t":"0421","frp":8.8,"b":349.3,"c":1,"s":"N21","n":0}},{"type":"Feature","geometry":{"type":"Point","coordinates":[141.8364,-13.1221]},"properties":{"d":"2026-09-15","t":"0421","frp":10.1,"b":347.2,"c":1,"s":"N21","n":0}},{"type":"Feature","geometry":{"type":"Point","coordinates":[141.8298,-13.1216]},"properties":{"d":"2026-09-15","t":"0421","frp":7.5,"b":336.6,"c":1,"s":"N21","n":0}},{"type":"Feature","geometry":{"type":"Point","coordinates":[141.8343,-13.1209]},"properties":{"d":"2026-09-15","t":"0421","frp":7.5,"b":339.2,"c":1,"s":"N21","n":0}},{"type":"Feature","geometry":{"type":"Point","coordinates":[141.9025,-13.0788]},"properties":{"d":"2026-09-15","t":"0421","frp":7.3,"b":340.8,"c":1,"s":"N21","n":0}},{"type":"Feature","geometry":{"type":"Point","coordinates":[141.9072,-13.078]},"properties":{"d":"2026-09-15","t":"0421","frp":10.2,"b":352.1,"c":1,"s":"N21","n":0}},{"type":"Feature","geometry":{"type":"Point","coordinates":[141.9118,-13.0772]},"properties":{"d":"2026-09-15","t":"0421","frp":10.2,"b":347.8,"c":1,"s":"N21","n":0}},{"type":"Feature","geometry":{"type":"Point","coordinates":[141.9019,-13.075]},"properties":{"d":"2026-09-15","t":"0421","frp":70.9,"b":367.0,"c":2,"s":"N21","n":0}},{"type":"Feature","geometry":{"type":"Point","coordinates":[141.9065,-13.0743]},"properties":{"d":"2026-09-15","t":"0421","frp":17.4,"b":367.0,"c":2,"s":"N21","n":0}},{"type":"Feature","geometry":{"type":"Point","coordinates":[141.9111,-13.0735]},"properties":{"d":"2026-09-15","t":"0421","frp":17.4,"b":344.9,"c":1,"s":"N21","n":0}},{"type":"Feature","geometry":{"type":"Point","coordinates":[141.9157,-13.0727]},"properties":{"d":"2026-09-15","t":"0421","frp":17.7,"b":355.3,"c":1,"s":"N21","n":0}},{"type":"Feature","geometry":{"type":"Point","coordinates":[141.8965,-13.0721]},"properties":{"d":"2026-09-15","t":"0421","frp":70.9,"b":367.0,"c":0,"s":"N21","n":0}},{"type":"Feature","geometry":{"type":"Point","coordinates":[141.9203,-13.072]},"properties":{"d":"2026-09-15","t":"0421","frp":17.7,"b":352.8,"c":1,"s":"N21","n":0}},{"type":"Feature","geometry":{"type":"Point","coordinates":[141.9012,-13.0713]},"properties":{"d":"2026-09-15","t":"0421","frp":70.9,"b":353.1,"c":1,"s":"N21","n":0}},{"type":"Feature","geometry":{"type":"Point","coordinates":[141.9249,-13.0712]},"properties":{"d":"2026-09-15","t":"0421","frp":16.1,"b":355.4,"c":1,"s":"N21","n":0}},{"type":"Feature","geometry":{"type":"Point","coordinates":[141.9058,-13.0705]},"properties":{"d":"2026-09-15","t":"0421","frp":17.4,"b":344.9,"c":1,"s":"N21","n":0}},{"type":"Feature","geometry":{"type":"Point","coordinates":[141.9295,-13.0704]},"properties":{"d":"2026-09-15","t":"0421","frp":16.1,"b":349.2,"c":1,"s":"N21","n":0}},{"type":"Feature","geometry":{"type":"Point","coordinates":[141.8912,-13.0691]},"properties":{"d":"2026-09-15","t":"0421","frp":3.5,"b":330.8,"c":1,"s":"N21","n":0}},{"type":"Feature","geometry":{"type":"Point","coordinates":[141.8959,-13.0684]},"properties":{"d":"2026-09-15","t":"0421","frp":10.0,"b":343.4,"c":1,"s":"N21","n":0}},{"type":"Feature","geometry":{"type":"Point","coordinates":[141.9381,-13.0651]},"properties":{"d":"2026-09-15","t":"0421","frp":21.4,"b":367.0,"c":2,"s":"N21","n":0}},{"type":"Feature","geometry":{"type":"Point","coordinates":[141.9473,-13.0636]},"properties":{"d":"2026-09-15","t":"0421","frp":14.9,"b":353.8,"c":1,"s":"N21","n":0}},{"type":"Feature","geometry":{"type":"Point","coordinates":[141.952,-13.0628]},"properties":{"d":"2026-09-15","t":"0421","frp":10.2,"b":353.6,"c":1,"s":"N21","n":0}},{"type":"Feature","geometry":{"type":"Point","coordinates":[141.9566,-13.062]},"properties":{"d":"2026-09-15","t":"0421","frp":10.2,"b":350.0,"c":1,"s":"N21","n":0}},{"type":"Feature","geometry":{"type":"Point","coordinates":[141.9177,-13.057]},"properties":{"d":"2026-09-15","t":"0421","frp":4.5,"b":335.6,"c":1,"s":"N21","n":0}},{"type":"Feature","geometry":{"type":"Point","coordinates":[136.3527,-13.0473]},"properties":{"d":"2026-09-15","t":"0421","frp":6.9,"b":334.9,"c":1,"s":"N21","n":0}},{"type":"Feature","geometry":{"type":"Point","coordinates":[136.3565,-13.0467]},"properties":{"d":"2026-09-15","t":"0421","frp":6.9,"b":347.3,"c":1,"s":"N21","n":0}},{"type":"Feature","geometry":{"type":"Point","coordinates":[136.3523,-13.0439]},"properties":{"d":"2026-09-15","t":"0421","frp":6.9,"b":353.6,"c":1,"s":"N21","n":0}},{"type":"Feature","geometry":{"type":"Point","coordinates":[136.3786,-13.0435]},"properties":{"d":"2026-09-15","t":"0421","frp":4.9,"b":330.7,"c":1,"s":"N21","n":0}},{"type":"Feature","geometry":{"type":"Point","coordinates":[136.356,-13.0433]},"properties":{"d":"2026-09-15","t":"0421","frp":6.9,"b":352.5,"c":1,"s":"N21","n":0}},{"type":"Feature","geometry":{"type":"Point","coordinates":[136.3443,-13.0416]},"properties":{"d":"2026-09-15","t":"0421","frp":4.5,"b":330.3,"c":1,"s":"N21","n":0}},{"type":"Feature","geometry":{"type":"Point","coordinates":[136.3697,-13.0344]},"properties":{"d":"2026-09-15","t":"0421","frp":5.7,"b":333.7,"c":1,"s":"N21","n":0}},{"type":"Feature","geometry":{"type":"Point","coordinates":[136.3507,-13.0337]},"properties":{"d":"2026-09-15","t":"0421","frp":8.0,"b":342.6,"c":1,"s":"N21","n":0}},{"type":"Feature","geometry":{"type":"Point","coordinates":[136.3465,-13.0309]},"properties":{"d":"2026-09-15","t":"0421","frp":10.0,"b":334.9,"c":1,"s":"N21","n":0}},{"type":"Feature","geometry":{"type":"Point","coordinates":[136.3502,-13.0304]},"properties":{"d":"2026-09-15","t":"0421","frp":8.0,"b":338.2,"c":1,"s":"N21","n":0}},{"type":"Feature","geometry":{"type":"Point","coordinates":[131.2457,-12.9337]},"properties":{"d":"2026-09-15","t":"0421","frp":15.2,"b":355.8,"c":1,"s":"N21","n":0}},{"type":"Feature","geometry":{"type":"Point","coordinates":[131.2361,-12.9304]},"properties":{"d":"2026-09-15","t":"0421","frp":15.4,"b":351.9,"c":1,"s":"N21","n":0}},{"type":"Feature","geometry":{"type":"Point","coordinates":[131.2406,-12.9298]},"properties":{"d":"2026-09-15","t":"0421","frp":15.4,"b":355.3,"c":1,"s":"N21","n":0}},{"type":"Feature","geometry":{"type":"Point","coordinates":[131.2451,-12.9292]},"properties":{"d":"2026-09-15","t":"0421","frp":15.2,"b":345.1,"c":1,"s":"N21","n":0}},{"type":"Feature","geometry":{"type":"Point","coordinates":[132.1869,-12.8396]},"properties":{"d":"2026-09-15","t":"0421","frp":10.6,"b":346.1,"c":1,"s":"N21","n":0}},{"type":"Feature","geometry":{"type":"Point","coordinates":[132.1909,-12.8391]},"properties":{"d":"2026-09-15","t":"0421","frp":10.3,"b":351.1,"c":1,"s":"N21","n":0}},{"type":"Feature","geometry":{"type":"Point","coordinates":[132.1784,-12.8365]},"properties":{"d":"2026-09-15","t":"0421","frp":11.9,"b":354.0,"c":1,"s":"N21","n":0}},{"type":"Feature","geometry":{"type":"Point","coordinates":[132.1824,-12.836]},"properties":{"d":"2026-09-15","t":"0421","frp":10.6,"b":367.0,"c":2,"s":"N21","n":0}},{"type":"Feature","geometry":{"type":"Point","coordinates":[132.1863,-12.8354]},"properties":{"d":"2026-09-15","t":"0421","frp":10.6,"b":367.0,"c":2,"s":"N21","n":0}},{"type":"Feature","geometry":{"type":"Point","coordinates":[132.1778,-12.8354]},"properties":{"d":"2026-09-15","t":"0421","frp":16.1,"b":352.8,"c":1,"s":"N21","n":0}},{"type":"Feature","geometry":{"type":"Point","coordinates":[132.1818,-12.8349]},"properties":{"d":"2026-09-15","t":"0421","frp":10.3,"b":367.0,"c":2,"s":"N21","n":0}},{"type":"Feature","geometry":{"type":"Point","coordinates":[132.1942,-12.8344]},"properties":{"d":"2026-09-15","t":"0421","frp":10.3,"b":344.1,"c":1,"s":"N21","n":0}},{"type":"Feature","geometry":{"type":"Point","coordinates":[132.1858,-12.8344]},"properties":{"d":"2026-09-15","t":"0421","frp":10.3,"b":351.8,"c":1,"s":"N21","n":0}},{"type":"Feature","geometry":{"type":"Point","coordinates":[132.1981,-12.8339]},"properties":{"d":"2026-09-15","t":"0421","frp":6.2,"b":339.3,"c":0,"s":"N21","n":0}},{"type":"Feature","geometry":{"type":"Point","coordinates":[132.166,-12.8338]},"properties":{"d":"2026-09-15","t":"0421","frp":6.1,"b":341.5,"c":1,"s":"N21","n":0}},{"type":"Feature","geometry":{"type":"Point","coordinates":[132.202,-12.8334]},"properties":{"d":"2026-09-15","t":"0421","frp":6.2,"b":342.8,"c":1,"s":"N21","n":0}},{"type":"Feature","geometry":{"type":"Point","coordinates":[132.1699,-12.8333]},"properties":{"d":"2026-09-15","t":"0421","frp":6.1,"b":342.9,"c":1,"s":"N21","n":0}},{"type":"Feature","geometry":{"type":"Point","coordinates":[132.1654,-12.8328]},"properties":{"d":"2026-09-15","t":"0421","frp":4.5,"b":340.4,"c":1,"s":"N21","n":0}},{"type":"Feature","geometry":{"type":"Point","coordinates":[142.9885,-12.8326]},"properties":{"d":"2026-09-15","t":"0421","frp":16.0,"b":342.9,"c":1,"s":"N21","n":0}},{"type":"Feature","geometry":{"type":"Point","coordinates":[132.1694,-12.8323]},"properties":{"d":"2026-09-15","t":"0421","frp":4.5,"b":345.8,"c":1,"s":"N21","n":0}},{"type":"Feature","geometry":{"type":"Point","coordinates":[132.2014,-12.8322]},"properties":{"d":"2026-09-15","t":"0421","frp":16.3,"b":342.3,"c":0,"s":"N21","n":0}},{"type":"Feature","geometry":{"type":"Point","coordinates":[142.9921,-12.832]},"properties":{"d":"2026-09-15","t":"0421","frp":16.0,"b":340.8,"c":1,"s":"N21","n":0}},{"type":"Feature","geometry":{"type":"Point","coordinates":[142.9957,-12.8313]},"properties":{"d":"2026-09-15","t":"0421","frp":9.7,"b":348.8,"c":1,"s":"N21","n":0}},{"type":"Feature","geometry":{"type":"Point","coordinates":[142.9992,-12.8307]},"properties":{"d":"2026-09-15","t":"0421","frp":9.7,"b":341.3,"c":1,"s":"N21","n":0}},{"type":"Feature","geometry":{"type":"Point","coordinates":[132.1812,-12.8307]},"properties":{"d":"2026-09-15","t":"0421","frp":10.3,"b":347.6,"c":1,"s":"N21","n":0}},{"type":"Feature","geometry":{"type":"Point","coordinates":[142.9841,-12.8293]},"properties":{"d":"2026-09-15","t":"0421","frp":302.4,"b":367.0,"c":0,"s":"N21","n":0}},{"type":"Feature","geometry":{"type":"Point","coordinates":[132.2015,-12.8292]},"properties":{"d":"2026-09-15","t":"0421","frp":5.1,"b":338.6,"c":0,"s":"N21","n":0}},{"type":"Feature","geometry":{"type":"Point","coordinates":[142.9877,-12.8286]},"properties":{"d":"2026-09-15","t":"0421","frp":16.0,"b":367.0,"c":2,"s":"N21","n":0}},{"type":"Feature","geometry":{"type":"Point","coordinates":[142.9913,-12.828]},"properties":{"d":"2026-09-15","t":"0421","frp":16.0,"b":348.0,"c":1,"s":"N21","n":0}},{"type":"Feature","geometry":{"type":"Point","coordinates":[132.1727,-12.8276]},"properties":{"d":"2026-09-15","t":"0421","frp":10.1,"b":342.6,"c":0,"s":"N21","n":0}},{"type":"Feature","geometry":{"type":"Point","coordinates":[132.1812,-12.8276]},"properties":{"d":"2026-09-15","t":"0421","frp":20.9,"b":367.0,"c":2,"s":"N21","n":0}},{"type":"Feature","geometry":{"type":"Point","coordinates":[142.9949,-12.8273]},"properties":{"d":"2026-09-15","t":"0421","frp":9.7,"b":354.2,"c":1,"s":"N21","n":0}},{"type":"Feature","geometry":{"type":"Point","coordinates":[132.1806,-12.8265]},"properties":{"d":"2026-09-15","t":"0421","frp":9.4,"b":351.8,"c":1,"s":"N21","n":0}},{"type":"Feature","geometry":{"type":"Point","coordinates":[142.9797,-12.8259]},"properties":{"d":"2026-09-15","t":"0421","frp":8.7,"b":348.6,"c":1,"s":"N21","n":0}},{"type":"Feature","geometry":{"type":"Point","coordinates":[142.9833,-12.8253]},"properties":{"d":"2026-09-15","t":"0421","frp":8.7,"b":345.0,"c":1,"s":"N21","n":0}},{"type":"Feature","geometry":{"type":"Point","coordinates":[142.9869,-12.8246]},"properties":{"d":"2026-09-15","t":"0421","frp":4.6,"b":337.0,"c":1,"s":"N21","n":0}},{"type":"Feature","geometry":{"type":"Point","coordinates":[142.9905,-12.824]},"properties":{"d":"2026-09-15","t":"0421","frp":4.6,"b":344.6,"c":1,"s":"N21","n":0}},{"type":"Feature","geometry":{"type":"Point","coordinates":[132.1683,-12.8239]},"properties":{"d":"2026-09-15","t":"0421","frp":10.6,"b":341.0,"c":1,"s":"N21","n":0}},{"type":"Feature","geometry":{"type":"Point","coordinates":[132.1722,-12.8234]},"properties":{"d":"2026-09-15","t":"0421","frp":10.1,"b":345.5,"c":1,"s":"N21","n":0}},{"type":"Feature","geometry":{"type":"Point","coordinates":[142.9857,-12.8232]},"properties":{"d":"2026-09-15","t":"0421","frp":3.5,"b":330.3,"c":0,"s":"N21","n":0}},{"type":"Feature","geometry":{"type":"Point","coordinates":[142.9892,-12.8225]},"properties":{"d":"2026-09-15","t":"0421","frp":3.5,"b":330.8,"c":1,"s":"N21","n":0}},{"type":"Feature","geometry":{"type":"Point","coordinates":[132.18,-12.8223]},"properties":{"d":"2026-09-15","t":"0421","frp":9.4,"b":341.4,"c":1,"s":"N21","n":0}},{"type":"Feature","geometry":{"type":"Point","coordinates":[132.1716,-12.8192]},"properties":{"d":"2026-09-15","t":"0421","frp":8.6,"b":344.8,"c":1,"s":"N21","n":0}},{"type":"Feature","geometry":{"type":"Point","coordinates":[136.3284,-12.8129]},"properties":{"d":"2026-09-15","t":"0421","frp":11.6,"b":352.2,"c":1,"s":"N21","n":0}},{"type":"Feature","geometry":{"type":"Point","coordinates":[143.3474,-12.8114]},"properties":{"d":"2026-09-15","t":"0421","frp":8.1,"b":346.3,"c":1,"s":"N21","n":0}},{"type":"Feature","geometry":{"type":"Point","coordinates":[136.3315,-12.809]},"properties":{"d":"2026-09-15","t":"0421","frp":6.9,"b":336.6,"c":0,"s":"N21","n":0}},{"type":"Feature","geometry":{"type":"Point","coordinates":[132.1224,-12.8087]},"properties":{"d":"2026-09-15","t":"0421","frp":58.8,"b":337.2,"c":1,"s":"N21","n":0}},{"type":"Feature","geometry":{"type":"Point","coordinates":[132.1342,-12.8072]},"properties":{"d":"2026-09-15","t":"0421","frp":84.9,"b":367.0,"c":2,"s":"N21","n":0}},{"type":"Feature","geometry":{"type":"Point","coordinates":[132.1258,-12.804]},"properties":{"d":"2026-09-15","t":"0421","frp":58.8,"b":348.0,"c":1,"s":"N21","n":0}},{"type":"Feature","geometry":{"type":"Point","coordinates":[142.2903,-12.7958]},"properties":{"d":"2026-09-15","t":"0421","frp":9.8,"b":336.8,"c":1,"s":"N21","n":0}},{"type":"Feature","geometry":{"type":"Point","coordinates":[142.2952,-12.7949]},"properties":{"d":"2026-09-15","t":"0421","frp":9.8,"b":367.0,"c":2,"s":"N21","n":0}},{"type":"Feature","geometry":{"type":"Point","coordinates":[136.1816,-12.7949]},"properties":{"d":"2026-09-15","t":"0421","frp":5.3,"b":346.1,"c":1,"s":"N21","n":0}},{"type":"Feature","geometry":{"type":"Point","coordinates":[136.1811,-12.7915]},"properties":{"d":"2026-09-15","t":"0421","frp":5.3,"b":347.0,"c":1,"s":"N21","n":0}},{"type":"Feature","geometry":{"type":"Point","coordinates":[142.2945,-12.7911]},"properties":{"d":"2026-09-15","t":"0421","frp":13.8,"b":344.2,"c":1,"s":"N21","n":0}},{"type":"Feature","geometry":{"type":"Point","coordinates":[136.1848,-12.791]},"properties":{"d":"2026-09-15","t":"0421","frp":3.5,"b":333.0,"c":1,"s":"N21","n":0}},{"type":"Feature","geometry":{"type":"Point","coordinates":[136.1657,-12.7903]},"properties":{"d":"2026-09-15","t":"0421","frp":9.2,"b":346.4,"c":1,"s":"N21","n":0}},{"type":"Feature","geometry":{"type":"Point","coordinates":[142.2994,-12.7903]},"properties":{"d":"2026-09-15","t":"0421","frp":13.4,"b":354.2,"c":1,"s":"N21","n":0}},{"type":"Feature","geometry":{"type":"Point","coordinates":[136.1694,-12.7898]},"properties":{"d":"2026-09-15","t":"0421","frp":5.2,"b":332.6,"c":0,"s":"N21","n":0}},{"type":"Feature","geometry":{"type":"Point","coordinates":[136.1806,-12.7881]},"properties":{"d":"2026-09-15","t":"0421","frp":4.3,"b":339.8,"c":1,"s":"N21","n":0}},{"type":"Feature","geometry":{"type":"Point","coordinates":[132.1834,-12.7878]},"properties":{"d":"2026-09-15","t":"0421","frp":7.6,"b":347.7,"c":1,"s":"N21","n":0}},{"type":"Feature","geometry":{"type":"Point","coordinates":[136.1843,-12.7876]},"properties":{"d":"2026-09-15","t":"0421","frp":5.1,"b":335.1,"c":0,"s":"N21","n":0}},{"type":"Feature","geometry":{"type":"Point","coordinates":[136.1615,-12.7875]},"properties":{"d":"2026-09-15","t":"0421","frp":9.2,"b":351.6,"c":1,"s":"N21","n":0}},{"type":"Feature","geometry":{"type":"Point","coordinates":[132.1873,-12.7873]},"properties":{"d":"2026-09-15","t":"0421","frp":7.6,"b":353.5,"c":1,"s":"N21","n":0}},{"type":"Feature","geometry":{"type":"Point","coordinates":[136.1652,-12.7869]},"properties":{"d":"2026-09-15","t":"0421","frp":9.2,"b":340.4,"c":1,"s":"N21","n":0}},{"type":"Feature","geometry":{"type":"Point","coordinates":[136.1726,-12.7858]},"properties":{"d":"2026-09-15","t":"0421","frp":5.2,"b":334.5,"c":1,"s":"N21","n":0}},{"type":"Feature","geometry":{"type":"Point","coordinates":[142.3036,-12.7856]},"properties":{"d":"2026-09-15","t":"0421","frp":13.4,"b":344.2,"c":1,"s":"N21","n":0}},{"type":"Feature","geometry":{"type":"Point","coordinates":[143.327,-12.7854]},"properties":{"d":"2026-09-15","t":"0421","frp":13.9,"b":355.1,"c":1,"s":"N21","n":0}},{"type":"Feature","geometry":{"type":"Point","coordinates":[142.3085,-12.7848]},"properties":{"d":"2026-09-15","t":"0421","frp":3.9,"b":333.4,"c":0,"s":"N21","n":0}},{"type":"Feature","geometry":{"type":"Point","coordinates":[136.1572,-12.7846]},"properties":{"d":"2026-09-15","t":"0421","frp":3.7,"b":335.3,"c":1,"s":"N21","n":0}},{"type":"Feature","geometry":{"type":"Point","coordinates":[136.161,-12.7841]},"properties":{"d":"2026-09-15","t":"0421","frp":12.8,"b":352.2,"c":1,"s":"N21","n":0}},{"type":"Feature","geometry":{"type":"Point","coordinates":[136.1647,-12.7835]},"properties":{"d":"2026-09-15","t":"0421","frp":12.8,"b":367.0,"c":2,"s":"N21","n":0}},{"type":"Feature","geometry":{"type":"Point","coordinates":[136.1684,-12.783]},"properties":{"d":"2026-09-15","t":"0421","frp":1.2,"b":330.4,"c":1,"s":"N21","n":0}},{"type":"Feature","geometry":{"type":"Point","coordinates":[143.3262,-12.7813]},"properties":{"d":"2026-09-15","t":"0421","frp":12.6,"b":343.7,"c":1,"s":"N21","n":0}},{"type":"Feature","geometry":{"type":"Point","coordinates":[142.3078,-12.7809]},"properties":{"d":"2026-09-15","t":"0421","frp":7.9,"b":340.9,"c":1,"s":"N21","n":0}},{"type":"Feature","geometry":{"type":"Point","coordinates":[132.1426,-12.7804]},"properties":{"d":"2026-09-15","t":"0421","frp":7.9,"b":341.3,"c":1,"s":"N21","n":0}},{"type":"Feature","geometry":{"type":"Point","coordinates":[132.1862,-12.7789]},"properties":{"d":"2026-09-15","t":"0421","frp":6.0,"b":344.8,"c":1,"s":"N21","n":0}},{"type":"Feature","geometry":{"type":"Point","coordinates":[143.3179,-12.7786]},"properties":{"d":"2026-09-15","t":"0421","frp":16.8,"b":340.7,"c":1,"s":"N21","n":0}},{"type":"Feature","geometry":{"type":"Point","coordinates":[142.3071,-12.7771]},"properties":{"d":"2026-09-15","t":"0421","frp":7.9,"b":337.5,"c":1,"s":"N21","n":0}},{"type":"Feature","geometry":{"type":"Point","coordinates":[132.1756,-12.759]},"properties":{"d":"2026-09-15","t":"0421","frp":10.8,"b":342.3,"c":1,"s":"N21","n":0}},{"type":"Feature","geometry":{"type":"Point","coordinates":[132.1712,-12.7553]},"properties":{"d":"2026-09-15","t":"0421","frp":10.8,"b":351.4,"c":1,"s":"N21","n":0}},{"type":"Feature","geometry":{"type":"Point","coordinates":[132.175,-12.7548]},"properties":{"d":"2026-09-15","t":"0421","frp":10.8,"b":342.3,"c":1,"s":"N21","n":0}},{"type":"Feature","geometry":{"type":"Point","coordinates":[132.1628,-12.7521]},"properties":{"d":"2026-09-15","t":"0421","frp":237.0,"b":367.0,"c":2,"s":"N21","n":0}},{"type":"Feature","geometry":{"type":"Point","coordinates":[132.1667,-12.7516]},"properties":{"d":"2026-09-15","t":"0421","frp":237.0,"b":367.0,"c":2,"s":"N21","n":0}},{"type":"Feature","geometry":{"type":"Point","coordinates":[132.1706,-12.7511]},"properties":{"d":"2026-09-15","t":"0421","frp":28.8,"b":349.1,"c":1,"s":"N21","n":0}},{"type":"Feature","geometry":{"type":"Point","coordinates":[132.1544,-12.749]},"properties":{"d":"2026-09-15","t":"0421","frp":48.0,"b":336.4,"c":1,"s":"N21","n":0}},{"type":"Feature","geometry":{"type":"Point","coordinates":[132.1583,-12.7484]},"properties":{"d":"2026-09-15","t":"0421","frp":48.0,"b":367.0,"c":2,"s":"N21","n":0}},{"type":"Feature","geometry":{"type":"Point","coordinates":[132.1538,-12.7447]},"properties":{"d":"2026-09-15","t":"0421","frp":8.4,"b":342.8,"c":1,"s":"N21","n":0}},{"type":"Feature","geometry":{"type":"Point","coordinates":[132.1494,-12.7411]},"properties":{"d":"2026-09-15","t":"0421","frp":71.2,"b":346.6,"c":1,"s":"N21","n":0}},{"type":"Feature","geometry":{"type":"Point","coordinates":[132.0242,-12.74]},"properties":{"d":"2026-09-15","t":"0421","frp":8.2,"b":353.3,"c":1,"s":"N21","n":0}},{"type":"Feature","geometry":{"type":"Point","coordinates":[132.0243,-12.7397]},"properties":{"d":"2026-09-15","t":"0421","frp":7.4,"b":351.7,"c":1,"s":"N21","n":0}},{"type":"Feature","geometry":{"type":"Point","coordinates":[132.0193,-12.7318]},"properties":{"d":"2026-09-15","t":"0421","frp":5.1,"b":338.4,"c":1,"s":"N21","n":0}},{"type":"Feature","geometry":{"type":"Point","coordinates":[132.0233,-12.7312]},"properties":{"d":"2026-09-15","t":"0421","frp":4.1,"b":343.8,"c":1,"s":"N21","n":0}},{"type":"Feature","geometry":{"type":"Point","coordinates":[132.0273,-12.7307]},"properties":{"d":"2026-09-15","t":"0421","frp":4.1,"b":339.9,"c":1,"s":"N21","n":0}},{"type":"Feature","geometry":{"type":"Point","coordinates":[132.0228,-12.727]},"properties":{"d":"2026-09-15","t":"0421","frp":4.1,"b":333.6,"c":1,"s":"N21","n":0}},{"type":"Feature","geometry":{"type":"Point","coordinates":[132.0267,-12.7265]},"properties":{"d":"2026-09-15","t":"0421","frp":4.1,"b":334.6,"c":1,"s":"N21","n":0}},{"type":"Feature","geometry":{"type":"Point","coordinates":[132.9595,-12.7184]},"properties":{"d":"2026-09-15","t":"0421","frp":20.8,"b":348.5,"c":1,"s":"N21","n":0}},{"type":"Feature","geometry":{"type":"Point","coordinates":[132.9647,-12.7178]},"properties":{"d":"2026-09-15","t":"0421","frp":7.7,"b":333.8,"c":1,"s":"N21","n":0}},{"type":"Feature","geometry":{"type":"Point","coordinates":[132.9562,-12.7163]},"properties":{"d":"2026-09-15","t":"0421","frp":16.1,"b":336.2,"c":0,"s":"N21","n":0}},{"type":"Feature","geometry":{"type":"Point","coordinates":[132.9614,-12.7156]},"properties":{"d":"2026-09-15","t":"0421","frp":16.1,"b":355.3,"c":1,"s":"N21","n":0}},{"type":"Feature","geometry":{"type":"Point","coordinates":[132.9667,-12.7148]},"properties":{"d":"2026-09-15","t":"0421","frp":8.5,"b":341.3,"c":1,"s":"N21","n":0}},{"type":"Feature","geometry":{"type":"Point","coordinates":[132.9609,-12.7116]},"properties":{"d":"2026-09-15","t":"0421","frp":16.9,"b":340.0,"c":1,"s":"N21","n":0}},{"type":"Feature","geometry":{"type":"Point","coordinates":[132.9276,-12.6959]},"properties":{"d":"2026-09-15","t":"0421","frp":8.2,"b":344.1,"c":1,"s":"N21","n":0}},{"type":"Feature","geometry":{"type":"Point","coordinates":[132.9806,-12.6603]},"properties":{"d":"2026-09-15","t":"0421","frp":13.2,"b":354.9,"c":1,"s":"N21","n":0}},{"type":"Feature","geometry":{"type":"Point","coordinates":[136.5996,-12.6578]},"properties":{"d":"2026-09-15","t":"0421","frp":8.9,"b":347.2,"c":1,"s":"N21","n":0}},{"type":"Feature","geometry":{"type":"Point","coordinates":[132.9801,-12.6564]},"properties":{"d":"2026-09-15","t":"0421","frp":13.2,"b":340.8,"c":0,"s":"N21","n":0}},{"type":"Feature","geometry":{"type":"Point","coordinates":[132.9853,-12.6557]},"properties":{"d":"2026-09-15","t":"0421","frp":13.2,"b":343.5,"c":1,"s":"N21","n":0}},{"type":"Feature","geometry":{"type":"Point","coordinates":[132.9796,-12.6524]},"properties":{"d":"2026-09-15","t":"0421","frp":13.4,"b":351.9,"c":1,"s":"N21","n":0}},{"type":"Feature","geometry":{"type":"Point","coordinates":[132.9791,-12.6484]},"properties":{"d":"2026-09-15","t":"0421","frp":13.4,"b":346.9,"c":1,"s":"N21","n":0}},{"type":"Feature","geometry":{"type":"Point","coordinates":[134.296,-12.6482]},"properties":{"d":"2026-09-15","t":"0421","frp":8.9,"b":331.5,"c":0,"s":"N21","n":0}},{"type":"Feature","geometry":{"type":"Point","coordinates":[134.2988,-12.6476]},"properties":{"d":"2026-09-15","t":"0421","frp":3.0,"b":335.1,"c":1,"s":"N21","n":0}},{"type":"Feature","geometry":{"type":"Point","coordinates":[134.2954,-12.6445]},"properties":{"d":"2026-09-15","t":"0421","frp":8.9,"b":354.4,"c":1,"s":"N21","n":0}},{"type":"Feature","geometry":{"type":"Point","coordinates":[132.9785,-12.6445]},"properties":{"d":"2026-09-15","t":"0421","frp":6.2,"b":337.5,"c":0,"s":"N21","n":0}},{"type":"Feature","geometry":{"type":"Point","coordinates":[132.9774,-12.6365]},"properties":{"d":"2026-09-15","t":"0421","frp":9.2,"b":336.4,"c":1,"s":"N21","n":0}},{"type":"Feature","geometry":{"type":"Point","coordinates":[132.9826,-12.6358]},"properties":{"d":"2026-09-15","t":"0421","frp":9.2,"b":345.8,"c":1,"s":"N21","n":0}},{"type":"Feature","geometry":{"type":"Point","coordinates":[132.9821,-12.6319]},"properties":{"d":"2026-09-15","t":"0421","frp":9.2,"b":340.2,"c":1,"s":"N21","n":0}},{"type":"Feature","geometry":{"type":"Point","coordinates":[132.9817,-12.6279]},"properties":{"d":"2026-09-15","t":"0421","frp":3.6,"b":331.2,"c":0,"s":"N21","n":0}},{"type":"Feature","geometry":{"type":"Point","coordinates":[136.1753,-12.625]},"properties":{"d":"2026-09-15","t":"0421","frp":9.7,"b":345.6,"c":1,"s":"N21","n":0}},{"type":"Feature","geometry":{"type":"Point","coordinates":[132.9839,-12.6245]},"properties":{"d":"2026-09-15","t":"0421","frp":5.8,"b":334.6,"c":1,"s":"N21","n":0}},{"type":"Feature","geometry":{"type":"Point","coordinates":[136.179,-12.6244]},"properties":{"d":"2026-09-15","t":"0421","frp":9.7,"b":346.2,"c":1,"s":"N21","n":0}},{"type":"Feature","geometry":{"type":"Point","coordinates":[132.9813,-12.6239]},"properties":{"d":"2026-09-15","t":"0421","frp":3.6,"b":331.8,"c":0,"s":"N21","n":0}},{"type":"Feature","geometry":{"type":"Point","coordinates":[136.1748,-12.6216]},"properties":{"d":"2026-09-15","t":"0421","frp":9.7,"b":341.1,"c":1,"s":"N21","n":0}},{"type":"Feature","geometry":{"type":"Point","coordinates":[132.9836,-12.6205]},"properties":{"d":"2026-09-15","t":"0421","frp":5.8,"b":336.4,"c":1,"s":"N21","n":0}},{"type":"Feature","geometry":{"type":"Point","coordinates":[132.9859,-12.6192]},"properties":{"d":"2026-09-15","t":"0421","frp":3.3,"b":331.8,"c":0,"s":"N21","n":0}},{"type":"Feature","geometry":{"type":"Point","coordinates":[132.9833,-12.6165]},"properties":{"d":"2026-09-15","t":"0421","frp":4.1,"b":332.9,"c":1,"s":"N21","n":0}},{"type":"Feature","geometry":{"type":"Point","coordinates":[134.5644,-12.6098]},"properties":{"d":"2026-09-15","t":"0421","frp":5.9,"b":333.1,"c":1,"s":"N21","n":0}},{"type":"Feature","geometry":{"type":"Point","coordinates":[134.5634,-12.6026]},"properties":{"d":"2026-09-15","t":"0421","frp":8.6,"b":336.8,"c":1,"s":"N21","n":0}},{"type":"Feature","geometry":{"type":"Point","coordinates":[134.5629,-12.599]},"properties":{"d":"2026-09-15","t":"0421","frp":8.6,"b":344.9,"c":1,"s":"N21","n":0}},{"type":"Feature","geometry":{"type":"Point","coordinates":[134.5533,-12.593]},"properties":{"d":"2026-09-15","t":"0421","frp":11.9,"b":344.8,"c":1,"s":"N21","n":0}},{"type":"Feature","geometry":{"type":"Point","coordinates":[134.5485,-12.5899]},"properties":{"d":"2026-09-15","t":"0421","frp":13.4,"b":346.4,"c":1,"s":"N21","n":0}},{"type":"Feature","geometry":{"type":"Point","coordinates":[134.5437,-12.5869]},"properties":{"d":"2026-09-15","t":"0421","frp":11.1,"b":337.3,"c":1,"s":"N21","n":0}},{"type":"Feature","geometry":{"type":"Point","coordinates":[134.5299,-12.5815]},"properties":{"d":"2026-09-15","t":"0421","frp":9.7,"b":351.9,"c":1,"s":"N21","n":0}},{"type":"Feature","geometry":{"type":"Point","coordinates":[134.5245,-12.5748]},"properties":{"d":"2026-09-15","t":"0421","frp":6.4,"b":343.5,"c":1,"s":"N21","n":0}},{"type":"Feature","geometry":{"type":"Point","coordinates":[134.524,-12.5712]},"properties":{"d":"2026-09-15","t":"0421","frp":18.7,"b":367.0,"c":2,"s":"N21","n":0}},{"type":"Feature","geometry":{"type":"Point","coordinates":[134.5192,-12.5682]},"properties":{"d":"2026-09-15","t":"0421","frp":18.7,"b":338.8,"c":1,"s":"N21","n":0}},{"type":"Feature","geometry":{"type":"Point","coordinates":[136.2092,-12.5529]},"properties":{"d":"2026-09-15","t":"0421","frp":5.8,"b":335.8,"c":0,"s":"N21","n":0}},{"type":"Feature","geometry":{"type":"Point","coordinates":[136.705,-12.5474]},"properties":{"d":"2026-09-15","t":"0421","frp":2.8,"b":334.1,"c":1,"s":"N21","n":0}},{"type":"Feature","geometry":{"type":"Point","coordinates":[136.2082,-12.5461]},"properties":{"d":"2026-09-15","t":"0421","frp":12.5,"b":341.6,"c":1,"s":"N21","n":0}},{"type":"Feature","geometry":{"type":"Point","coordinates":[136.7158,-12.5458]},"properties":{"d":"2026-09-15","t":"0421","frp":5.3,"b":348.6,"c":1,"s":"N21","n":0}},{"type":"Feature","geometry":{"type":"Point","coordinates":[136.7194,-12.5453]},"properties":{"d":"2026-09-15","t":"0421","frp":5.3,"b":341.9,"c":1,"s":"N21","n":0}},{"type":"Feature","geometry":{"type":"Point","coordinates":[136.7045,-12.544]},"properties":{"d":"2026-09-15","t":"0421","frp":2.8,"b":340.6,"c":1,"s":"N21","n":0}},{"type":"Feature","geometry":{"type":"Point","coordinates":[136.204,-12.5433]},"properties":{"d":"2026-09-15","t":"0421","frp":21.8,"b":354.6,"c":1,"s":"N21","n":0}},{"type":"Feature","geometry":{"type":"Point","coordinates":[136.2035,-12.5399]},"properties":{"d":"2026-09-15","t":"0421","frp":11.0,"b":367.0,"c":2,"s":"N21","n":0}},{"type":"Feature","geometry":{"type":"Point","coordinates":[136.2072,-12.5394]},"properties":{"d":"2026-09-15","t":"0421","frp":14.8,"b":350.2,"c":1,"s":"N21","n":0}},{"type":"Feature","geometry":{"type":"Point","coordinates":[136.2109,-12.5388]},"properties":{"d":"2026-09-15","t":"0421","frp":14.8,"b":348.5,"c":1,"s":"N21","n":0}},{"type":"Feature","geometry":{"type":"Point","coordinates":[136.2067,-12.536]},"properties":{"d":"2026-09-15","t":"0421","frp":14.8,"b":335.1,"c":1,"s":"N21","n":0}},{"type":"Feature","geometry":{"type":"Point","coordinates":[136.2104,-12.5354]},"properties":{"d":"2026-09-15","t":"0421","frp":14.8,"b":341.4,"c":1,"s":"N21","n":0}},{"type":"Feature","geometry":{"type":"Point","coordinates":[136.2099,-12.532]},"properties":{"d":"2026-09-15","t":"0421","frp":3.7,"b":331.8,"c":0,"s":"N21","n":0}},{"type":"Feature","geometry":{"type":"Point","coordinates":[135.8495,-12.497]},"properties":{"d":"2026-09-15","t":"0421","frp":19.1,"b":336.8,"c":1,"s":"N21","n":0}},{"type":"Feature","geometry":{"type":"Point","coordinates":[135.8031,-12.4967]},"properties":{"d":"2026-09-15","t":"0421","frp":4.0,"b":334.8,"c":1,"s":"N21","n":0}},{"type":"Feature","geometry":{"type":"Point","coordinates":[134.3687,-12.496]},"properties":{"d":"2026-09-15","t":"0421","frp":8.6,"b":339.3,"c":1,"s":"N21","n":0}},{"type":"Feature","geometry":{"type":"Point","coordinates":[134.373,-12.4954]},"properties":{"d":"2026-09-15","t":"0421","frp":8.6,"b":352.6,"c":1,"s":"N21","n":0}},{"type":"Feature","geometry":{"type":"Point","coordinates":[134.3774,-12.4948]},"properties":{"d":"2026-09-15","t":"0421","frp":7.9,"b":347.8,"c":1,"s":"N21","n":0}},{"type":"Feature","geometry":{"type":"Point","coordinates":[135.849,-12.4936]},"properties":{"d":"2026-09-15","t":"0421","frp":19.1,"b":348.6,"c":1,"s":"N21","n":0}},{"type":"Feature","geometry":{"type":"Point","coordinates":[135.8527,-12.493]},"properties":{"d":"2026-09-15","t":"0421","frp":19.1,"b":353.4,"c":1,"s":"N21","n":0}},{"type":"Feature","geometry":{"type":"Point","coordinates":[134.3682,-12.4923]},"properties":{"d":"2026-09-15","t":"0421","frp":7.9,"b":338.0,"c":0,"s":"N21","n":0}},{"type":"Feature","geometry":{"type":"Point","coordinates":[130.6937,-12.4915]},"properties":{"d":"2026-09-15","t":"0421","frp":26.7,"b":352.8,"c":1,"s":"N21","n":0}},{"type":"Feature","geometry":{"type":"Point","coordinates":[130.6915,-12.4914]},"properties":{"d":"2026-09-15","t":"0421","frp":22.7,"b":341.9,"c":1,"s":"N21","n":0}},{"type":"Feature","geometry":{"type":"Point","coordinates":[130.6963,-12.4908]},"properties":{"d":"2026-09-15","t":"0421","frp":22.7,"b":354.5,"c":1,"s":"N21","n":0}},{"type":"Feature","geometry":{"type":"Point","coordinates":[130.6985,-12.4908]},"properties":{"d":"2026-09-15","t":"0421","frp":26.7,"b":343.2,"c":1,"s":"N21","n":0}},{"type":"Feature","geometry":{"type":"Point","coordinates":[135.8522,-12.4896]},"properties":{"d":"2026-09-15","t":"0421","frp":129.6,"b":355.2,"c":1,"s":"N21","n":0}},{"type":"Feature","geometry":{"type":"Point","coordinates":[131.3288,-12.4875]},"properties":{"d":"2026-09-15","t":"0421","frp":9.1,"b":335.6,"c":1,"s":"N21","n":0}},{"type":"Feature","geometry":{"type":"Point","coordinates":[130.6931,-12.4869]},"properties":{"d":"2026-09-15","t":"0421","frp":14.6,"b":353.1,"c":1,"s":"N21","n":0}},{"type":"Feature","geometry":{"type":"Point","coordinates":[130.6908,-12.4868]},"properties":{"d":"2026-09-15","t":"0421","frp":22.7,"b":342.9,"c":1,"s":"N21","n":0}},{"type":"Feature","geometry":{"type":"Point","coordinates":[130.6979,-12.4862]},"properties":{"d":"2026-09-15","t":"0421","frp":14.6,"b":344.3,"c":1,"s":"N21","n":0}},{"type":"Feature","geometry":{"type":"Point","coordinates":[130.6957,-12.4862]},"properties":{"d":"2026-09-15","t":"0421","frp":22.7,"b":348.5,"c":1,"s":"N21","n":0}},{"type":"Feature","geometry":{"type":"Point","coordinates":[130.6482,-12.4834]},"properties":{"d":"2026-09-15","t":"0421","frp":23.9,"b":353.0,"c":1,"s":"N21","n":0}},{"type":"Feature","geometry":{"type":"Point","coordinates":[130.6876,-12.4829]},"properties":{"d":"2026-09-15","t":"0421","frp":26.5,"b":346.8,"c":1,"s":"N21","n":0}},{"type":"Feature","geometry":{"type":"Point","coordinates":[130.6854,-12.4828]},"properties":{"d":"2026-09-15","t":"0421","frp":16.0,"b":354.7,"c":1,"s":"N21","n":0}},{"type":"Feature","geometry":{"type":"Point","coordinates":[132.2646,-12.4827]},"properties":{"d":"2026-09-15","t":"0421","frp":6.3,"b":341.8,"c":1,"s":"N21","n":0}},{"type":"Feature","geometry":{"type":"Point","coordinates":[130.6507,-12.4824]},"properties":{"d":"2026-09-15","t":"0421","frp":11.9,"b":342.2,"c":1,"s":"N21","n":0}},{"type":"Feature","geometry":{"type":"Point","coordinates":[130.6973,-12.4816]},"properties":{"d":"2026-09-15","t":"0421","frp":14.6,"b":338.2,"c":1,"s":"N21","n":0}},{"type":"Feature","geometry":{"type":"Point","coordinates":[130.7,-12.481]},"properties":{"d":"2026-09-15","t":"0421","frp":4.8,"b":336.8,"c":1,"s":"N21","n":0}},{"type":"Feature","geometry":{"type":"Point","coordinates":[132.9034,-12.479]},"properties":{"d":"2026-09-15","t":"0421","frp":6.6,"b":331.1,"c":0,"s":"N21","n":0}},{"type":"Feature","geometry":{"type":"Point","coordinates":[130.6871,-12.4783]},"properties":{"d":"2026-09-15","t":"0421","frp":4.5,"b":333.6,"c":1,"s":"N21","n":0}},{"type":"Feature","geometry":{"type":"Point","coordinates":[130.6574,-12.4775]},"properties":{"d":"2026-09-15","t":"0421","frp":156.0,"b":342.6,"c":1,"s":"N21","n":0}},{"type":"Feature","geometry":{"type":"Point","coordinates":[132.2597,-12.475]},"properties":{"d":"2026-09-15","t":"0421","frp":8.9,"b":338.0,"c":0,"s":"N21","n":0}},{"type":"Feature","geometry":{"type":"Point","coordinates":[131.3227,-12.4749]},"properties":{"d":"2026-09-15","t":"0421","frp":9.5,"b":343.5,"c":1,"s":"N21","n":0}},{"type":"Feature","geometry":{"type":"Point","coordinates":[142.3316,-12.4739]},"properties":{"d":"2026-09-15","t":"0421","frp":8.4,"b":337.2,"c":1,"s":"N21","n":0}},{"type":"Feature","geometry":{"type":"Point","coordinates":[130.6519,-12.4735]},"properties":{"d":"2026-09-15","t":"0421","frp":2.6,"b":331.2,"c":1,"s":"N21","n":0}},{"type":"Feature","geometry":{"type":"Point","coordinates":[132.2591,-12.4708]},"properties":{"d":"2026-09-15","t":"0421","frp":8.9,"b":343.4,"c":1,"s":"N21","n":0}},{"type":"Feature","geometry":{"type":"Point","coordinates":[131.3222,-12.4704]},"properties":{"d":"2026-09-15","t":"0421","frp":9.5,"b":340.0,"c":1,"s":"N21","n":0}},{"type":"Feature","geometry":{"type":"Point","coordinates":[142.331,-12.4701]},"properties":{"d":"2026-09-15","t":"0421","frp":8.4,"b":348.4,"c":1,"s":"N21","n":0}},{"type":"Feature","geometry":{"type":"Point","coordinates":[142.3253,-12.467]},"properties":{"d":"2026-09-15","t":"0421","frp":6.2,"b":335.4,"c":1,"s":"N21","n":0}},{"type":"Feature","geometry":{"type":"Point","coordinates":[132.2586,-12.4667]},"properties":{"d":"2026-09-15","t":"0421","frp":6.4,"b":367.0,"c":2,"s":"N21","n":0}},{"type":"Feature","geometry":{"type":"Point","coordinates":[142.3303,-12.4662]},"properties":{"d":"2026-09-15","t":"0421","frp":8.2,"b":341.0,"c":1,"s":"N21","n":0}},{"type":"Feature","geometry":{"type":"Point","coordinates":[132.2542,-12.463]},"properties":{"d":"2026-09-15","t":"0421","frp":15.8,"b":367.0,"c":2,"s":"N21","n":0}},{"type":"Feature","geometry":{"type":"Point","coordinates":[132.258,-12.4625]},"properties":{"d":"2026-09-15","t":"0421","frp":6.4,"b":331.6,"c":1,"s":"N21","n":0}},{"type":"Feature","geometry":{"type":"Point","coordinates":[132.2492,-12.4553]},"properties":{"d":"2026-09-15","t":"0421","frp":8.7,"b":343.2,"c":1,"s":"N21","n":0}},{"type":"Feature","geometry":{"type":"Point","coordinates":[132.2531,-12.4547]},"properties":{"d":"2026-09-15","t":"0421","frp":8.7,"b":341.0,"c":1,"s":"N21","n":0}},{"type":"Feature","geometry":{"type":"Point","coordinates":[142.3836,-12.4492]},"properties":{"d":"2026-09-15","t":"0421","frp":13.7,"b":341.7,"c":1,"s":"N21","n":0}},{"type":"Feature","geometry":{"type":"Point","coordinates":[142.3829,-12.4453]},"properties":{"d":"2026-09-15","t":"0421","frp":13.7,"b":351.7,"c":1,"s":"N21","n":0}},{"type":"Feature","geometry":{"type":"Point","coordinates":[142.3871,-12.4406]},"properties":{"d":"2026-09-15","t":"0421","frp":2.8,"b":336.5,"c":1,"s":"N21","n":0}},{"type":"Feature","geometry":{"type":"Point","coordinates":[141.954,-12.4323]},"properties":{"d":"2026-09-15","t":"0421","frp":11.7,"b":341.8,"c":1,"s":"N21","n":0}},{"type":"Feature","geometry":{"type":"Point","coordinates":[141.9533,-12.4286]},"properties":{"d":"2026-09-15","t":"0421","frp":11.9,"b":345.7,"c":1,"s":"N21","n":0}},{"type":"Feature","geometry":{"type":"Point","coordinates":[141.958,-12.4278]},"properties":{"d":"2026-09-15","t":"0421","frp":4.8,"b":342.2,"c":1,"s":"N21","n":0}},{"type":"Feature","geometry":{"type":"Point","coordinates":[141.9627,-12.427]},"properties":{"d":"2026-09-15","t":"0421","frp":4.8,"b":336.2,"c":0,"s":"N21","n":0}},{"type":"Feature","geometry":{"type":"Point","coordinates":[130.6855,-12.4269]},"properties":{"d":"2026-09-15","t":"0421","frp":12.1,"b":343.7,"c":1,"s":"N21","n":0}},{"type":"Feature","geometry":{"type":"Point","coordinates":[141.9621,-12.4232]},"properties":{"d":"2026-09-15","t":"0421","frp":4.8,"b":341.0,"c":0,"s":"N21","n":0}},{"type":"Feature","geometry":{"type":"Point","coordinates":[136.3773,-12.423]},"properties":{"d":"2026-09-15","t":"0421","frp":4.5,"b":335.2,"c":1,"s":"N21","n":0}},{"type":"Feature","geometry":{"type":"Point","coordinates":[130.6849,-12.4223]},"properties":{"d":"2026-09-15","t":"0421","frp":3.2,"b":331.9,"c":1,"s":"N21","n":0}},{"type":"Feature","geometry":{"type":"Point","coordinates":[136.3767,-12.4197]},"properties":{"d":"2026-09-15","t":"0421","frp":3.8,"b":337.9,"c":1,"s":"N21","n":0}},{"type":"Feature","geometry":{"type":"Point","coordinates":[141.9614,-12.4194]},"properties":{"d":"2026-09-15","t":"0421","frp":6.5,"b":345.7,"c":1,"s":"N21","n":0}},{"type":"Feature","geometry":{"type":"Point","coordinates":[136.3757,-12.413]},"properties":{"d":"2026-09-15","t":"0421","frp":5.0,"b":336.1,"c":1,"s":"N21","n":0}},{"type":"Feature","geometry":{"type":"Point","coordinates":[136.3752,-12.4096]},"properties":{"d":"2026-09-15","t":"0421","frp":5.0,"b":352.4,"c":1,"s":"N21","n":0}},{"type":"Feature","geometry":{"type":"Point","coordinates":[142.2773,-12.4061]},"properties":{"d":"2026-09-15","t":"0421","frp":5.9,"b":332.1,"c":0,"s":"N21","n":0}},{"type":"Feature","geometry":{"type":"Point","coordinates":[142.2785,-12.4035]},"properties":{"d":"2026-09-15","t":"0421","frp":6.6,"b":340.8,"c":1,"s":"N21","n":0}},{"type":"Feature","geometry":{"type":"Point","coordinates":[136.8067,-12.3798]},"properties":{"d":"2026-09-15","t":"0421","frp":36.7,"b":343.2,"c":1,"s":"N21","n":0}},{"type":"Feature","geometry":{"type":"Point","coordinates":[136.8103,-12.3793]},"properties":{"d":"2026-09-15","t":"0421","frp":36.7,"b":344.1,"c":1,"s":"N21","n":0}},{"type":"Feature","geometry":{"type":"Point","coordinates":[136.6596,-12.3778]},"properties":{"d":"2026-09-15","t":"0421","frp":19.1,"b":338.5,"c":1,"s":"N21","n":0}},{"type":"Feature","geometry":{"type":"Point","coordinates":[136.6632,-12.3773]},"properties":{"d":"2026-09-15","t":"0421","frp":19.1,"b":353.3,"c":1,"s":"N21","n":0}},{"type":"Feature","geometry":{"type":"Point","coordinates":[136.6668,-12.3767]},"properties":{"d":"2026-09-15","t":"0421","frp":3.6,"b":335.4,"c":1,"s":"N21","n":0}},{"type":"Feature","geometry":{"type":"Point","coordinates":[136.6519,-12.3756]},"properties":{"d":"2026-09-15","t":"0421","frp":4.3,"b":331.4,"c":1,"s":"N21","n":0}},{"type":"Feature","geometry":{"type":"Point","coordinates":[136.6554,-12.375]},"properties":{"d":"2026-09-15","t":"0421","frp":4.3,"b":351.1,"c":1,"s":"N21","n":0}},{"type":"Feature","geometry":{"type":"Point","coordinates":[136.659,-12.3745]},"properties":{"d":"2026-09-15","t":"0421","frp":19.1,"b":346.4,"c":0,"s":"N21","n":0}},{"type":"Feature","geometry":{"type":"Point","coordinates":[136.6626,-12.374]},"properties":{"d":"2026-09-15","t":"0421","frp":19.1,"b":346.7,"c":1,"s":"N21","n":0}},{"type":"Feature","geometry":{"type":"Point","coordinates":[136.6514,-12.3722]},"properties":{"d":"2026-09-15","t":"0421","frp":9.7,"b":355.4,"c":1,"s":"N21","n":0}},{"type":"Feature","geometry":{"type":"Point","coordinates":[136.6549,-12.3717]},"properties":{"d":"2026-09-15","t":"0421","frp":9.7,"b":348.3,"c":1,"s":"N21","n":0}},{"type":"Feature","geometry":{"type":"Point","coordinates":[136.6431,-12.3666]},"properties":{"d":"2026-09-15","t":"0421","frp":14.0,"b":336.6,"c":1,"s":"N21","n":0}},{"type":"Feature","geometry":{"type":"Point","coordinates":[136.639,-12.3638]},"properties":{"d":"2026-09-15","t":"0421","frp":8.0,"b":339.6,"c":1,"s":"N21","n":0}},{"type":"Feature","geometry":{"type":"Point","coordinates":[136.6647,-12.3634]},"properties":{"d":"2026-09-15","t":"0421","frp":8.4,"b":338.9,"c":1,"s":"N21","n":0}},{"type":"Feature","geometry":{"type":"Point","coordinates":[136.6606,-12.3606]},"properties":{"d":"2026-09-15","t":"0421","frp":79.2,"b":343.4,"c":1,"s":"N21","n":0}},{"type":"Feature","geometry":{"type":"Point","coordinates":[134.1892,-12.3603]},"properties":{"d":"2026-09-15","t":"0421","frp":7.7,"b":336.7,"c":0,"s":"N21","n":0}},{"type":"Feature","geometry":{"type":"Point","coordinates":[134.1936,-12.3597]},"properties":{"d":"2026-09-15","t":"0421","frp":7.7,"b":352.6,"c":1,"s":"N21","n":0}},{"type":"Feature","geometry":{"type":"Point","coordinates":[134.1981,-12.3591]},"properties":{"d":"2026-09-15","t":"0421","frp":5.1,"b":338.5,"c":0,"s":"N21","n":0}},{"type":"Feature","geometry":{"type":"Point","coordinates":[134.1843,-12.3572]},"properties":{"d":"2026-09-15","t":"0421","frp":15.0,"b":346.5,"c":1,"s":"N21","n":0}},{"type":"Feature","geometry":{"type":"Point","coordinates":[134.1838,-12.3536]},"properties":{"d":"2026-09-15","t":"0421","frp":15.0,"b":347.1,"c":1,"s":"N21","n":0}},{"type":"Feature","geometry":{"type":"Point","coordinates":[134.6625,-12.3532]},"properties":{"d":"2026-09-15","t":"0421","frp":23.5,"b":347.7,"c":1,"s":"N21","n":0}},{"type":"Feature","geometry":{"type":"Point","coordinates":[136.6657,-12.3461]},"properties":{"d":"2026-09-15","t":"0421","frp":9.2,"b":353.5,"c":1,"s":"N21","n":0}},{"type":"Feature","geometry":{"type":"Point","coordinates":[136.6693,-12.3456]},"properties":{"d":"2026-09-15","t":"0421","frp":5.0,"b":335.0,"c":1,"s":"N21","n":0}},{"type":"Feature","geometry":{"type":"Point","coordinates":[136.6652,-12.3428]},"properties":{"d":"2026-09-15","t":"0421","frp":2.3,"b":336.9,"c":1,"s":"N21","n":0}},{"type":"Feature","geometry":{"type":"Point","coordinates":[136.7909,-12.2768]},"properties":{"d":"2026-09-15","t":"0421","frp":16.4,"b":347.2,"c":1,"s":"N21","n":0}},{"type":"Feature","geometry":{"type":"Point","coordinates":[136.8133,-12.2326]},"properties":{"d":"2026-09-15","t":"0421","frp":3.5,"b":330.5,"c":0,"s":"N21","n":0}},{"type":"Feature","geometry":{"type":"Point","coordinates":[134.6667,-12.226]},"properties":{"d":"2026-09-15","t":"0421","frp":4.5,"b":333.0,"c":0,"s":"N21","n":0}},{"type":"Feature","geometry":{"type":"Point","coordinates":[134.65,-12.1991]},"properties":{"d":"2026-09-15","t":"0421","frp":11.2,"b":342.0,"c":1,"s":"N21","n":0}},{"type":"Feature","geometry":{"type":"Point","coordinates":[134.6411,-12.1967]},"properties":{"d":"2026-09-15","t":"0421","frp":157.7,"b":308.9,"c":0,"s":"N21","n":0}},{"type":"Feature","geometry":{"type":"Point","coordinates":[134.6453,-12.1961]},"properties":{"d":"2026-09-15","t":"0421","frp":157.7,"b":352.3,"c":1,"s":"N21","n":0}},{"type":"Feature","geometry":{"type":"Point","coordinates":[134.6495,-12.1955]},"properties":{"d":"2026-09-15","t":"0421","frp":11.2,"b":348.7,"c":1,"s":"N21","n":0}},{"type":"Feature","geometry":{"type":"Point","coordinates":[134.6579,-12.1943]},"properties":{"d":"2026-09-15","t":"0421","frp":5.1,"b":346.0,"c":1,"s":"N21","n":0}},{"type":"Feature","geometry":{"type":"Point","coordinates":[134.662,-12.1937]},"properties":{"d":"2026-09-15","t":"0421","frp":5.1,"b":336.6,"c":1,"s":"N21","n":0}},{"type":"Feature","geometry":{"type":"Point","coordinates":[134.6704,-12.1926]},"properties":{"d":"2026-09-15","t":"0421","frp":5.6,"b":334.3,"c":1,"s":"N21","n":0}},{"type":"Feature","geometry":{"type":"Point","coordinates":[134.6448,-12.1925]},"properties":{"d":"2026-09-15","t":"0421","frp":8.7,"b":334.1,"c":1,"s":"N21","n":0}},{"type":"Feature","geometry":{"type":"Point","coordinates":[134.649,-12.1919]},"properties":{"d":"2026-09-15","t":"0421","frp":22.1,"b":351.9,"c":1,"s":"N21","n":0}},{"type":"Feature","geometry":{"type":"Point","coordinates":[133.6691,-12.1919]},"properties":{"d":"2026-09-15","t":"0421","frp":10.4,"b":339.4,"c":0,"s":"N21","n":0}},{"type":"Feature","geometry":{"type":"Point","coordinates":[133.672,-12.1916]},"properties":{"d":"2026-09-15","t":"0421","frp":13.4,"b":344.1,"c":1,"s":"N21","n":0}},{"type":"Feature","geometry":{"type":"Point","coordinates":[134.6532,-12.1913]},"properties":{"d":"2026-09-15","t":"0421","frp":22.1,"b":353.3,"c":1,"s":"N21","n":0}},{"type":"Feature","geometry":{"type":"Point","coordinates":[134.6615,-12.1901]},"properties":{"d":"2026-09-15","t":"0421","frp":25.1,"b":341.6,"c":1,"s":"N21","n":0}},{"type":"Feature","geometry":{"type":"Point","coordinates":[134.6657,-12.1896]},"properties":{"d":"2026-09-15","t":"0421","frp":13.1,"b":367.0,"c":2,"s":"N21","n":0}},{"type":"Feature","geometry":{"type":"Point","coordinates":[134.6699,-12.189]},"properties":{"d":"2026-09-15","t":"0421","frp":13.1,"b":343.8,"c":1,"s":"N21","n":0}},{"type":"Feature","geometry":{"type":"Point","coordinates":[133.9114,-12.1858]},"properties":{"d":"2026-09-15","t":"0421","frp":7.5,"b":343.9,"c":1,"s":"N21","n":0}},{"type":"Feature","geometry":{"type":"Point","coordinates":[133.9516,-12.1328]},"properties":{"d":"2026-09-15","t":"0421","frp":9.0,"b":355.3,"c":1,"s":"N21","n":0}},{"type":"Feature","geometry":{"type":"Point","coordinates":[134.355,-12.1319]},"properties":{"d":"2026-09-15","t":"0421","frp":6.1,"b":335.0,"c":0,"s":"N21","n":0}},{"type":"Feature","geometry":{"type":"Point","coordinates":[136.4029,-12.131]},"properties":{"d":"2026-09-15","t":"0421","frp":5.0,"b":342.2,"c":1,"s":"N21","n":0}},{"type":"Feature","geometry":{"type":"Point","coordinates":[136.4065,-12.1305]},"properties":{"d":"2026-09-15","t":"0421","frp":3.4,"b":350.1,"c":1,"s":"N21","n":0}},{"type":"Feature","geometry":{"type":"Point","coordinates":[133.9466,-12.1297]},"properties":{"d":"2026-09-15","t":"0421","frp":12.8,"b":347.7,"c":1,"s":"N21","n":0}},{"type":"Feature","geometry":{"type":"Point","coordinates":[136.406,-12.1271]},"properties":{"d":"2026-09-15","t":"0421","frp":3.4,"b":335.2,"c":0,"s":"N21","n":0}},{"type":"Feature","geometry":{"type":"Point","coordinates":[136.4096,-12.1266]},"properties":{"d":"2026-09-15","t":"0421","frp":3.4,"b":330.5,"c":0,"s":"N21","n":0}},{"type":"Feature","geometry":{"type":"Point","coordinates":[133.946,-12.126]},"properties":{"d":"2026-09-15","t":"0421","frp":6.4,"b":345.5,"c":1,"s":"N21","n":0}},{"type":"Feature","geometry":{"type":"Point","coordinates":[134.7161,-12.1251]},"properties":{"d":"2026-09-15","t":"0421","frp":3.5,"b":333.8,"c":0,"s":"N21","n":0}},{"type":"Feature","geometry":{"type":"Point","coordinates":[133.941,-12.1229]},"properties":{"d":"2026-09-15","t":"0421","frp":6.4,"b":339.4,"c":1,"s":"N21","n":0}},{"type":"Feature","geometry":{"type":"Point","coordinates":[136.81,-12.121]},"properties":{"d":"2026-09-15","t":"0421","frp":3.2,"b":337.6,"c":1,"s":"N21","n":0}},{"type":"Feature","geometry":{"type":"Point","coordinates":[134.3616,-12.1162]},"properties":{"d":"2026-09-15","t":"0421","frp":7.7,"b":335.7,"c":1,"s":"N21","n":0}},{"type":"Feature","geometry":{"type":"Point","coordinates":[134.3471,-12.1071]},"properties":{"d":"2026-09-15","t":"0421","frp":1.8,"b":335.2,"c":1,"s":"N21","n":0}},{"type":"Feature","geometry":{"type":"Point","coordinates":[134.3514,-12.1065]},"properties":{"d":"2026-09-15","t":"0421","frp":5.1,"b":335.2,"c":0,"s":"N21","n":0}},{"type":"Feature","geometry":{"type":"Point","coordinates":[134.3481,-12.1063]},"properties":{"d":"2026-09-15","t":"0421","frp":5.8,"b":343.6,"c":1,"s":"N21","n":0}},{"type":"Feature","geometry":{"type":"Point","coordinates":[134.3557,-12.1059]},"properties":{"d":"2026-09-15","t":"0421","frp":5.1,"b":335.6,"c":0,"s":"N21","n":0}},{"type":"Feature","geometry":{"type":"Point","coordinates":[134.3524,-12.1057]},"properties":{"d":"2026-09-15","t":"0421","frp":7.4,"b":341.3,"c":1,"s":"N21","n":0}},{"type":"Feature","geometry":{"type":"Point","coordinates":[134.36,-12.1053]},"properties":{"d":"2026-09-15","t":"0421","frp":2.9,"b":332.9,"c":0,"s":"N21","n":0}},{"type":"Feature","geometry":{"type":"Point","coordinates":[134.3567,-12.1051]},"properties":{"d":"2026-09-15","t":"0421","frp":7.4,"b":350.7,"c":1,"s":"N21","n":0}},{"type":"Feature","geometry":{"type":"Point","coordinates":[134.3508,-12.1028]},"properties":{"d":"2026-09-15","t":"0421","frp":3.0,"b":333.6,"c":1,"s":"N21","n":0}},{"type":"Feature","geometry":{"type":"Point","coordinates":[134.3552,-12.1022]},"properties":{"d":"2026-09-15","t":"0421","frp":3.0,"b":342.2,"c":1,"s":"N21","n":0}},{"type":"Feature","geometry":{"type":"Point","coordinates":[134.368,-12.1005]},"properties":{"d":"2026-09-15","t":"0421","frp":9.0,"b":339.0,"c":1,"s":"N21","n":0}},{"type":"Feature","geometry":{"type":"Point","coordinates":[134.3647,-12.1002]},"properties":{"d":"2026-09-15","t":"0421","frp":6.6,"b":338.7,"c":1,"s":"N21","n":0}},{"type":"Feature","geometry":{"type":"Point","coordinates":[134.369,-12.0996]},"properties":{"d":"2026-09-15","t":"0421","frp":6.8,"b":331.8,"c":0,"s":"N21","n":0}},{"type":"Feature","geometry":{"type":"Point","coordinates":[136.3002,-12.0672]},"properties":{"d":"2026-09-15","t":"0421","frp":6.9,"b":339.6,"c":1,"s":"N21","n":0}},{"type":"Feature","geometry":{"type":"Point","coordinates":[136.2955,-12.061]},"properties":{"d":"2026-09-15","t":"0421","frp":4.0,"b":335.4,"c":1,"s":"N21","n":0}},{"type":"Feature","geometry":{"type":"Point","coordinates":[136.295,-12.0576]},"properties":{"d":"2026-09-15","t":"0421","frp":5.8,"b":333.3,"c":0,"s":"N21","n":0}},{"type":"Feature","geometry":{"type":"Point","coordinates":[134.2901,-12.0402]},"properties":{"d":"2026-09-15","t":"0421","frp":3.9,"b":341.9,"c":1,"s":"N21","n":0}},{"type":"Feature","geometry":{"type":"Point","coordinates":[134.2896,-12.0366]},"properties":{"d":"2026-09-15","t":"0421","frp":3.9,"b":332.7,"c":0,"s":"N21","n":0}},{"type":"Feature","geometry":{"type":"Point","coordinates":[135.6556,-11.9753]},"properties":{"d":"2026-09-15","t":"0421","frp":9.2,"b":341.4,"c":1,"s":"N21","n":0}},{"type":"Feature","geometry":{"type":"Point","coordinates":[133.9427,-11.9613]},"properties":{"d":"2026-09-15","t":"0421","frp":9.6,"b":344.9,"c":1,"s":"N21","n":0}},{"type":"Feature","geometry":{"type":"Point","coordinates":[142.7043,-11.9592]},"properties":{"d":"2026-09-15","t":"0421","frp":6.7,"b":345.8,"c":1,"s":"N21","n":0}},{"type":"Feature","geometry":{"type":"Point","coordinates":[133.9421,-11.9576]},"properties":{"d":"2026-09-15","t":"0421","frp":11.4,"b":348.4,"c":1,"s":"N21","n":0}},{"type":"Feature","geometry":{"type":"Point","coordinates":[132.7757,-11.8117]},"properties":{"d":"2026-09-15","t":"0421","frp":6.1,"b":334.8,"c":1,"s":"N21","n":0}},{"type":"Feature","geometry":{"type":"Point","coordinates":[132.7804,-11.807]},"properties":{"d":"2026-09-15","t":"0421","frp":14.9,"b":347.1,"c":1,"s":"N21","n":0}},{"type":"Feature","geometry":{"type":"Point","coordinates":[132.7856,-11.8063]},"properties":{"d":"2026-09-15","t":"0421","frp":14.9,"b":348.3,"c":1,"s":"N21","n":0}},{"type":"Feature","geometry":{"type":"Point","coordinates":[133.2231,-11.8061]},"properties":{"d":"2026-09-15","t":"0421","frp":8.7,"b":342.0,"c":1,"s":"N21","n":0}},{"type":"Feature","geometry":{"type":"Point","coordinates":[132.7851,-11.8023]},"properties":{"d":"2026-09-15","t":"0421","frp":14.9,"b":336.9,"c":1,"s":"N21","n":0}},{"type":"Feature","geometry":{"type":"Point","coordinates":[133.2226,-11.8022]},"properties":{"d":"2026-09-15","t":"0421","frp":2.4,"b":335.2,"c":1,"s":"N21","n":0}},{"type":"Feature","geometry":{"type":"Point","coordinates":[132.7903,-11.8016]},"properties":{"d":"2026-09-15","t":"0421","frp":4.1,"b":332.2,"c":0,"s":"N21","n":0}},{"type":"Feature","geometry":{"type":"Point","coordinates":[132.7897,-11.7977]},"properties":{"d":"2026-09-15","t":"0421","frp":4.0,"b":332.5,"c":0,"s":"N21","n":0}},{"type":"Feature","geometry":{"type":"Point","coordinates":[132.7892,-11.7937]},"properties":{"d":"2026-09-15","t":"0421","frp":4.0,"b":340.1,"c":1,"s":"N21","n":0}},{"type":"Feature","geometry":{"type":"Point","coordinates":[132.7834,-11.7904]},"properties":{"d":"2026-09-15","t":"0421","frp":37.3,"b":335.3,"c":1,"s":"N21","n":0}},{"type":"Feature","geometry":{"type":"Point","coordinates":[132.7802,-11.7879]},"properties":{"d":"2026-09-15","t":"0421","frp":27.5,"b":348.8,"c":1,"s":"N21","n":0}},{"type":"Feature","geometry":{"type":"Point","coordinates":[132.7854,-11.7872]},"properties":{"d":"2026-09-15","t":"0421","frp":27.5,"b":339.8,"c":1,"s":"N21","n":0}},{"type":"Feature","geometry":{"type":"Point","coordinates":[132.7829,-11.7864]},"properties":{"d":"2026-09-15","t":"0421","frp":37.3,"b":367.0,"c":2,"s":"N21","n":0}},{"type":"Feature","geometry":{"type":"Point","coordinates":[132.7849,-11.7832]},"properties":{"d":"2026-09-15","t":"0421","frp":27.5,"b":351.7,"c":1,"s":"N21","n":0}},{"type":"Feature","geometry":{"type":"Point","coordinates":[132.7792,-11.78]},"properties":{"d":"2026-09-15","t":"0421","frp":3.3,"b":336.6,"c":1,"s":"N21","n":0}},{"type":"Feature","geometry":{"type":"Point","coordinates":[132.7819,-11.7785]},"properties":{"d":"2026-09-15","t":"0421","frp":6.0,"b":331.6,"c":0,"s":"N21","n":0}},{"type":"Feature","geometry":{"type":"Point","coordinates":[133.7867,-11.7549]},"properties":{"d":"2026-09-15","t":"0421","frp":8.8,"b":333.3,"c":0,"s":"N21","n":0}},{"type":"Feature","geometry":{"type":"Point","coordinates":[133.7884,-11.7532]},"properties":{"d":"2026-09-15","t":"0421","frp":9.1,"b":333.9,"c":0,"s":"N21","n":0}},{"type":"Feature","geometry":{"type":"Point","coordinates":[133.7862,-11.7512]},"properties":{"d":"2026-09-15","t":"0421","frp":8.8,"b":343.9,"c":1,"s":"N21","n":0}},{"type":"Feature","geometry":{"type":"Point","coordinates":[133.7833,-11.7501]},"properties":{"d":"2026-09-15","t":"0421","frp":9.1,"b":333.9,"c":0,"s":"N21","n":0}},{"type":"Feature","geometry":{"type":"Point","coordinates":[133.7878,-11.7494]},"properties":{"d":"2026-09-15","t":"0421","frp":9.1,"b":338.9,"c":0,"s":"N21","n":0}},{"type":"Feature","geometry":{"type":"Point","coordinates":[133.7811,-11.748]},"properties":{"d":"2026-09-15","t":"0421","frp":12.6,"b":342.7,"c":1,"s":"N21","n":0}},{"type":"Feature","geometry":{"type":"Point","coordinates":[133.7857,-11.7474]},"properties":{"d":"2026-09-15","t":"0421","frp":12.6,"b":348.4,"c":1,"s":"N21","n":0}},{"type":"Feature","geometry":{"type":"Point","coordinates":[133.7782,-11.747]},"properties":{"d":"2026-09-15","t":"0421","frp":2.5,"b":335.4,"c":1,"s":"N21","n":0}},{"type":"Feature","geometry":{"type":"Point","coordinates":[133.7873,-11.7457]},"properties":{"d":"2026-09-15","t":"0421","frp":13.9,"b":343.7,"c":1,"s":"N21","n":0}},{"type":"Feature","geometry":{"type":"Point","coordinates":[133.7806,-11.7443]},"properties":{"d":"2026-09-15","t":"0421","frp":12.6,"b":345.6,"c":1,"s":"N21","n":0}},{"type":"Feature","geometry":{"type":"Point","coordinates":[133.7851,-11.7437]},"properties":{"d":"2026-09-15","t":"0421","frp":12.6,"b":367.0,"c":2,"s":"N21","n":0}},{"type":"Feature","geometry":{"type":"Point","coordinates":[133.7822,-11.7426]},"properties":{"d":"2026-09-15","t":"0421","frp":13.9,"b":353.3,"c":1,"s":"N21","n":0}},{"type":"Feature","geometry":{"type":"Point","coordinates":[133.7868,-11.742]},"properties":{"d":"2026-09-15","t":"0421","frp":13.9,"b":332.6,"c":0,"s":"N21","n":0}},{"type":"Feature","geometry":{"type":"Point","coordinates":[130.688,-11.6128]},"properties":{"d":"2026-09-15","t":"0421","frp":12.0,"b":341.3,"c":1,"s":"N21","n":0}},{"type":"Feature","geometry":{"type":"Point","coordinates":[130.6826,-11.6089]},"properties":{"d":"2026-09-15","t":"0421","frp":14.6,"b":349.7,"c":1,"s":"N21","n":0}},{"type":"Feature","geometry":{"type":"Point","coordinates":[130.6874,-11.6082]},"properties":{"d":"2026-09-15","t":"0421","frp":14.6,"b":344.8,"c":1,"s":"N21","n":0}},{"type":"Feature","geometry":{"type":"Point","coordinates":[130.6867,-11.6037]},"properties":{"d":"2026-09-15","t":"0421","frp":14.6,"b":354.9,"c":1,"s":"N21","n":0}},{"type":"Feature","geometry":{"type":"Point","coordinates":[130.5223,-11.5508]},"properties":{"d":"2026-09-15","t":"0421","frp":22.0,"b":340.7,"c":1,"s":"N21","n":0}},{"type":"Feature","geometry":{"type":"Point","coordinates":[130.5247,-11.5502]},"properties":{"d":"2026-09-15","t":"0421","frp":29.6,"b":353.2,"c":1,"s":"N21","n":0}},{"type":"Feature","geometry":{"type":"Point","coordinates":[130.5271,-11.5501]},"properties":{"d":"2026-09-15","t":"0421","frp":22.0,"b":367.0,"c":2,"s":"N21","n":0}},{"type":"Feature","geometry":{"type":"Point","coordinates":[130.5295,-11.5496]},"properties":{"d":"2026-09-15","t":"0421","frp":19.5,"b":352.2,"c":1,"s":"N21","n":0}},{"type":"Feature","geometry":{"type":"Point","coordinates":[130.5319,-11.5495]},"properties":{"d":"2026-09-15","t":"0421","frp":13.1,"b":336.6,"c":1,"s":"N21","n":0}},{"type":"Feature","geometry":{"type":"Point","coordinates":[130.5391,-11.5484]},"properties":{"d":"2026-09-15","t":"0421","frp":14.2,"b":335.5,"c":0,"s":"N21","n":0}},{"type":"Feature","geometry":{"type":"Point","coordinates":[130.5415,-11.5482]},"properties":{"d":"2026-09-15","t":"0421","frp":17.2,"b":351.8,"c":1,"s":"N21","n":0}},{"type":"Feature","geometry":{"type":"Point","coordinates":[130.5439,-11.5478]},"properties":{"d":"2026-09-15","t":"0421","frp":14.2,"b":341.6,"c":1,"s":"N21","n":0}},{"type":"Feature","geometry":{"type":"Point","coordinates":[130.5386,-11.5438]},"properties":{"d":"2026-09-15","t":"0421","frp":5.8,"b":339.1,"c":1,"s":"N21","n":0}},{"type":"Feature","geometry":{"type":"Point","coordinates":[130.541,-11.5436]},"properties":{"d":"2026-09-15","t":"0421","frp":17.2,"b":351.2,"c":1,"s":"N21","n":0}},{"type":"Feature","geometry":{"type":"Point","coordinates":[130.5434,-11.5432]},"properties":{"d":"2026-09-15","t":"0421","frp":5.8,"b":334.8,"c":0,"s":"N21","n":0}},{"type":"Feature","geometry":{"type":"Point","coordinates":[131.3517,-11.4882]},"properties":{"d":"2026-09-15","t":"0421","frp":5.6,"b":342.9,"c":1,"s":"N21","n":0}},{"type":"Feature","geometry":{"type":"Point","coordinates":[130.5188,-11.481]},"properties":{"d":"2026-09-15","t":"0421","frp":9.1,"b":341.1,"c":0,"s":"N21","n":0}},{"type":"Feature","geometry":{"type":"Point","coordinates":[131.359,-11.4784]},"properties":{"d":"2026-09-15","t":"0421","frp":7.7,"b":352.4,"c":1,"s":"N21","n":0}},{"type":"Feature","geometry":{"type":"Point","coordinates":[131.3584,-11.474]},"properties":{"d":"2026-09-15","t":"0421","frp":4.8,"b":332.5,"c":0,"s":"N21","n":0}},{"type":"Feature","geometry":{"type":"Point","coordinates":[131.3615,-11.4648]},"properties":{"d":"2026-09-15","t":"0421","frp":9.4,"b":350.6,"c":1,"s":"N21","n":0}},{"type":"Feature","geometry":{"type":"Point","coordinates":[130.7933,-11.4636]},"properties":{"d":"2026-09-15","t":"0421","frp":5.0,"b":333.0,"c":0,"s":"N21","n":0}},{"type":"Feature","geometry":{"type":"Point","coordinates":[131.3609,-11.4604]},"properties":{"d":"2026-09-15","t":"0421","frp":9.4,"b":342.5,"c":1,"s":"N21","n":0}},{"type":"Feature","geometry":{"type":"Point","coordinates":[130.7974,-11.4585]},"properties":{"d":"2026-09-15","t":"0421","frp":5.9,"b":340.9,"c":1,"s":"N21","n":0}},{"type":"Feature","geometry":{"type":"Point","coordinates":[131.3603,-11.4561]},"properties":{"d":"2026-09-15","t":"0421","frp":10.5,"b":345.7,"c":1,"s":"N21","n":0}},{"type":"Feature","geometry":{"type":"Point","coordinates":[130.797,-11.4539]},"properties":{"d":"2026-09-15","t":"0421","frp":5.9,"b":340.5,"c":1,"s":"N21","n":0}},{"type":"Feature","geometry":{"type":"Point","coordinates":[131.3597,-11.4518]},"properties":{"d":"2026-09-15","t":"0421","frp":10.5,"b":347.1,"c":1,"s":"N21","n":0}},{"type":"Feature","geometry":{"type":"Point","coordinates":[130.7918,-11.45]},"properties":{"d":"2026-09-15","t":"0421","frp":17.2,"b":367.0,"c":2,"s":"N21","n":0}},{"type":"Feature","geometry":{"type":"Point","coordinates":[130.7861,-11.4416]},"properties":{"d":"2026-09-15","t":"0421","frp":3.5,"b":338.3,"c":1,"s":"N21","n":0}},{"type":"Feature","geometry":{"type":"Point","coordinates":[130.987,-11.4289]},"properties":{"d":"2026-09-15","t":"0421","frp":4.7,"b":340.6,"c":1,"s":"N21","n":0}},{"type":"Feature","geometry":{"type":"Point","coordinates":[130.9765,-11.4167]},"properties":{"d":"2026-09-15","t":"0421","frp":5.2,"b":335.4,"c":0,"s":"N21","n":0}},{"type":"Feature","geometry":{"type":"Point","coordinates":[132.1002,-11.4087]},"properties":{"d":"2026-09-15","t":"0421","frp":18.8,"b":342.2,"c":1,"s":"N21","n":0}},{"type":"Feature","geometry":{"type":"Point","coordinates":[130.9557,-11.3967]},"properties":{"d":"2026-09-15","t":"0421","frp":8.9,"b":337.3,"c":1,"s":"N21","n":0}},{"type":"Feature","geometry":{"type":"Point","coordinates":[130.9409,-11.3895]},"properties":{"d":"2026-09-15","t":"0421","frp":6.2,"b":336.1,"c":1,"s":"N21","n":0}},{"type":"Feature","geometry":{"type":"Point","coordinates":[130.9455,-11.389]},"properties":{"d":"2026-09-15","t":"0421","frp":9.6,"b":336.9,"c":1,"s":"N21","n":0}},{"type":"Feature","geometry":{"type":"Point","coordinates":[130.7989,-11.3872]},"properties":{"d":"2026-09-15","t":"0421","frp":4.5,"b":331.4,"c":0,"s":"N21","n":0}},{"type":"Feature","geometry":{"type":"Point","coordinates":[130.9415,-11.3862]},"properties":{"d":"2026-09-15","t":"0421","frp":14.6,"b":340.9,"c":1,"s":"N21","n":0}},{"type":"Feature","geometry":{"type":"Point","coordinates":[130.9461,-11.3856]},"properties":{"d":"2026-09-15","t":"0421","frp":9.3,"b":335.4,"c":1,"s":"N21","n":0}},{"type":"Feature","geometry":{"type":"Point","coordinates":[130.7091,-11.3855]},"properties":{"d":"2026-09-15","t":"0421","frp":6.6,"b":330.4,"c":0,"s":"N21","n":0}},{"type":"Feature","geometry":{"type":"Point","coordinates":[130.9404,-11.3851]},"properties":{"d":"2026-09-15","t":"0421","frp":4.8,"b":334.3,"c":1,"s":"N21","n":0}},{"type":"Feature","geometry":{"type":"Point","coordinates":[130.7138,-11.3848]},"properties":{"d":"2026-09-15","t":"0421","frp":9.6,"b":346.8,"c":1,"s":"N21","n":0}},{"type":"Feature","geometry":{"type":"Point","coordinates":[130.945,-11.3845]},"properties":{"d":"2026-09-15","t":"0421","frp":5.7,"b":333.6,"c":1,"s":"N21","n":0}},{"type":"Feature","geometry":{"type":"Point","coordinates":[142.1704,-11.3078]},"properties":{"d":"2026-09-15","t":"0421","frp":4.4,"b":334.8,"c":1,"s":"N21","n":0}},{"type":"Feature","geometry":{"type":"Point","coordinates":[142.1697,-11.3039]},"properties":{"d":"2026-09-15","t":"0421","frp":8.6,"b":341.5,"c":1,"s":"N21","n":0}},{"type":"Feature","geometry":{"type":"Point","coordinates":[132.4548,-11.2943]},"properties":{"d":"2026-09-15","t":"0421","frp":3.8,"b":343.8,"c":1,"s":"N21","n":0}},{"type":"Feature","geometry":{"type":"Point","coordinates":[132.4543,-11.2903]},"properties":{"d":"2026-09-15","t":"0421","frp":3.8,"b":332.1,"c":0,"s":"N21","n":0}},{"type":"Feature","geometry":{"type":"Point","coordinates":[132.4578,-11.2898]},"properties":{"d":"2026-09-15","t":"0421","frp":12.3,"b":337.0,"c":1,"s":"N21","n":0}},{"type":"Feature","geometry":{"type":"Point","coordinates":[132.4614,-11.2894]},"properties":{"d":"2026-09-15","t":"0421","frp":12.3,"b":367.0,"c":2,"s":"N21","n":0}},{"type":"Feature","geometry":{"type":"Point","coordinates":[132.4649,-11.2889]},"properties":{"d":"2026-09-15","t":"0421","frp":12.8,"b":355.3,"c":1,"s":"N21","n":0}},{"type":"Feature","geometry":{"type":"Point","coordinates":[132.4573,-11.2858]},"properties":{"d":"2026-09-15","t":"0421","frp":8.2,"b":338.5,"c":1,"s":"N21","n":0}},{"type":"Feature","geometry":{"type":"Point","coordinates":[132.4608,-11.2853]},"properties":{"d":"2026-09-15","t":"0421","frp":8.2,"b":346.7,"c":1,"s":"N21","n":0}},{"type":"Feature","geometry":{"type":"Point","coordinates":[132.4679,-11.2844]},"properties":{"d":"2026-09-15","t":"0421","frp":15.5,"b":353.0,"c":1,"s":"N21","n":0}},{"type":"Feature","geometry":{"type":"Point","coordinates":[132.4715,-11.2839]},"properties":{"d":"2026-09-15","t":"0421","frp":9.2,"b":346.3,"c":1,"s":"N21","n":0}},{"type":"Feature","geometry":{"type":"Point","coordinates":[132.4676,-11.283]},"properties":{"d":"2026-09-15","t":"0421","frp":7.6,"b":343.3,"c":1,"s":"N21","n":0}},{"type":"Feature","geometry":{"type":"Point","coordinates":[132.4711,-11.2826]},"properties":{"d":"2026-09-15","t":"0421","frp":8.3,"b":367.0,"c":2,"s":"N21","n":0}},{"type":"Feature","geometry":{"type":"Point","coordinates":[132.4747,-11.2821]},"properties":{"d":"2026-09-15","t":"0421","frp":8.3,"b":335.6,"c":1,"s":"N21","n":0}},{"type":"Feature","geometry":{"type":"Point","coordinates":[132.4709,-11.2799]},"properties":{"d":"2026-09-15","t":"0421","frp":9.2,"b":344.1,"c":1,"s":"N21","n":0}},{"type":"Feature","geometry":{"type":"Point","coordinates":[132.4745,-11.2794]},"properties":{"d":"2026-09-15","t":"0421","frp":9.2,"b":367.0,"c":2,"s":"N21","n":0}},{"type":"Feature","geometry":{"type":"Point","coordinates":[132.478,-11.279]},"properties":{"d":"2026-09-15","t":"0421","frp":7.4,"b":341.6,"c":1,"s":"N21","n":0}},{"type":"Feature","geometry":{"type":"Point","coordinates":[132.4741,-11.278]},"properties":{"d":"2026-09-15","t":"0421","frp":8.3,"b":354.1,"c":1,"s":"N21","n":0}},{"type":"Feature","geometry":{"type":"Point","coordinates":[132.4777,-11.2775]},"properties":{"d":"2026-09-15","t":"0421","frp":14.0,"b":367.0,"c":2,"s":"N21","n":0}},{"type":"Feature","geometry":{"type":"Point","coordinates":[132.4771,-11.2735]},"properties":{"d":"2026-09-15","t":"0421","frp":7.4,"b":342.8,"c":1,"s":"N21","n":0}},{"type":"Feature","geometry":{"type":"Point","coordinates":[132.4807,-11.273]},"properties":{"d":"2026-09-15","t":"0421","frp":7.4,"b":337.4,"c":1,"s":"N21","n":0}},{"type":"Feature","geometry":{"type":"Point","coordinates":[132.4765,-11.2695]},"properties":{"d":"2026-09-15","t":"0421","frp":7.4,"b":342.9,"c":1,"s":"N21","n":0}},{"type":"Feature","geometry":{"type":"Point","coordinates":[132.4801,-11.269]},"properties":{"d":"2026-09-15","t":"0421","frp":7.4,"b":340.4,"c":1,"s":"N21","n":0}},{"type":"Feature","geometry":{"type":"Point","coordinates":[132.3368,-11.2642]},"properties":{"d":"2026-09-15","t":"0421","frp":7.9,"b":353.1,"c":1,"s":"N21","n":0}},{"type":"Feature","geometry":{"type":"Point","coordinates":[132.4678,-11.2584]},"properties":{"d":"2026-09-15","t":"0421","frp":8.4,"b":347.5,"c":1,"s":"N21","n":0}},{"type":"Feature","geometry":{"type":"Point","coordinates":[132.4713,-11.2579]},"properties":{"d":"2026-09-15","t":"0421","frp":8.4,"b":367.0,"c":2,"s":"N21","n":0}},{"type":"Feature","geometry":{"type":"Point","coordinates":[132.4637,-11.2549]},"properties":{"d":"2026-09-15","t":"0421","frp":14.0,"b":367.0,"c":2,"s":"N21","n":0}},{"type":"Feature","geometry":{"type":"Point","coordinates":[132.4672,-11.2544]},"properties":{"d":"2026-09-15","t":"0421","frp":8.4,"b":353.9,"c":1,"s":"N21","n":0}},{"type":"Feature","geometry":{"type":"Point","coordinates":[132.4631,-11.2509]},"properties":{"d":"2026-09-15","t":"0421","frp":5.5,"b":344.2,"c":1,"s":"N21","n":0}},{"type":"Feature","geometry":{"type":"Point","coordinates":[132.4625,-11.2469]},"properties":{"d":"2026-09-15","t":"0421","frp":5.5,"b":341.5,"c":1,"s":"N21","n":0}},{"type":"Feature","geometry":{"type":"Point","coordinates":[132.4585,-11.2433]},"properties":{"d":"2026-09-15","t":"0421","frp":7.6,"b":350.9,"c":1,"s":"N21","n":0}},{"type":"Feature","geometry":{"type":"Point","coordinates":[132.462,-11.2428]},"properties":{"d":"2026-09-15","t":"0421","frp":7.6,"b":348.2,"c":1,"s":"N21","n":0}},{"type":"Feature","geometry":{"type":"Point","coordinates":[132.4508,-11.2403]},"properties":{"d":"2026-09-15","t":"0421","frp":11.4,"b":367.0,"c":2,"s":"N21","n":0}},{"type":"Feature","geometry":{"type":"Point","coordinates":[132.4544,-11.2398]},"properties":{"d":"2026-09-15","t":"0421","frp":11.4,"b":367.0,"c":2,"s":"N21","n":0}},{"type":"Feature","geometry":{"type":"Point","coordinates":[132.4579,-11.2393]},"properties":{"d":"2026-09-15","t":"0421","frp":7.6,"b":337.6,"c":1,"s":"N21","n":0}},{"type":"Feature","geometry":{"type":"Point","coordinates":[132.4431,-11.2372]},"properties":{"d":"2026-09-15","t":"0421","frp":8.8,"b":337.8,"c":1,"s":"N21","n":0}},{"type":"Feature","geometry":{"type":"Point","coordinates":[132.4467,-11.2367]},"properties":{"d":"2026-09-15","t":"0421","frp":8.8,"b":367.0,"c":2,"s":"N21","n":0}},{"type":"Feature","geometry":{"type":"Point","coordinates":[132.4354,-11.2342]},"properties":{"d":"2026-09-15","t":"0421","frp":7.6,"b":341.9,"c":1,"s":"N21","n":0}},{"type":"Feature","geometry":{"type":"Point","coordinates":[132.439,-11.2337]},"properties":{"d":"2026-09-15","t":"0421","frp":7.6,"b":352.4,"c":1,"s":"N21","n":0}},{"type":"Feature","geometry":{"type":"Point","coordinates":[132.4426,-11.2332]},"properties":{"d":"2026-09-15","t":"0421","frp":8.8,"b":349.9,"c":1,"s":"N21","n":0}},{"type":"Feature","geometry":{"type":"Point","coordinates":[132.4312,-11.2307]},"properties":{"d":"2026-09-15","t":"0421","frp":20.3,"b":354.6,"c":1,"s":"N21","n":0}},{"type":"Feature","geometry":{"type":"Point","coordinates":[132.4348,-11.2302]},"properties":{"d":"2026-09-15","t":"0421","frp":13.2,"b":367.0,"c":2,"s":"N21","n":0}},{"type":"Feature","geometry":{"type":"Point","coordinates":[132.4384,-11.2297]},"properties":{"d":"2026-09-15","t":"0421","frp":13.2,"b":342.7,"c":1,"s":"N21","n":0}},{"type":"Feature","geometry":{"type":"Point","coordinates":[132.3757,-11.2259]},"properties":{"d":"2026-09-15","t":"0421","frp":7.0,"b":346.5,"c":1,"s":"N21","n":0}},{"type":"Feature","geometry":{"type":"Point","coordinates":[132.3663,-11.2106]},"properties":{"d":"2026-09-15","t":"0421","frp":13.2,"b":347.6,"c":1,"s":"N21","n":0}},{"type":"Feature","geometry":{"type":"Point","coordinates":[132.3699,-11.2102]},"properties":{"d":"2026-09-15","t":"0421","frp":13.2,"b":345.6,"c":1,"s":"N21","n":0}},{"type":"Feature","geometry":{"type":"Point","coordinates":[132.3735,-11.2097]},"properties":{"d":"2026-09-15","t":"0421","frp":14.3,"b":367.0,"c":2,"s":"N21","n":0}},{"type":"Feature","geometry":{"type":"Point","coordinates":[132.3657,-11.2066]},"properties":{"d":"2026-09-15","t":"0421","frp":20.1,"b":354.1,"c":1,"s":"N21","n":0}},{"type":"Feature","geometry":{"type":"Point","coordinates":[132.3693,-11.2061]},"properties":{"d":"2026-09-15","t":"0421","frp":20.1,"b":353.6,"c":1,"s":"N21","n":0}},{"type":"Feature","geometry":{"type":"Point","coordinates":[132.3729,-11.2056]},"properties":{"d":"2026-09-15","t":"0421","frp":5.9,"b":340.8,"c":1,"s":"N21","n":0}},{"type":"Feature","geometry":{"type":"Point","coordinates":[132.5596,-11.1456]},"properties":{"d":"2026-09-15","t":"0421","frp":2.5,"b":337.3,"c":1,"s":"N21","n":0}},{"type":"Feature","geometry":{"type":"Point","coordinates":[132.5631,-11.1452]},"properties":{"d":"2026-09-15","t":"0421","frp":2.5,"b":332.2,"c":0,"s":"N21","n":0}},{"type":"Feature","geometry":{"type":"Point","coordinates":[124.1483,-10.0842]},"properties":{"d":"2026-09-15","t":"0421","frp":9.2,"b":328.4,"c":1,"s":"N21","n":0}},{"type":"Feature","geometry":{"type":"Point","coordinates":[147.7681,-9.8353]},"properties":{"d":"2026-09-15","t":"0421","frp":5.2,"b":328.2,"c":1,"s":"N21","n":0}},{"type":"Feature","geometry":{"type":"Point","coordinates":[150.8469,-9.8267]},"properties":{"d":"2026-09-15","t":"0421","frp":24.2,"b":352.2,"c":1,"s":"N21","n":0}},{"type":"Feature","geometry":{"type":"Point","coordinates":[150.845,-9.8263]},"properties":{"d":"2026-09-15","t":"0421","frp":13.6,"b":334.2,"c":1,"s":"N21","n":0}},{"type":"Feature","geometry":{"type":"Point","coordinates":[150.8512,-9.8251]},"properties":{"d":"2026-09-15","t":"0421","frp":14.4,"b":329.5,"c":1,"s":"N21","n":0}},{"type":"Feature","geometry":{"type":"Point","coordinates":[147.7448,-9.8039]},"properties":{"d":"2026-09-15","t":"0421","frp":8.1,"b":350.2,"c":1,"s":"N21","n":0}},{"type":"Feature","geometry":{"type":"Point","coordinates":[147.7421,-9.8037]},"properties":{"d":"2026-09-15","t":"0421","frp":5.7,"b":340.8,"c":1,"s":"N21","n":0}},{"type":"Feature","geometry":{"type":"Point","coordinates":[147.4789,-9.7169]},"properties":{"d":"2026-09-15","t":"0421","frp":12.4,"b":351.1,"c":1,"s":"N21","n":0}},{"type":"Feature","geometry":{"type":"Point","coordinates":[147.4782,-9.7147]},"properties":{"d":"2026-09-15","t":"0421","frp":8.6,"b":349.3,"c":1,"s":"N21","n":0}},{"type":"Feature","geometry":{"type":"Point","coordinates":[147.613,-9.7076]},"properties":{"d":"2026-09-15","t":"0421","frp":17.6,"b":345.7,"c":1,"s":"N21","n":0}},{"type":"Feature","geometry":{"type":"Point","coordinates":[147.6121,-9.7032]},"properties":{"d":"2026-09-15","t":"0421","frp":35.5,"b":367.0,"c":2,"s":"N21","n":0}},{"type":"Feature","geometry":{"type":"Point","coordinates":[147.6118,-9.7019]},"properties":{"d":"2026-09-15","t":"0421","frp":17.6,"b":367.0,"c":2,"s":"N21","n":0}},{"type":"Feature","geometry":{"type":"Point","coordinates":[148.4184,-9.5481]},"properties":{"d":"2026-09-15","t":"0421","frp":7.3,"b":331.2,"c":1,"s":"N21","n":0}},{"type":"Feature","geometry":{"type":"Point","coordinates":[124.1466,-9.4512]},"properties":{"d":"2026-09-15","t":"0421","frp":8.2,"b":333.4,"c":1,"s":"N21","n":0}},{"type":"Feature","geometry":{"type":"Point","coordinates":[124.1437,-9.4472]},"properties":{"d":"2026-09-15","t":"0421","frp":7.7,"b":331.2,"c":1,"s":"N21","n":0}},{"type":"Feature","geometry":{"type":"Point","coordinates":[124.1462,-9.4169]},"properties":{"d":"2026-09-15","t":"0421","frp":16.2,"b":346.3,"c":1,"s":"N21","n":0}},{"type":"Feature","geometry":{"type":"Point","coordinates":[124.2185,-9.3534]},"properties":{"d":"2026-09-15","t":"0421","frp":15.8,"b":354.8,"c":1,"s":"N21","n":0}},{"type":"Feature","geometry":{"type":"Point","coordinates":[124.2259,-9.3525]},"properties":{"d":"2026-09-15","t":"0421","frp":15.8,"b":338.7,"c":1,"s":"N21","n":0}},{"type":"Feature","geometry":{"type":"Point","coordinates":[147.1695,-9.3509]},"properties":{"d":"2026-09-15","t":"0421","frp":4.7,"b":330.0,"c":1,"s":"N21","n":0}},{"type":"Feature","geometry":{"type":"Point","coordinates":[124.2202,-9.3503]},"properties":{"d":"2026-09-15","t":"0421","frp":22.4,"b":367.0,"c":2,"s":"N21","n":0}},{"type":"Feature","geometry":{"type":"Point","coordinates":[124.2998,-9.3472]},"properties":{"d":"2026-09-15","t":"0421","frp":8.2,"b":333.7,"c":1,"s":"N21","n":0}},{"type":"Feature","geometry":{"type":"Point","coordinates":[124.2987,-9.3438]},"properties":{"d":"2026-09-15","t":"0421","frp":5.1,"b":329.6,"c":1,"s":"N21","n":0}},{"type":"Feature","geometry":{"type":"Point","coordinates":[147.3124,-9.3366]},"properties":{"d":"2026-09-15","t":"0421","frp":4.5,"b":335.4,"c":1,"s":"N21","n":0}},{"type":"Feature","geometry":{"type":"Point","coordinates":[147.3116,-9.3336]},"properties":{"d":"2026-09-15","t":"0421","frp":4.0,"b":333.8,"c":1,"s":"N21","n":0}},{"type":"Feature","geometry":{"type":"Point","coordinates":[147.2052,-9.2921]},"properties":{"d":"2026-09-15","t":"0421","frp":5.0,"b":334.5,"c":1,"s":"N21","n":0}},{"type":"Feature","geometry":{"type":"Point","coordinates":[125.1621,-9.2853]},"properties":{"d":"2026-09-15","t":"0421","frp":28.3,"b":354.5,"c":1,"s":"N21","n":0}},{"type":"Feature","geometry":{"type":"Point","coordinates":[125.1661,-9.2849]},"properties":{"d":"2026-09-15","t":"0421","frp":28.3,"b":367.0,"c":2,"s":"N21","n":0}},{"type":"Feature","geometry":{"type":"Point","coordinates":[125.1702,-9.2843]},"properties":{"d":"2026-09-15","t":"0421","frp":21.8,"b":339.4,"c":1,"s":"N21","n":0}},{"type":"Feature","geometry":{"type":"Point","coordinates":[147.1875,-9.278]},"properties":{"d":"2026-09-15","t":"0421","frp":6.2,"b":333.9,"c":1,"s":"N21","n":0}},{"type":"Feature","geometry":{"type":"Point","coordinates":[124.8005,-9.2772]},"properties":{"d":"2026-09-15","t":"0421","frp":3.6,"b":330.8,"c":1,"s":"N21","n":0}},{"type":"Feature","geometry":{"type":"Point","coordinates":[142.7784,-9.2231]},"properties":{"d":"2026-09-15","t":"0421","frp":8.2,"b":339.4,"c":1,"s":"N21","n":0}},{"type":"Feature","geometry":{"type":"Point","coordinates":[148.6374,-9.2081]},"properties":{"d":"2026-09-15","t":"0421","frp":7.3,"b":331.5,"c":1,"s":"N21","n":0}},{"type":"Feature","geometry":{"type":"Point","coordinates":[147.2054,-9.2015]},"properties":{"d":"2026-09-15","t":"0421","frp":5.2,"b":335.5,"c":1,"s":"N21","n":0}},{"type":"Feature","geometry":{"type":"Point","coordinates":[147.0212,-9.1835]},"properties":{"d":"2026-09-15","t":"0421","frp":13.1,"b":332.7,"c":1,"s":"N21","n":0}},{"type":"Feature","geometry":{"type":"Point","coordinates":[147.0249,-9.1828]},"properties":{"d":"2026-09-15","t":"0421","frp":13.1,"b":367.0,"c":2,"s":"N21","n":0}},{"type":"Feature","geometry":{"type":"Point","coordinates":[147.0287,-9.1821]},"properties":{"d":"2026-09-15","t":"0421","frp":27.6,"b":367.0,"c":2,"s":"N21","n":0}},{"type":"Feature","geometry":{"type":"Point","coordinates":[147.0239,-9.1785]},"properties":{"d":"2026-09-15","t":"0421","frp":22.5,"b":367.0,"c":2,"s":"N21","n":0}},{"type":"Feature","geometry":{"type":"Point","coordinates":[147.0239,-9.1773]},"properties":{"d":"2026-09-15","t":"0421","frp":13.1,"b":335.9,"c":1,"s":"N21","n":0}},{"type":"Feature","geometry":{"type":"Point","coordinates":[141.1697,-9.1646]},"properties":{"d":"2026-09-15","t":"0421","frp":4.2,"b":332.0,"c":1,"s":"N21","n":0}},{"type":"Feature","geometry":{"type":"Point","coordinates":[148.961,-9.1388]},"properties":{"d":"2026-09-15","t":"0421","frp":7.2,"b":330.9,"c":1,"s":"N21","n":0}},{"type":"Feature","geometry":{"type":"Point","coordinates":[125.1014,-9.1288]},"properties":{"d":"2026-09-15","t":"0421","frp":13.9,"b":337.1,"c":1,"s":"N21","n":0}},{"type":"Feature","geometry":{"type":"Point","coordinates":[125.1057,-9.1283]},"properties":{"d":"2026-09-15","t":"0421","frp":19.2,"b":349.2,"c":1,"s":"N21","n":0}},{"type":"Feature","geometry":{"type":"Point","coordinates":[125.1013,-9.1262]},"properties":{"d":"2026-09-15","t":"0421","frp":14.1,"b":346.5,"c":1,"s":"N21","n":0}},{"type":"Feature","geometry":{"type":"Point","coordinates":[125.1056,-9.1257]},"properties":{"d":"2026-09-15","t":"0421","frp":16.4,"b":341.2,"c":1,"s":"N21","n":0}},{"type":"Feature","geometry":{"type":"Point","coordinates":[141.2988,-9.1238]},"properties":{"d":"2026-09-15","t":"0421","frp":12.2,"b":340.3,"c":1,"s":"N21","n":0}},{"type":"Feature","geometry":{"type":"Point","coordinates":[141.2886,-9.1215]},"properties":{"d":"2026-09-15","t":"0421","frp":18.1,"b":335.5,"c":1,"s":"N21","n":0}},{"type":"Feature","geometry":{"type":"Point","coordinates":[141.269,-9.1209]},"properties":{"d":"2026-09-15","t":"0421","frp":9.5,"b":333.2,"c":1,"s":"N21","n":0}},{"type":"Feature","geometry":{"type":"Point","coordinates":[141.2934,-9.1208]},"properties":{"d":"2026-09-15","t":"0421","frp":18.1,"b":350.1,"c":1,"s":"N21","n":0}},{"type":"Feature","geometry":{"type":"Point","coordinates":[141.2737,-9.1201]},"properties":{"d":"2026-09-15","t":"0421","frp":9.5,"b":352.3,"c":1,"s":"N21","n":0}},{"type":"Feature","geometry":{"type":"Point","coordinates":[141.2981,-9.12]},"properties":{"d":"2026-09-15","t":"0421","frp":12.2,"b":347.5,"c":1,"s":"N21","n":0}},{"type":"Feature","geometry":{"type":"Point","coordinates":[141.2785,-9.1193]},"properties":{"d":"2026-09-15","t":"0421","frp":8.1,"b":334.6,"c":1,"s":"N21","n":0}},{"type":"Feature","geometry":{"type":"Point","coordinates":[141.2731,-9.1163]},"properties":{"d":"2026-09-15","t":"0421","frp":9.5,"b":342.0,"c":1,"s":"N21","n":0}},{"type":"Feature","geometry":{"type":"Point","coordinates":[141.2779,-9.1155]},"properties":{"d":"2026-09-15","t":"0421","frp":8.1,"b":348.8,"c":1,"s":"N21","n":0}},{"type":"Feature","geometry":{"type":"Point","coordinates":[141.2826,-9.1147]},"properties":{"d":"2026-09-15","t":"0421","frp":8.1,"b":347.4,"c":1,"s":"N21","n":0}},{"type":"Feature","geometry":{"type":"Point","coordinates":[141.6685,-9.1145]},"properties":{"d":"2026-09-15","t":"0421","frp":3.8,"b":333.6,"c":1,"s":"N21","n":0}},{"type":"Feature","geometry":{"type":"Point","coordinates":[141.2874,-9.1139]},"properties":{"d":"2026-09-15","t":"0421","frp":24.2,"b":346.2,"c":1,"s":"N21","n":0}},{"type":"Feature","geometry":{"type":"Point","coordinates":[141.2921,-9.1131]},"properties":{"d":"2026-09-15","t":"0421","frp":24.2,"b":345.4,"c":1,"s":"N21","n":0}},{"type":"Feature","geometry":{"type":"Point","coordinates":[141.2725,-9.1125]},"properties":{"d":"2026-09-15","t":"0421","frp":34.5,"b":333.8,"c":1,"s":"N21","n":0}},{"type":"Feature","geometry":{"type":"Point","coordinates":[141.2772,-9.1117]},"properties":{"d":"2026-09-15","t":"0421","frp":39.1,"b":344.8,"c":1,"s":"N21","n":0}},{"type":"Feature","geometry":{"type":"Point","coordinates":[141.6885,-9.1113]},"properties":{"d":"2026-09-15","t":"0421","frp":7.2,"b":338.3,"c":1,"s":"N21","n":0}},{"type":"Feature","geometry":{"type":"Point","coordinates":[141.2819,-9.1109]},"properties":{"d":"2026-09-15","t":"0421","frp":39.1,"b":349.7,"c":1,"s":"N21","n":0}},{"type":"Feature","geometry":{"type":"Point","coordinates":[141.6678,-9.1106]},"properties":{"d":"2026-09-15","t":"0421","frp":10.2,"b":340.9,"c":1,"s":"N21","n":0}},{"type":"Feature","geometry":{"type":"Point","coordinates":[141.2867,-9.1101]},"properties":{"d":"2026-09-15","t":"0421","frp":20.7,"b":353.3,"c":1,"s":"N21","n":0}},{"type":"Feature","geometry":{"type":"Point","coordinates":[141.2915,-9.1093]},"properties":{"d":"2026-09-15","t":"0421","frp":20.7,"b":336.6,"c":1,"s":"N21","n":0}},{"type":"Feature","geometry":{"type":"Point","coordinates":[141.2718,-9.1087]},"properties":{"d":"2026-09-15","t":"0421","frp":34.5,"b":346.0,"c":1,"s":"N21","n":0}},{"type":"Feature","geometry":{"type":"Point","coordinates":[141.2766,-9.1079]},"properties":{"d":"2026-09-15","t":"0421","frp":39.1,"b":367.0,"c":2,"s":"N21","n":0}},{"type":"Feature","geometry":{"type":"Point","coordinates":[141.2813,-9.1071]},"properties":{"d":"2026-09-15","t":"0421","frp":39.1,"b":353.9,"c":1,"s":"N21","n":0}},{"type":"Feature","geometry":{"type":"Point","coordinates":[141.2861,-9.1063]},"properties":{"d":"2026-09-15","t":"0421","frp":20.7,"b":336.9,"c":1,"s":"N21","n":0}},{"type":"Feature","geometry":{"type":"Point","coordinates":[141.2664,-9.1056]},"properties":{"d":"2026-09-15","t":"0421","frp":15.8,"b":335.3,"c":1,"s":"N21","n":0}},{"type":"Feature","geometry":{"type":"Point","coordinates":[141.2712,-9.1049]},"properties":{"d":"2026-09-15","t":"0421","frp":15.8,"b":348.4,"c":1,"s":"N21","n":0}},{"type":"Feature","geometry":{"type":"Point","coordinates":[141.2807,-9.1033]},"properties":{"d":"2026-09-15","t":"0421","frp":92.5,"b":343.4,"c":1,"s":"N21","n":0}},{"type":"Feature","geometry":{"type":"Point","coordinates":[141.2705,-9.101]},"properties":{"d":"2026-09-15","t":"0421","frp":15.8,"b":340.9,"c":1,"s":"N21","n":0}},{"type":"Feature","geometry":{"type":"Point","coordinates":[141.2509,-9.1004]},"properties":{"d":"2026-09-15","t":"0421","frp":19.7,"b":367.0,"c":2,"s":"N21","n":0}},{"type":"Feature","geometry":{"type":"Point","coordinates":[141.2753,-9.1002]},"properties":{"d":"2026-09-15","t":"0421","frp":92.5,"b":344.3,"c":1,"s":"N21","n":0}},{"type":"Feature","geometry":{"type":"Point","coordinates":[141.7073,-9.1001]},"properties":{"d":"2026-09-15","t":"0421","frp":8.1,"b":340.7,"c":1,"s":"N21","n":0}},{"type":"Feature","geometry":{"type":"Point","coordinates":[141.2604,-9.0988]},"properties":{"d":"2026-09-15","t":"0421","frp":56.3,"b":348.7,"c":1,"s":"N21","n":0}},{"type":"Feature","geometry":{"type":"Point","coordinates":[141.2652,-9.098]},"properties":{"d":"2026-09-15","t":"0421","frp":34.5,"b":367.0,"c":2,"s":"N21","n":0}},{"type":"Feature","geometry":{"type":"Point","coordinates":[141.2456,-9.0974]},"properties":{"d":"2026-09-15","t":"0421","frp":19.7,"b":347.8,"c":1,"s":"N21","n":0}},{"type":"Feature","geometry":{"type":"Point","coordinates":[141.2699,-9.0972]},"properties":{"d":"2026-09-15","t":"0421","frp":34.5,"b":354.9,"c":1,"s":"N21","n":0}},{"type":"Feature","geometry":{"type":"Point","coordinates":[141.6296,-9.0969]},"properties":{"d":"2026-09-15","t":"0421","frp":23.7,"b":348.0,"c":1,"s":"N21","n":0}},{"type":"Feature","geometry":{"type":"Point","coordinates":[141.255,-9.0958]},"properties":{"d":"2026-09-15","t":"0421","frp":56.3,"b":343.5,"c":1,"s":"N21","n":0}},{"type":"Feature","geometry":{"type":"Point","coordinates":[141.2598,-9.095]},"properties":{"d":"2026-09-15","t":"0421","frp":56.3,"b":354.1,"c":1,"s":"N21","n":0}},{"type":"Feature","geometry":{"type":"Point","coordinates":[141.2422,-9.0948]},"properties":{"d":"2026-09-15","t":"0421","frp":16.3,"b":339.7,"c":1,"s":"N21","n":0}},{"type":"Feature","geometry":{"type":"Point","coordinates":[141.2645,-9.0942]},"properties":{"d":"2026-09-15","t":"0421","frp":34.5,"b":349.4,"c":1,"s":"N21","n":0}},{"type":"Feature","geometry":{"type":"Point","coordinates":[141.247,-9.0941]},"properties":{"d":"2026-09-15","t":"0421","frp":72.4,"b":346.9,"c":1,"s":"N21","n":0}},{"type":"Feature","geometry":{"type":"Point","coordinates":[141.6239,-9.0938]},"properties":{"d":"2026-09-15","t":"0421","frp":8.7,"b":343.4,"c":1,"s":"N21","n":0}},{"type":"Feature","geometry":{"type":"Point","coordinates":[141.2565,-9.0925]},"properties":{"d":"2026-09-15","t":"0421","frp":84.8,"b":346.6,"c":1,"s":"N21","n":0}},{"type":"Feature","geometry":{"type":"Point","coordinates":[141.2612,-9.0918]},"properties":{"d":"2026-09-15","t":"0421","frp":84.8,"b":343.8,"c":1,"s":"N21","n":0}},{"type":"Feature","geometry":{"type":"Point","coordinates":[141.2591,-9.0912]},"properties":{"d":"2026-09-15","t":"0421","frp":142.0,"b":341.6,"c":0,"s":"N21","n":0}},{"type":"Feature","geometry":{"type":"Point","coordinates":[142.2985,-9.0905]},"properties":{"d":"2026-09-15","t":"0421","frp":5.2,"b":331.6,"c":1,"s":"N21","n":0}},{"type":"Feature","geometry":{"type":"Point","coordinates":[141.251,-9.0895]},"properties":{"d":"2026-09-15","t":"0421","frp":72.4,"b":344.1,"c":1,"s":"N21","n":0}},{"type":"Feature","geometry":{"type":"Point","coordinates":[141.6282,-9.0891]},"properties":{"d":"2026-09-15","t":"0421","frp":8.7,"b":335.0,"c":1,"s":"N21","n":0}},{"type":"Feature","geometry":{"type":"Point","coordinates":[141.2558,-9.0887]},"properties":{"d":"2026-09-15","t":"0421","frp":84.8,"b":346.5,"c":1,"s":"N21","n":0}},{"type":"Feature","geometry":{"type":"Point","coordinates":[141.2537,-9.0882]},"properties":{"d":"2026-09-15","t":"0421","frp":142.0,"b":347.9,"c":1,"s":"N21","n":0}},{"type":"Feature","geometry":{"type":"Point","coordinates":[141.2362,-9.088]},"properties":{"d":"2026-09-15","t":"0421","frp":88.4,"b":340.0,"c":1,"s":"N21","n":0}},{"type":"Feature","geometry":{"type":"Point","coordinates":[142.3168,-9.0875]},"properties":{"d":"2026-09-15","t":"0421","frp":5.0,"b":340.2,"c":1,"s":"N21","n":0}},{"type":"Feature","geometry":{"type":"Point","coordinates":[142.3204,-9.0869]},"properties":{"d":"2026-09-15","t":"0421","frp":9.1,"b":336.1,"c":1,"s":"N21","n":0}},{"type":"Feature","geometry":{"type":"Point","coordinates":[140.9589,-9.0865]},"properties":{"d":"2026-09-15","t":"0421","frp":6.8,"b":336.9,"c":1,"s":"N21","n":0}},{"type":"Feature","geometry":{"type":"Point","coordinates":[142.3015,-9.0859]},"properties":{"d":"2026-09-15","t":"0421","frp":5.2,"b":335.4,"c":1,"s":"N21","n":0}},{"type":"Feature","geometry":{"type":"Point","coordinates":[140.9634,-9.0858]},"properties":{"d":"2026-09-15","t":"0421","frp":6.8,"b":335.7,"c":1,"s":"N21","n":0}},{"type":"Feature","geometry":{"type":"Point","coordinates":[141.2531,-9.0844]},"properties":{"d":"2026-09-15","t":"0421","frp":13.4,"b":340.7,"c":1,"s":"N21","n":0}},{"type":"Feature","geometry":{"type":"Point","coordinates":[140.9491,-9.0843]},"properties":{"d":"2026-09-15","t":"0421","frp":5.9,"b":336.6,"c":1,"s":"N21","n":0}},{"type":"Feature","geometry":{"type":"Point","coordinates":[142.3124,-9.084]},"properties":{"d":"2026-09-15","t":"0421","frp":5.0,"b":329.9,"c":1,"s":"N21","n":0}},{"type":"Feature","geometry":{"type":"Point","coordinates":[141.2403,-9.0834]},"properties":{"d":"2026-09-15","t":"0421","frp":88.4,"b":355.6,"c":0,"s":"N21","n":0}},{"type":"Feature","geometry":{"type":"Point","coordinates":[141.245,-9.0826]},"properties":{"d":"2026-09-15","t":"0421","frp":14.4,"b":355.6,"c":0,"s":"N21","n":0}},{"type":"Feature","geometry":{"type":"Point","coordinates":[142.2971,-9.0824]},"properties":{"d":"2026-09-15","t":"0421","frp":7.0,"b":343.4,"c":1,"s":"N21","n":0}},{"type":"Feature","geometry":{"type":"Point","coordinates":[141.243,-9.0822]},"properties":{"d":"2026-09-15","t":"0421","frp":38.7,"b":356.1,"c":0,"s":"N21","n":0}},{"type":"Feature","geometry":{"type":"Point","coordinates":[141.2498,-9.0819]},"properties":{"d":"2026-09-15","t":"0421","frp":14.4,"b":345.1,"c":1,"s":"N21","n":0}},{"type":"Feature","geometry":{"type":"Point","coordinates":[142.3081,-9.0806]},"properties":{"d":"2026-09-15","t":"0421","frp":9.4,"b":336.5,"c":1,"s":"N21","n":0}},{"type":"Feature","geometry":{"type":"Point","coordinates":[142.3154,-9.0793]},"properties":{"d":"2026-09-15","t":"0421","frp":6.2,"b":338.4,"c":1,"s":"N21","n":0}},{"type":"Feature","geometry":{"type":"Point","coordinates":[142.311,-9.0759]},"properties":{"d":"2026-09-15","t":"0421","frp":6.2,"b":339.7,"c":1,"s":"N21","n":0}},{"type":"Feature","geometry":{"type":"Point","coordinates":[141.2431,-9.0712]},"properties":{"d":"2026-09-15","t":"0421","frp":4.3,"b":338.0,"c":1,"s":"N21","n":0}},{"type":"Feature","geometry":{"type":"Point","coordinates":[142.314,-9.0712]},"properties":{"d":"2026-09-15","t":"0421","frp":7.0,"b":340.8,"c":1,"s":"N21","n":0}},{"type":"Feature","geometry":{"type":"Point","coordinates":[142.3133,-9.0671]},"properties":{"d":"2026-09-15","t":"0421","frp":7.0,"b":347.2,"c":1,"s":"N21","n":0}},{"type":"Feature","geometry":{"type":"Point","coordinates":[125.5192,-9.0601]},"properties":{"d":"2026-09-15","t":"0421","frp":5.5,"b":330.9,"c":1,"s":"N21","n":0}},{"type":"Feature","geometry":{"type":"Point","coordinates":[141.6766,-9.0409]},"properties":{"d":"2026-09-15","t":"0421","frp":7.8,"b":340.1,"c":1,"s":"N21","n":0}},{"type":"Feature","geometry":{"type":"Point","coordinates":[141.6816,-9.0401]},"properties":{"d":"2026-09-15","t":"0421","frp":7.8,"b":333.4,"c":1,"s":"N21","n":0}},{"type":"Feature","geometry":{"type":"Point","coordinates":[141.6759,-9.037]},"properties":{"d":"2026-09-15","t":"0421","frp":6.4,"b":330.4,"c":1,"s":"N21","n":0}},{"type":"Feature","geometry":{"type":"Point","coordinates":[140.9592,-9.0199]},"properties":{"d":"2026-09-15","t":"0421","frp":25.9,"b":355.0,"c":1,"s":"N21","n":0}},{"type":"Feature","geometry":{"type":"Point","coordinates":[140.9586,-9.0162]},"properties":{"d":"2026-09-15","t":"0421","frp":4.9,"b":336.9,"c":1,"s":"N21","n":0}},{"type":"Feature","geometry":{"type":"Point","coordinates":[140.902,-9.0138]},"properties":{"d":"2026-09-15","t":"0421","frp":4.2,"b":331.1,"c":1,"s":"N21","n":0}},{"type":"Feature","geometry":{"type":"Point","coordinates":[140.8859,-9.001]},"properties":{"d":"2026-09-15","t":"0421","frp":4.9,"b":334.4,"c":1,"s":"N21","n":0}},{"type":"Feature","geometry":{"type":"Point","coordinates":[118.1463,-34.7317]},"properties":{"d":"2026-09-15","t":"0555","frp":4.4,"b":332.8,"c":1,"s":"N21","n":0}},{"type":"Feature","geometry":{"type":"Point","coordinates":[118.1547,-34.7304]},"properties":{"d":"2026-09-15","t":"0555","frp":9.4,"b":343.9,"c":1,"s":"N21","n":0}},{"type":"Feature","geometry":{"type":"Point","coordinates":[118.1589,-34.7297]},"properties":{"d":"2026-09-15","t":"0555","frp":9.9,"b":339.6,"c":1,"s":"N21","n":0}},{"type":"Feature","geometry":{"type":"Point","coordinates":[118.1456,-34.7283]},"properties":{"d":"2026-09-15","t":"0555","frp":4.4,"b":335.0,"c":1,"s":"N21","n":0}},{"type":"Feature","geometry":{"type":"Point","coordinates":[118.1498,-34.7277]},"properties":{"d":"2026-09-15","t":"0555","frp":9.4,"b":339.5,"c":1,"s":"N21","n":0}},{"type":"Feature","geometry":{"type":"Point","coordinates":[118.154,-34.7271]},"properties":{"d":"2026-09-15","t":"0555","frp":9.4,"b":343.2,"c":1,"s":"N21","n":0}},{"type":"Feature","geometry":{"type":"Point","coordinates":[118.1582,-34.7264]},"properties":{"d":"2026-09-15","t":"0555","frp":9.9,"b":338.8,"c":1,"s":"N21","n":0}},{"type":"Feature","geometry":{"type":"Point","coordinates":[118.1509,-34.7248]},"properties":{"d":"2026-09-15","t":"0555","frp":5.1,"b":330.2,"c":1,"s":"N21","n":0}},{"type":"Feature","geometry":{"type":"Point","coordinates":[121.9398,-33.5039]},"properties":{"d":"2026-09-15","t":"0555","frp":5.7,"b":336.8,"c":1,"s":"N21","n":0}},{"type":"Feature","geometry":{"type":"Point","coordinates":[116.8716,-31.6203]},"properties":{"d":"2026-09-15","t":"0557","frp":3.6,"b":335.2,"c":1,"s":"N21","n":0}},{"type":"Feature","geometry":{"type":"Point","coordinates":[115.6029,-31.4015]},"properties":{"d":"2026-09-15","t":"0557","frp":4.0,"b":337.9,"c":1,"s":"N21","n":0}},{"type":"Feature","geometry":{"type":"Point","coordinates":[115.6071,-31.4009]},"properties":{"d":"2026-09-15","t":"0557","frp":2.5,"b":332.1,"c":1,"s":"N21","n":0}},{"type":"Feature","geometry":{"type":"Point","coordinates":[115.5939,-31.3993]},"properties":{"d":"2026-09-15","t":"0557","frp":2.9,"b":333.0,"c":1,"s":"N21","n":0}},{"type":"Feature","geometry":{"type":"Point","coordinates":[115.5981,-31.3987]},"properties":{"d":"2026-09-15","t":"0557","frp":7.8,"b":346.8,"c":1,"s":"N21","n":0}},{"type":"Feature","geometry":{"type":"Point","coordinates":[115.6023,-31.3981]},"properties":{"d":"2026-09-15","t":"0557","frp":7.8,"b":349.3,"c":1,"s":"N21","n":0}},{"type":"Feature","geometry":{"type":"Point","coordinates":[115.9672,-31.2305]},"properties":{"d":"2026-09-15","t":"0557","frp":14.9,"b":338.9,"c":1,"s":"N21","n":0}},{"type":"Feature","geometry":{"type":"Point","coordinates":[115.9713,-31.2299]},"properties":{"d":"2026-09-15","t":"0557","frp":14.9,"b":346.2,"c":1,"s":"N21","n":0}},{"type":"Feature","geometry":{"type":"Point","coordinates":[115.7533,-30.7411]},"properties":{"d":"2026-09-15","t":"0557","frp":7.4,"b":352.2,"c":1,"s":"N21","n":0}},{"type":"Feature","geometry":{"type":"Point","coordinates":[115.7615,-30.7399]},"properties":{"d":"2026-09-15","t":"0557","frp":7.4,"b":332.9,"c":1,"s":"N21","n":0}},{"type":"Feature","geometry":{"type":"Point","coordinates":[115.7325,-30.7354]},"properties":{"d":"2026-09-15","t":"0557","frp":10.2,"b":336.4,"c":1,"s":"N21","n":0}},{"type":"Feature","geometry":{"type":"Point","coordinates":[115.7889,-30.7291]},"properties":{"d":"2026-09-15","t":"0557","frp":9.1,"b":336.4,"c":1,"s":"N21","n":0}},{"type":"Feature","geometry":{"type":"Point","coordinates":[115.793,-30.7285]},"properties":{"d":"2026-09-15","t":"0557","frp":9.1,"b":346.4,"c":1,"s":"N21","n":0}},{"type":"Feature","geometry":{"type":"Point","coordinates":[115.7899,-30.7271]},"properties":{"d":"2026-09-15","t":"0557","frp":5.1,"b":345.6,"c":1,"s":"N21","n":0}},{"type":"Feature","geometry":{"type":"Point","coordinates":[115.794,-30.7265]},"properties":{"d":"2026-09-15","t":"0557","frp":5.1,"b":331.2,"c":1,"s":"N21","n":0}},{"type":"Feature","geometry":{"type":"Point","coordinates":[116.2207,-30.1038]},"properties":{"d":"2026-09-15","t":"0557","frp":3.0,"b":330.9,"c":1,"s":"N21","n":0}},{"type":"Feature","geometry":{"type":"Point","coordinates":[128.5776,-23.0654]},"properties":{"d":"2026-09-15","t":"0559","frp":21.5,"b":340.7,"c":1,"s":"N21","n":0}},{"type":"Feature","geometry":{"type":"Point","coordinates":[128.5802,-23.0642]},"properties":{"d":"2026-09-15","t":"0559","frp":24.6,"b":367.0,"c":2,"s":"N21","n":0}},{"type":"Feature","geometry":{"type":"Point","coordinates":[128.5757,-23.059]},"properties":{"d":"2026-09-15","t":"0559","frp":21.5,"b":353.2,"c":1,"s":"N21","n":0}},{"type":"Feature","geometry":{"type":"Point","coordinates":[128.5784,-23.0578]},"properties":{"d":"2026-09-15","t":"0559","frp":24.6,"b":367.0,"c":2,"s":"N21","n":0}},{"type":"Feature","geometry":{"type":"Point","coordinates":[128.5817,-23.0575]},"properties":{"d":"2026-09-15","t":"0559","frp":32.9,"b":341.7,"c":1,"s":"N21","n":0}},{"type":"Feature","geometry":{"type":"Point","coordinates":[117.0188,-22.5349]},"properties":{"d":"2026-09-15","t":"0559","frp":19.7,"b":348.8,"c":1,"s":"N21","n":0}},{"type":"Feature","geometry":{"type":"Point","coordinates":[124.2492,-22.2538]},"properties":{"d":"2026-09-15","t":"0559","frp":7.4,"b":336.8,"c":0,"s":"N21","n":0}},{"type":"Feature","geometry":{"type":"Point","coordinates":[124.24,-22.245]},"properties":{"d":"2026-09-15","t":"0559","frp":8.0,"b":350.6,"c":1,"s":"N21","n":0}},{"type":"Feature","geometry":{"type":"Point","coordinates":[124.2355,-22.2406]},"properties":{"d":"2026-09-15","t":"0559","frp":3.7,"b":342.6,"c":1,"s":"N21","n":0}},{"type":"Feature","geometry":{"type":"Point","coordinates":[124.2433,-22.1836]},"properties":{"d":"2026-09-15","t":"0559","frp":4.9,"b":352.5,"c":1,"s":"N21","n":0}},{"type":"Feature","geometry":{"type":"Point","coordinates":[124.2219,-22.1827]},"properties":{"d":"2026-09-15","t":"0559","frp":8.8,"b":344.0,"c":1,"s":"N21","n":0}},{"type":"Feature","geometry":{"type":"Point","coordinates":[124.242,-22.1784]},"properties":{"d":"2026-09-15","t":"0559","frp":4.9,"b":350.7,"c":1,"s":"N21","n":0}},{"type":"Feature","geometry":{"type":"Point","coordinates":[124.234,-22.1747]},"properties":{"d":"2026-09-15","t":"0559","frp":14.4,"b":367.0,"c":2,"s":"N21","n":0}},{"type":"Feature","geometry":{"type":"Point","coordinates":[124.2327,-22.1696]},"properties":{"d":"2026-09-15","t":"0559","frp":14.4,"b":337.7,"c":1,"s":"N21","n":0}},{"type":"Feature","geometry":{"type":"Point","coordinates":[128.5557,-21.5054]},"properties":{"d":"2026-09-15","t":"0559","frp":7.9,"b":331.4,"c":0,"s":"N21","n":0}},{"type":"Feature","geometry":{"type":"Point","coordinates":[128.556,-21.5021]},"properties":{"d":"2026-09-15","t":"0559","frp":12.9,"b":335.5,"c":0,"s":"N21","n":0}},{"type":"Feature","geometry":{"type":"Point","coordinates":[128.5605,-21.494]},"properties":{"d":"2026-09-15","t":"0559","frp":12.1,"b":344.4,"c":1,"s":"N21","n":0}},{"type":"Feature","geometry":{"type":"Point","coordinates":[128.5139,-21.4489]},"properties":{"d":"2026-09-15","t":"0559","frp":10.2,"b":337.1,"c":1,"s":"N21","n":0}},{"type":"Feature","geometry":{"type":"Point","coordinates":[128.5112,-21.4466]},"properties":{"d":"2026-09-15","t":"0559","frp":9.0,"b":339.9,"c":1,"s":"N21","n":0}},{"type":"Feature","geometry":{"type":"Point","coordinates":[128.5058,-21.4439]},"properties":{"d":"2026-09-15","t":"0559","frp":13.3,"b":345.1,"c":1,"s":"N21","n":0}},{"type":"Feature","geometry":{"type":"Point","coordinates":[128.5031,-21.4415]},"properties":{"d":"2026-09-15","t":"0559","frp":18.3,"b":354.2,"c":1,"s":"N21","n":0}},{"type":"Feature","geometry":{"type":"Point","coordinates":[128.4977,-21.4388]},"properties":{"d":"2026-09-15","t":"0559","frp":11.4,"b":335.5,"c":0,"s":"N21","n":0}},{"type":"Feature","geometry":{"type":"Point","coordinates":[123.7827,-20.5328]},"properties":{"d":"2026-09-15","t":"0559","frp":4.5,"b":337.7,"c":1,"s":"N21","n":0}},{"type":"Feature","geometry":{"type":"Point","coordinates":[123.7814,-20.5277]},"properties":{"d":"2026-09-15","t":"0559","frp":4.5,"b":345.0,"c":1,"s":"N21","n":0}},{"type":"Feature","geometry":{"type":"Point","coordinates":[123.7847,-20.527]},"properties":{"d":"2026-09-15","t":"0559","frp":4.5,"b":349.9,"c":1,"s":"N21","n":0}},{"type":"Feature","geometry":{"type":"Point","coordinates":[123.7802,-20.5225]},"properties":{"d":"2026-09-15","t":"0559","frp":5.6,"b":347.2,"c":1,"s":"N21","n":0}},{"type":"Feature","geometry":{"type":"Point","coordinates":[123.7835,-20.5219]},"properties":{"d":"2026-09-15","t":"0559","frp":5.6,"b":338.7,"c":1,"s":"N21","n":0}},{"type":"Feature","geometry":{"type":"Point","coordinates":[123.7789,-20.5174]},"properties":{"d":"2026-09-15","t":"0559","frp":5.6,"b":350.7,"c":1,"s":"N21","n":0}},{"type":"Feature","geometry":{"type":"Point","coordinates":[123.7822,-20.5167]},"properties":{"d":"2026-09-15","t":"0559","frp":5.6,"b":367.0,"c":2,"s":"N21","n":0}},{"type":"Feature","geometry":{"type":"Point","coordinates":[123.7777,-20.5123]},"properties":{"d":"2026-09-15","t":"0559","frp":6.7,"b":367.0,"c":2,"s":"N21","n":0}},{"type":"Feature","geometry":{"type":"Point","coordinates":[123.7731,-20.5078]},"properties":{"d":"2026-09-15","t":"0559","frp":11.1,"b":337.5,"c":1,"s":"N21","n":0}},{"type":"Feature","geometry":{"type":"Point","coordinates":[123.7764,-20.5071]},"properties":{"d":"2026-09-15","t":"0559","frp":6.7,"b":340.9,"c":1,"s":"N21","n":0}},{"type":"Feature","geometry":{"type":"Point","coordinates":[127.7896,-20.1415]},"properties":{"d":"2026-09-15","t":"0559","frp":6.8,"b":341.3,"c":1,"s":"N21","n":0}},{"type":"Feature","geometry":{"type":"Point","coordinates":[127.5232,-19.6071]},"properties":{"d":"2026-09-15","t":"0559","frp":189.8,"b":239.6,"c":0,"s":"N21","n":0}},{"type":"Feature","geometry":{"type":"Point","coordinates":[127.5196,-19.6063]},"properties":{"d":"2026-09-15","t":"0559","frp":253.4,"b":207.4,"c":0,"s":"N21","n":0}},{"type":"Feature","geometry":{"type":"Point","coordinates":[127.5292,-19.6057]},"properties":{"d":"2026-09-15","t":"0559","frp":233.7,"b":367.0,"c":2,"s":"N21","n":0}},{"type":"Feature","geometry":{"type":"Point","coordinates":[127.5256,-19.6048]},"properties":{"d":"2026-09-15","t":"0559","frp":433.5,"b":367.0,"c":0,"s":"N21","n":0}},{"type":"Feature","geometry":{"type":"Point","coordinates":[127.5352,-19.6043]},"properties":{"d":"2026-09-15","t":"0559","frp":233.7,"b":367.0,"c":2,"s":"N21","n":0}},{"type":"Feature","geometry":{"type":"Point","coordinates":[127.5316,-19.6034]},"properties":{"d":"2026-09-15","t":"0559","frp":433.5,"b":367.0,"c":0,"s":"N21","n":0}},{"type":"Feature","geometry":{"type":"Point","coordinates":[127.5412,-19.6029]},"properties":{"d":"2026-09-15","t":"0559","frp":38.3,"b":367.0,"c":2,"s":"N21","n":0}},{"type":"Feature","geometry":{"type":"Point","coordinates":[127.5375,-19.602]},"properties":{"d":"2026-09-15","t":"0559","frp":70.6,"b":367.0,"c":2,"s":"N21","n":0}},{"type":"Feature","geometry":{"type":"Point","coordinates":[127.5155,-19.602]},"properties":{"d":"2026-09-15","t":"0559","frp":137.1,"b":367.0,"c":2,"s":"N21","n":0}},{"type":"Feature","geometry":{"type":"Point","coordinates":[127.5471,-19.6015]},"properties":{"d":"2026-09-15","t":"0559","frp":38.3,"b":367.0,"c":2,"s":"N21","n":0}},{"type":"Feature","geometry":{"type":"Point","coordinates":[127.5119,-19.6012]},"properties":{"d":"2026-09-15","t":"0559","frp":50.0,"b":333.9,"c":1,"s":"N21","n":0}},{"type":"Feature","geometry":{"type":"Point","coordinates":[127.5435,-19.6006]},"properties":{"d":"2026-09-15","t":"0559","frp":70.6,"b":367.0,"c":2,"s":"N21","n":0}},{"type":"Feature","geometry":{"type":"Point","coordinates":[127.5215,-19.6006]},"properties":{"d":"2026-09-15","t":"0559","frp":137.1,"b":367.0,"c":0,"s":"N21","n":0}},{"type":"Feature","geometry":{"type":"Point","coordinates":[127.5531,-19.6001]},"properties":{"d":"2026-09-15","t":"0559","frp":15.4,"b":367.0,"c":2,"s":"N21","n":0}},{"type":"Feature","geometry":{"type":"Point","coordinates":[127.5179,-19.5998]},"properties":{"d":"2026-09-15","t":"0559","frp":50.0,"b":355.0,"c":1,"s":"N21","n":0}},{"type":"Feature","geometry":{"type":"Point","coordinates":[127.5275,-19.5992]},"properties":{"d":"2026-09-15","t":"0559","frp":74.6,"b":367.0,"c":2,"s":"N21","n":0}},{"type":"Feature","geometry":{"type":"Point","coordinates":[127.5494,-19.5992]},"properties":{"d":"2026-09-15","t":"0559","frp":25.0,"b":367.0,"c":2,"s":"N21","n":0}},{"type":"Feature","geometry":{"type":"Point","coordinates":[127.5591,-19.5988]},"properties":{"d":"2026-09-15","t":"0559","frp":15.4,"b":347.8,"c":1,"s":"N21","n":0}},{"type":"Feature","geometry":{"type":"Point","coordinates":[127.5239,-19.5983]},"properties":{"d":"2026-09-15","t":"0559","frp":29.6,"b":367.0,"c":2,"s":"N21","n":0}},{"type":"Feature","geometry":{"type":"Point","coordinates":[127.5335,-19.5978]},"properties":{"d":"2026-09-15","t":"0559","frp":74.6,"b":367.0,"c":2,"s":"N21","n":0}},{"type":"Feature","geometry":{"type":"Point","coordinates":[127.5554,-19.5977]},"properties":{"d":"2026-09-15","t":"0559","frp":25.0,"b":367.0,"c":2,"s":"N21","n":0}},{"type":"Feature","geometry":{"type":"Point","coordinates":[127.5298,-19.5969]},"properties":{"d":"2026-09-15","t":"0559","frp":29.6,"b":367.0,"c":2,"s":"N21","n":0}},{"type":"Feature","geometry":{"type":"Point","coordinates":[127.5077,-19.5969]},"properties":{"d":"2026-09-15","t":"0559","frp":51.8,"b":330.6,"c":1,"s":"N21","n":0}},{"type":"Feature","geometry":{"type":"Point","coordinates":[127.5394,-19.5964]},"properties":{"d":"2026-09-15","t":"0559","frp":12.6,"b":355.6,"c":1,"s":"N21","n":0}},{"type":"Feature","geometry":{"type":"Point","coordinates":[127.5613,-19.5963]},"properties":{"d":"2026-09-15","t":"0559","frp":13.4,"b":342.9,"c":1,"s":"N21","n":0}},{"type":"Feature","geometry":{"type":"Point","coordinates":[127.5358,-19.5955]},"properties":{"d":"2026-09-15","t":"0559","frp":11.1,"b":354.6,"c":1,"s":"N21","n":0}},{"type":"Feature","geometry":{"type":"Point","coordinates":[127.5137,-19.5955]},"properties":{"d":"2026-09-15","t":"0559","frp":137.1,"b":367.0,"c":2,"s":"N21","n":0}},{"type":"Feature","geometry":{"type":"Point","coordinates":[127.5454,-19.595]},"properties":{"d":"2026-09-15","t":"0559","frp":12.6,"b":352.1,"c":1,"s":"N21","n":0}},{"type":"Feature","geometry":{"type":"Point","coordinates":[127.5102,-19.5947]},"properties":{"d":"2026-09-15","t":"0559","frp":50.0,"b":333.6,"c":1,"s":"N21","n":0}},{"type":"Feature","geometry":{"type":"Point","coordinates":[127.5197,-19.5941]},"properties":{"d":"2026-09-15","t":"0559","frp":137.1,"b":367.0,"c":2,"s":"N21","n":0}},{"type":"Feature","geometry":{"type":"Point","coordinates":[127.5417,-19.5941]},"properties":{"d":"2026-09-15","t":"0559","frp":11.1,"b":346.5,"c":1,"s":"N21","n":0}},{"type":"Feature","geometry":{"type":"Point","coordinates":[127.5514,-19.5936]},"properties":{"d":"2026-09-15","t":"0559","frp":10.0,"b":351.8,"c":1,"s":"N21","n":0}},{"type":"Feature","geometry":{"type":"Point","coordinates":[127.5162,-19.5933]},"properties":{"d":"2026-09-15","t":"0559","frp":50.0,"b":367.0,"c":2,"s":"N21","n":0}},{"type":"Feature","geometry":{"type":"Point","coordinates":[127.5257,-19.5927]},"properties":{"d":"2026-09-15","t":"0559","frp":74.6,"b":367.0,"c":2,"s":"N21","n":0}},{"type":"Feature","geometry":{"type":"Point","coordinates":[127.5477,-19.5926]},"properties":{"d":"2026-09-15","t":"0559","frp":8.8,"b":350.8,"c":1,"s":"N21","n":0}},{"type":"Feature","geometry":{"type":"Point","coordinates":[127.5573,-19.5923]},"properties":{"d":"2026-09-15","t":"0559","frp":10.0,"b":337.4,"c":1,"s":"N21","n":0}},{"type":"Feature","geometry":{"type":"Point","coordinates":[127.5222,-19.5919]},"properties":{"d":"2026-09-15","t":"0559","frp":29.6,"b":367.0,"c":2,"s":"N21","n":0}},{"type":"Feature","geometry":{"type":"Point","coordinates":[127.5317,-19.5913]},"properties":{"d":"2026-09-15","t":"0559","frp":74.6,"b":338.4,"c":1,"s":"N21","n":0}},{"type":"Feature","geometry":{"type":"Point","coordinates":[127.5537,-19.5912]},"properties":{"d":"2026-09-15","t":"0559","frp":8.8,"b":344.4,"c":1,"s":"N21","n":0}},{"type":"Feature","geometry":{"type":"Point","coordinates":[127.5633,-19.5909]},"properties":{"d":"2026-09-15","t":"0559","frp":49.3,"b":335.9,"c":1,"s":"N21","n":0}},{"type":"Feature","geometry":{"type":"Point","coordinates":[127.5281,-19.5904]},"properties":{"d":"2026-09-15","t":"0559","frp":29.6,"b":344.4,"c":1,"s":"N21","n":0}},{"type":"Feature","geometry":{"type":"Point","coordinates":[127.5377,-19.5899]},"properties":{"d":"2026-09-15","t":"0559","frp":12.6,"b":340.8,"c":1,"s":"N21","n":0}},{"type":"Feature","geometry":{"type":"Point","coordinates":[127.5596,-19.5898]},"properties":{"d":"2026-09-15","t":"0559","frp":46.5,"b":338.4,"c":1,"s":"N21","n":0}},{"type":"Feature","geometry":{"type":"Point","coordinates":[127.5693,-19.5895]},"properties":{"d":"2026-09-15","t":"0559","frp":49.3,"b":336.4,"c":1,"s":"N21","n":0}},{"type":"Feature","geometry":{"type":"Point","coordinates":[127.5341,-19.589]},"properties":{"d":"2026-09-15","t":"0559","frp":11.1,"b":331.6,"c":1,"s":"N21","n":0}},{"type":"Feature","geometry":{"type":"Point","coordinates":[127.5436,-19.5885]},"properties":{"d":"2026-09-15","t":"0559","frp":12.6,"b":333.7,"c":0,"s":"N21","n":0}},{"type":"Feature","geometry":{"type":"Point","coordinates":[127.5655,-19.5884]},"properties":{"d":"2026-09-15","t":"0559","frp":46.5,"b":338.4,"c":1,"s":"N21","n":0}},{"type":"Feature","geometry":{"type":"Point","coordinates":[127.5753,-19.5881]},"properties":{"d":"2026-09-15","t":"0559","frp":26.3,"b":335.3,"c":1,"s":"N21","n":0}},{"type":"Feature","geometry":{"type":"Point","coordinates":[127.54,-19.5876]},"properties":{"d":"2026-09-15","t":"0559","frp":11.1,"b":336.7,"c":1,"s":"N21","n":0}},{"type":"Feature","geometry":{"type":"Point","coordinates":[127.5496,-19.5871]},"properties":{"d":"2026-09-15","t":"0559","frp":10.0,"b":341.8,"c":1,"s":"N21","n":0}},{"type":"Feature","geometry":{"type":"Point","coordinates":[127.5715,-19.587]},"properties":{"d":"2026-09-15","t":"0559","frp":41.6,"b":339.0,"c":1,"s":"N21","n":0}},{"type":"Feature","geometry":{"type":"Point","coordinates":[127.5812,-19.5867]},"properties":{"d":"2026-09-15","t":"0559","frp":26.3,"b":337.4,"c":1,"s":"N21","n":0}},{"type":"Feature","geometry":{"type":"Point","coordinates":[127.546,-19.5861]},"properties":{"d":"2026-09-15","t":"0559","frp":8.8,"b":332.1,"c":0,"s":"N21","n":0}},{"type":"Feature","geometry":{"type":"Point","coordinates":[127.5556,-19.5858]},"properties":{"d":"2026-09-15","t":"0559","frp":10.0,"b":337.1,"c":1,"s":"N21","n":0}},{"type":"Feature","geometry":{"type":"Point","coordinates":[127.5774,-19.5856]},"properties":{"d":"2026-09-15","t":"0559","frp":41.6,"b":337.2,"c":1,"s":"N21","n":0}},{"type":"Feature","geometry":{"type":"Point","coordinates":[127.5872,-19.5853]},"properties":{"d":"2026-09-15","t":"0559","frp":11.8,"b":334.7,"c":1,"s":"N21","n":0}},{"type":"Feature","geometry":{"type":"Point","coordinates":[127.5519,-19.5847]},"properties":{"d":"2026-09-15","t":"0559","frp":8.8,"b":335.0,"c":1,"s":"N21","n":0}},{"type":"Feature","geometry":{"type":"Point","coordinates":[127.5615,-19.5844]},"properties":{"d":"2026-09-15","t":"0559","frp":49.3,"b":346.2,"c":1,"s":"N21","n":0}},{"type":"Feature","geometry":{"type":"Point","coordinates":[127.5834,-19.5841]},"properties":{"d":"2026-09-15","t":"0559","frp":13.0,"b":353.1,"c":1,"s":"N21","n":0}},{"type":"Feature","geometry":{"type":"Point","coordinates":[127.5932,-19.5839]},"properties":{"d":"2026-09-15","t":"0559","frp":11.8,"b":334.8,"c":0,"s":"N21","n":0}},{"type":"Feature","geometry":{"type":"Point","coordinates":[127.5579,-19.5833]},"properties":{"d":"2026-09-15","t":"0559","frp":46.5,"b":336.7,"c":1,"s":"N21","n":0}},{"type":"Feature","geometry":{"type":"Point","coordinates":[127.5675,-19.583]},"properties":{"d":"2026-09-15","t":"0559","frp":49.3,"b":367.0,"c":2,"s":"N21","n":0}},{"type":"Feature","geometry":{"type":"Point","coordinates":[127.5894,-19.5827]},"properties":{"d":"2026-09-15","t":"0559","frp":13.0,"b":341.8,"c":1,"s":"N21","n":0}},{"type":"Feature","geometry":{"type":"Point","coordinates":[127.5993,-19.5825]},"properties":{"d":"2026-09-15","t":"0559","frp":13.8,"b":338.8,"c":1,"s":"N21","n":0}},{"type":"Feature","geometry":{"type":"Point","coordinates":[127.5735,-19.5816]},"properties":{"d":"2026-09-15","t":"0559","frp":26.3,"b":367.0,"c":2,"s":"N21","n":0}},{"type":"Feature","geometry":{"type":"Point","coordinates":[127.5697,-19.5805]},"properties":{"d":"2026-09-15","t":"0559","frp":41.6,"b":367.0,"c":2,"s":"N21","n":0}},{"type":"Feature","geometry":{"type":"Point","coordinates":[127.5795,-19.5802]},"properties":{"d":"2026-09-15","t":"0559","frp":26.3,"b":367.0,"c":2,"s":"N21","n":0}},{"type":"Feature","geometry":{"type":"Point","coordinates":[127.6014,-19.5798]},"properties":{"d":"2026-09-15","t":"0559","frp":10.3,"b":337.3,"c":0,"s":"N21","n":0}},{"type":"Feature","geometry":{"type":"Point","coordinates":[127.5757,-19.579]},"properties":{"d":"2026-09-15","t":"0559","frp":41.6,"b":367.0,"c":2,"s":"N21","n":0}},{"type":"Feature","geometry":{"type":"Point","coordinates":[127.5855,-19.5788]},"properties":{"d":"2026-09-15","t":"0559","frp":11.8,"b":353.1,"c":1,"s":"N21","n":0}},{"type":"Feature","geometry":{"type":"Point","coordinates":[127.5817,-19.5776]},"properties":{"d":"2026-09-15","t":"0559","frp":13.0,"b":367.0,"c":2,"s":"N21","n":0}},{"type":"Feature","geometry":{"type":"Point","coordinates":[127.5658,-19.5765]},"properties":{"d":"2026-09-15","t":"0559","frp":7.6,"b":332.4,"c":1,"s":"N21","n":0}},{"type":"Feature","geometry":{"type":"Point","coordinates":[127.5877,-19.5762]},"properties":{"d":"2026-09-15","t":"0559","frp":13.0,"b":334.4,"c":1,"s":"N21","n":0}},{"type":"Feature","geometry":{"type":"Point","coordinates":[127.5717,-19.5751]},"properties":{"d":"2026-09-15","t":"0559","frp":47.0,"b":367.0,"c":2,"s":"N21","n":0}},{"type":"Feature","geometry":{"type":"Point","coordinates":[127.5937,-19.5747]},"properties":{"d":"2026-09-15","t":"0559","frp":10.3,"b":334.6,"c":1,"s":"N21","n":0}},{"type":"Feature","geometry":{"type":"Point","coordinates":[127.5777,-19.5737]},"properties":{"d":"2026-09-15","t":"0559","frp":47.0,"b":353.5,"c":1,"s":"N21","n":0}},{"type":"Feature","geometry":{"type":"Point","coordinates":[127.574,-19.5725]},"properties":{"d":"2026-09-15","t":"0559","frp":61.2,"b":345.0,"c":1,"s":"N21","n":0}},{"type":"Feature","geometry":{"type":"Point","coordinates":[127.5838,-19.5723]},"properties":{"d":"2026-09-15","t":"0559","frp":32.7,"b":367.0,"c":2,"s":"N21","n":0}},{"type":"Feature","geometry":{"type":"Point","coordinates":[127.58,-19.5711]},"properties":{"d":"2026-09-15","t":"0559","frp":45.4,"b":367.0,"c":2,"s":"N21","n":0}},{"type":"Feature","geometry":{"type":"Point","coordinates":[127.5898,-19.5709]},"properties":{"d":"2026-09-15","t":"0559","frp":32.7,"b":350.3,"c":1,"s":"N21","n":0}},{"type":"Feature","geometry":{"type":"Point","coordinates":[127.586,-19.5696]},"properties":{"d":"2026-09-15","t":"0559","frp":45.4,"b":367.0,"c":2,"s":"N21","n":0}},{"type":"Feature","geometry":{"type":"Point","coordinates":[127.93,-18.465]},"properties":{"d":"2026-09-15","t":"0559","frp":13.2,"b":339.7,"c":1,"s":"N21","n":0}},{"type":"Feature","geometry":{"type":"Point","coordinates":[127.9366,-18.4634]},"properties":{"d":"2026-09-15","t":"0559","frp":13.2,"b":343.6,"c":1,"s":"N21","n":0}},{"type":"Feature","geometry":{"type":"Point","coordinates":[127.9431,-18.4619]},"properties":{"d":"2026-09-15","t":"0559","frp":22.7,"b":367.0,"c":2,"s":"N21","n":0}},{"type":"Feature","geometry":{"type":"Point","coordinates":[127.935,-18.4566]},"properties":{"d":"2026-09-15","t":"0559","frp":6.6,"b":335.8,"c":1,"s":"N21","n":0}},{"type":"Feature","geometry":{"type":"Point","coordinates":[123.81,-17.8493]},"properties":{"d":"2026-09-15","t":"0601","frp":15.0,"b":350.9,"c":1,"s":"N21","n":0}},{"type":"Feature","geometry":{"type":"Point","coordinates":[123.7424,-17.8113]},"properties":{"d":"2026-09-15","t":"0601","frp":11.8,"b":367.0,"c":2,"s":"N21","n":0}},{"type":"Feature","geometry":{"type":"Point","coordinates":[123.7374,-17.8067]},"properties":{"d":"2026-09-15","t":"0601","frp":20.9,"b":367.0,"c":2,"s":"N21","n":0}},{"type":"Feature","geometry":{"type":"Point","coordinates":[123.7411,-17.8059]},"properties":{"d":"2026-09-15","t":"0601","frp":20.3,"b":355.3,"c":1,"s":"N21","n":0}},{"type":"Feature","geometry":{"type":"Point","coordinates":[123.7447,-17.8052]},"properties":{"d":"2026-09-15","t":"0601","frp":20.3,"b":367.0,"c":2,"s":"N21","n":0}},{"type":"Feature","geometry":{"type":"Point","coordinates":[123.7434,-17.7998]},"properties":{"d":"2026-09-15","t":"0601","frp":20.3,"b":330.1,"c":1,"s":"N21","n":0}},{"type":"Feature","geometry":{"type":"Point","coordinates":[122.8705,-17.0745]},"properties":{"d":"2026-09-15","t":"0601","frp":2.4,"b":330.6,"c":0,"s":"N21","n":0}},{"type":"Feature","geometry":{"type":"Point","coordinates":[122.8583,-17.0661]},"properties":{"d":"2026-09-15","t":"0601","frp":18.6,"b":354.1,"c":1,"s":"N21","n":0}},{"type":"Feature","geometry":{"type":"Point","coordinates":[122.8616,-17.0654]},"properties":{"d":"2026-09-15","t":"0601","frp":22.0,"b":367.0,"c":2,"s":"N21","n":0}},{"type":"Feature","geometry":{"type":"Point","coordinates":[123.0231,-16.4603]},"properties":{"d":"2026-09-15","t":"0601","frp":4.5,"b":331.2,"c":1,"s":"N21","n":0}},{"type":"Feature","geometry":{"type":"Point","coordinates":[123.0301,-16.4589]},"properties":{"d":"2026-09-15","t":"0601","frp":6.2,"b":336.8,"c":1,"s":"N21","n":0}},{"type":"Feature","geometry":{"type":"Point","coordinates":[123.0447,-16.4582]},"properties":{"d":"2026-09-15","t":"0601","frp":28.4,"b":340.2,"c":1,"s":"N21","n":0}},{"type":"Feature","geometry":{"type":"Point","coordinates":[123.0335,-16.4582]},"properties":{"d":"2026-09-15","t":"0601","frp":6.2,"b":331.4,"c":1,"s":"N21","n":0}},{"type":"Feature","geometry":{"type":"Point","coordinates":[123.0226,-16.4571]},"properties":{"d":"2026-09-15","t":"0601","frp":4.3,"b":333.3,"c":1,"s":"N21","n":0}},{"type":"Feature","geometry":{"type":"Point","coordinates":[123.0405,-16.4567]},"properties":{"d":"2026-09-15","t":"0601","frp":34.0,"b":367.0,"c":2,"s":"N21","n":0}},{"type":"Feature","geometry":{"type":"Point","coordinates":[123.0295,-16.4557]},"properties":{"d":"2026-09-15","t":"0601","frp":6.4,"b":343.3,"c":1,"s":"N21","n":0}},{"type":"Feature","geometry":{"type":"Point","coordinates":[123.0365,-16.4543]},"properties":{"d":"2026-09-15","t":"0601","frp":51.6,"b":343.1,"c":1,"s":"N21","n":0}},{"type":"Feature","geometry":{"type":"Point","coordinates":[123.0254,-16.4543]},"properties":{"d":"2026-09-15","t":"0601","frp":4.5,"b":330.3,"c":0,"s":"N21","n":0}},{"type":"Feature","geometry":{"type":"Point","coordinates":[123.04,-16.4536]},"properties":{"d":"2026-09-15","t":"0601","frp":51.6,"b":367.0,"c":2,"s":"N21","n":0}},{"type":"Feature","geometry":{"type":"Point","coordinates":[123.0358,-16.4521]},"properties":{"d":"2026-09-15","t":"0601","frp":34.0,"b":334.9,"c":1,"s":"N21","n":0}},{"type":"Feature","geometry":{"type":"Point","coordinates":[123.0393,-16.4514]},"properties":{"d":"2026-09-15","t":"0601","frp":34.0,"b":367.0,"c":2,"s":"N21","n":0}},{"type":"Feature","geometry":{"type":"Point","coordinates":[124.5239,-15.509]},"properties":{"d":"2026-09-15","t":"0601","frp":18.2,"b":367.0,"c":2,"s":"N21","n":0}},{"type":"Feature","geometry":{"type":"Point","coordinates":[124.5284,-15.508]},"properties":{"d":"2026-09-15","t":"0601","frp":18.2,"b":330.2,"c":1,"s":"N21","n":0}},{"type":"Feature","geometry":{"type":"Point","coordinates":[124.5208,-15.5064]},"properties":{"d":"2026-09-15","t":"0601","frp":23.0,"b":348.6,"c":1,"s":"N21","n":0}},{"type":"Feature","geometry":{"type":"Point","coordinates":[124.5253,-15.5054]},"properties":{"d":"2026-09-15","t":"0601","frp":23.0,"b":367.0,"c":2,"s":"N21","n":0}},{"type":"Feature","geometry":{"type":"Point","coordinates":[124.5183,-15.5039]},"properties":{"d":"2026-09-15","t":"0601","frp":28.2,"b":367.0,"c":2,"s":"N21","n":0}},{"type":"Feature","geometry":{"type":"Point","coordinates":[124.5227,-15.503]},"properties":{"d":"2026-09-15","t":"0601","frp":18.2,"b":367.0,"c":2,"s":"N21","n":0}},{"type":"Feature","geometry":{"type":"Point","coordinates":[124.5273,-15.5021]},"properties":{"d":"2026-09-15","t":"0601","frp":18.2,"b":367.0,"c":2,"s":"N21","n":0}},{"type":"Feature","geometry":{"type":"Point","coordinates":[124.5154,-15.5013]},"properties":{"d":"2026-09-15","t":"0601","frp":25.0,"b":353.4,"c":1,"s":"N21","n":0}},{"type":"Feature","geometry":{"type":"Point","coordinates":[124.5197,-15.5004]},"properties":{"d":"2026-09-15","t":"0601","frp":23.0,"b":367.0,"c":2,"s":"N21","n":0}},{"type":"Feature","geometry":{"type":"Point","coordinates":[124.5243,-15.4994]},"properties":{"d":"2026-09-15","t":"0601","frp":23.0,"b":342.9,"c":1,"s":"N21","n":0}},{"type":"Feature","geometry":{"type":"Point","coordinates":[124.5129,-15.4988]},"properties":{"d":"2026-09-15","t":"0601","frp":14.2,"b":351.3,"c":1,"s":"N21","n":0}},{"type":"Feature","geometry":{"type":"Point","coordinates":[124.5172,-15.4979]},"properties":{"d":"2026-09-15","t":"0601","frp":14.2,"b":367.0,"c":2,"s":"N21","n":0}},{"type":"Feature","geometry":{"type":"Point","coordinates":[124.5217,-15.497]},"properties":{"d":"2026-09-15","t":"0601","frp":13.3,"b":333.6,"c":1,"s":"N21","n":0}},{"type":"Feature","geometry":{"type":"Point","coordinates":[124.5142,-15.4954]},"properties":{"d":"2026-09-15","t":"0601","frp":16.7,"b":367.0,"c":2,"s":"N21","n":0}},{"type":"Feature","geometry":{"type":"Point","coordinates":[124.5188,-15.4944]},"properties":{"d":"2026-09-15","t":"0601","frp":13.1,"b":350.8,"c":1,"s":"N21","n":0}},{"type":"Feature","geometry":{"type":"Point","coordinates":[124.5235,-15.4934]},"properties":{"d":"2026-09-15","t":"0601","frp":13.1,"b":345.2,"c":1,"s":"N21","n":0}},{"type":"Feature","geometry":{"type":"Point","coordinates":[124.5115,-15.4929]},"properties":{"d":"2026-09-15","t":"0601","frp":14.2,"b":349.9,"c":1,"s":"N21","n":0}},{"type":"Feature","geometry":{"type":"Point","coordinates":[124.5162,-15.4919]},"properties":{"d":"2026-09-15","t":"0601","frp":14.2,"b":336.3,"c":1,"s":"N21","n":0}},{"type":"Feature","geometry":{"type":"Point","coordinates":[124.5211,-15.4909]},"properties":{"d":"2026-09-15","t":"0601","frp":13.3,"b":346.9,"c":1,"s":"N21","n":0}},{"type":"Feature","geometry":{"type":"Point","coordinates":[124.5129,-15.4894]},"properties":{"d":"2026-09-15","t":"0601","frp":16.7,"b":351.5,"c":1,"s":"N21","n":0}},{"type":"Feature","geometry":{"type":"Point","coordinates":[124.5102,-15.487]},"properties":{"d":"2026-09-15","t":"0601","frp":6.9,"b":334.8,"c":1,"s":"N21","n":0}},{"type":"Feature","geometry":{"type":"Point","coordinates":[124.5117,-15.4835]},"properties":{"d":"2026-09-15","t":"0601","frp":7.2,"b":337.5,"c":1,"s":"N21","n":0}},{"type":"Feature","geometry":{"type":"Point","coordinates":[124.5137,-15.48]},"properties":{"d":"2026-09-15","t":"0601","frp":6.9,"b":336.4,"c":1,"s":"N21","n":0}},{"type":"Feature","geometry":{"type":"Point","coordinates":[123.3172,-13.965]},"properties":{"d":"2026-09-15","t":"0601","frp":35.5,"b":344.5,"c":1,"s":"N21","n":0}},{"type":"Feature","geometry":{"type":"Point","coordinates":[123.3212,-13.9642]},"properties":{"d":"2026-09-15","t":"0601","frp":31.0,"b":367.0,"c":2,"s":"N21","n":0}},{"type":"Feature","geometry":{"type":"Point","coordinates":[123.3418,-10.6348]},"properties":{"d":"2026-09-15","t":"0603","frp":19.1,"b":367.0,"c":2,"s":"N21","n":0}},{"type":"Feature","geometry":{"type":"Point","coordinates":[123.339,-10.634]},"properties":{"d":"2026-09-15","t":"0603","frp":9.8,"b":331.3,"c":1,"s":"N21","n":0}},{"type":"Feature","geometry":{"type":"Point","coordinates":[123.3436,-10.6331]},"properties":{"d":"2026-09-15","t":"0603","frp":13.5,"b":343.3,"c":1,"s":"N21","n":0}},{"type":"Feature","geometry":{"type":"Point","coordinates":[120.5885,-10.226]},"properties":{"d":"2026-09-15","t":"0603","frp":3.6,"b":330.6,"c":0,"s":"N21","n":0}},{"type":"Feature","geometry":{"type":"Point","coordinates":[120.1915,-10.0662]},"properties":{"d":"2026-09-15","t":"0603","frp":4.4,"b":331.5,"c":1,"s":"N21","n":0}},{"type":"Feature","geometry":{"type":"Point","coordinates":[120.1843,-10.0624]},"properties":{"d":"2026-09-15","t":"0603","frp":7.3,"b":352.1,"c":1,"s":"N21","n":0}},{"type":"Feature","geometry":{"type":"Point","coordinates":[120.5078,-10.0134]},"properties":{"d":"2026-09-15","t":"0603","frp":2.9,"b":331.0,"c":1,"s":"N21","n":0}},{"type":"Feature","geometry":{"type":"Point","coordinates":[120.1318,-9.989]},"properties":{"d":"2026-09-15","t":"0603","frp":6.5,"b":348.6,"c":1,"s":"N21","n":0}},{"type":"Feature","geometry":{"type":"Point","coordinates":[120.3293,-9.9792]},"properties":{"d":"2026-09-15","t":"0603","frp":2.2,"b":334.4,"c":1,"s":"N21","n":0}},{"type":"Feature","geometry":{"type":"Point","coordinates":[120.7441,-9.9646]},"properties":{"d":"2026-09-15","t":"0603","frp":1.5,"b":332.2,"c":0,"s":"N21","n":0}},{"type":"Feature","geometry":{"type":"Point","coordinates":[120.3825,-9.9644]},"properties":{"d":"2026-09-15","t":"0603","frp":4.7,"b":347.5,"c":1,"s":"N21","n":0}},{"type":"Feature","geometry":{"type":"Point","coordinates":[120.7836,-9.9627]},"properties":{"d":"2026-09-15","t":"0603","frp":5.4,"b":333.3,"c":0,"s":"N21","n":0}},{"type":"Feature","geometry":{"type":"Point","coordinates":[120.7868,-9.962]},"properties":{"d":"2026-09-15","t":"0603","frp":5.4,"b":334.6,"c":1,"s":"N21","n":0}},{"type":"Feature","geometry":{"type":"Point","coordinates":[120.7762,-9.9586]},"properties":{"d":"2026-09-15","t":"0603","frp":12.0,"b":352.4,"c":1,"s":"N21","n":0}},{"type":"Feature","geometry":{"type":"Point","coordinates":[120.6635,-9.9349]},"properties":{"d":"2026-09-15","t":"0603","frp":4.2,"b":343.9,"c":1,"s":"N21","n":0}},{"type":"Feature","geometry":{"type":"Point","coordinates":[120.6669,-9.9343]},"properties":{"d":"2026-09-15","t":"0603","frp":4.2,"b":330.3,"c":1,"s":"N21","n":0}},{"type":"Feature","geometry":{"type":"Point","coordinates":[120.6693,-9.9285]},"properties":{"d":"2026-09-15","t":"0603","frp":2.7,"b":335.1,"c":1,"s":"N21","n":0}},{"type":"Feature","geometry":{"type":"Point","coordinates":[120.2852,-9.9203]},"properties":{"d":"2026-09-15","t":"0603","frp":38.7,"b":337.7,"c":1,"s":"N21","n":0}},{"type":"Feature","geometry":{"type":"Point","coordinates":[120.284,-9.92]},"properties":{"d":"2026-09-15","t":"0603","frp":22.1,"b":351.2,"c":1,"s":"N21","n":0}},{"type":"Feature","geometry":{"type":"Point","coordinates":[120.2883,-9.9198]},"properties":{"d":"2026-09-15","t":"0603","frp":27.7,"b":367.0,"c":2,"s":"N21","n":0}},{"type":"Feature","geometry":{"type":"Point","coordinates":[120.287,-9.9194]},"properties":{"d":"2026-09-15","t":"0603","frp":22.1,"b":367.0,"c":2,"s":"N21","n":0}},{"type":"Feature","geometry":{"type":"Point","coordinates":[123.801,-9.8965]},"properties":{"d":"2026-09-15","t":"0603","frp":10.5,"b":346.3,"c":1,"s":"N21","n":0}},{"type":"Feature","geometry":{"type":"Point","coordinates":[123.7943,-9.8945]},"properties":{"d":"2026-09-15","t":"0603","frp":10.0,"b":333.9,"c":1,"s":"N21","n":0}},{"type":"Feature","geometry":{"type":"Point","coordinates":[123.799,-9.8936]},"properties":{"d":"2026-09-15","t":"0603","frp":20.3,"b":367.0,"c":2,"s":"N21","n":0}},{"type":"Feature","geometry":{"type":"Point","coordinates":[123.7965,-9.8909]},"properties":{"d":"2026-09-15","t":"0603","frp":10.5,"b":348.4,"c":1,"s":"N21","n":0}},{"type":"Feature","geometry":{"type":"Point","coordinates":[123.8167,-9.8902]},"properties":{"d":"2026-09-15","t":"0603","frp":40.5,"b":347.9,"c":1,"s":"N21","n":0}},{"type":"Feature","geometry":{"type":"Point","coordinates":[123.8211,-9.8893]},"properties":{"d":"2026-09-15","t":"0603","frp":40.5,"b":367.0,"c":2,"s":"N21","n":0}},{"type":"Feature","geometry":{"type":"Point","coordinates":[123.8143,-9.8874]},"properties":{"d":"2026-09-15","t":"0603","frp":43.0,"b":346.4,"c":1,"s":"N21","n":0}},{"type":"Feature","geometry":{"type":"Point","coordinates":[123.8184,-9.8866]},"properties":{"d":"2026-09-15","t":"0603","frp":43.0,"b":367.0,"c":2,"s":"N21","n":0}},{"type":"Feature","geometry":{"type":"Point","coordinates":[124.1467,-9.8745]},"properties":{"d":"2026-09-15","t":"0603","frp":10.0,"b":338.1,"c":1,"s":"N21","n":0}},{"type":"Feature","geometry":{"type":"Point","coordinates":[120.5185,-9.8316]},"properties":{"d":"2026-09-15","t":"0603","frp":1.8,"b":331.4,"c":0,"s":"N21","n":0}},{"type":"Feature","geometry":{"type":"Point","coordinates":[119.9387,-9.8273]},"properties":{"d":"2026-09-15","t":"0603","frp":9.2,"b":342.0,"c":1,"s":"N21","n":0}},{"type":"Feature","geometry":{"type":"Point","coordinates":[119.9534,-9.8196]},"properties":{"d":"2026-09-15","t":"0603","frp":12.8,"b":342.8,"c":1,"s":"N21","n":0}},{"type":"Feature","geometry":{"type":"Point","coordinates":[123.8252,-9.8102]},"properties":{"d":"2026-09-15","t":"0603","frp":7.3,"b":335.0,"c":1,"s":"N21","n":0}},{"type":"Feature","geometry":{"type":"Point","coordinates":[120.0048,-9.7849]},"properties":{"d":"2026-09-15","t":"0603","frp":14.3,"b":343.2,"c":1,"s":"N21","n":0}},{"type":"Feature","geometry":{"type":"Point","coordinates":[120.3218,-9.7743]},"properties":{"d":"2026-09-15","t":"0603","frp":4.7,"b":336.5,"c":1,"s":"N21","n":0}},{"type":"Feature","geometry":{"type":"Point","coordinates":[120.2717,-9.7728]},"properties":{"d":"2026-09-15","t":"0603","frp":1.6,"b":332.5,"c":1,"s":"N21","n":0}},{"type":"Feature","geometry":{"type":"Point","coordinates":[120.3383,-9.7452]},"properties":{"d":"2026-09-15","t":"0603","frp":2.9,"b":334.4,"c":1,"s":"N21","n":0}},{"type":"Feature","geometry":{"type":"Point","coordinates":[119.1941,-9.7327]},"properties":{"d":"2026-09-15","t":"0603","frp":4.7,"b":333.0,"c":1,"s":"N21","n":0}},{"type":"Feature","geometry":{"type":"Point","coordinates":[119.5476,-9.7292]},"properties":{"d":"2026-09-15","t":"0603","frp":2.7,"b":330.7,"c":1,"s":"N21","n":0}},{"type":"Feature","geometry":{"type":"Point","coordinates":[119.1732,-9.6955]},"properties":{"d":"2026-09-15","t":"0603","frp":60.6,"b":334.1,"c":1,"s":"N21","n":0}},{"type":"Feature","geometry":{"type":"Point","coordinates":[119.1707,-9.6934]},"properties":{"d":"2026-09-15","t":"0603","frp":31.5,"b":353.7,"c":1,"s":"N21","n":0}},{"type":"Feature","geometry":{"type":"Point","coordinates":[119.1721,-9.6908]},"properties":{"d":"2026-09-15","t":"0603","frp":60.6,"b":344.1,"c":1,"s":"N21","n":0}},{"type":"Feature","geometry":{"type":"Point","coordinates":[119.1697,-9.6888]},"properties":{"d":"2026-09-15","t":"0603","frp":63.7,"b":345.7,"c":1,"s":"N21","n":0}},{"type":"Feature","geometry":{"type":"Point","coordinates":[119.1865,-9.6883]},"properties":{"d":"2026-09-15","t":"0603","frp":5.1,"b":332.7,"c":1,"s":"N21","n":0}},{"type":"Feature","geometry":{"type":"Point","coordinates":[119.1842,-9.6862]},"properties":{"d":"2026-09-15","t":"0603","frp":7.5,"b":333.9,"c":1,"s":"N21","n":0}},{"type":"Feature","geometry":{"type":"Point","coordinates":[119.5641,-9.682]},"properties":{"d":"2026-09-15","t":"0603","frp":7.6,"b":331.3,"c":1,"s":"N21","n":0}},{"type":"Feature","geometry":{"type":"Point","coordinates":[120.0936,-9.681]},"properties":{"d":"2026-09-15","t":"0603","frp":14.0,"b":346.4,"c":1,"s":"N21","n":0}},{"type":"Feature","geometry":{"type":"Point","coordinates":[120.0964,-9.6805]},"properties":{"d":"2026-09-15","t":"0603","frp":9.9,"b":367.0,"c":2,"s":"N21","n":0}},{"type":"Feature","geometry":{"type":"Point","coordinates":[120.0993,-9.68]},"properties":{"d":"2026-09-15","t":"0603","frp":9.9,"b":345.4,"c":1,"s":"N21","n":0}},{"type":"Feature","geometry":{"type":"Point","coordinates":[120.1989,-9.6776]},"properties":{"d":"2026-09-15","t":"0603","frp":4.6,"b":351.7,"c":1,"s":"N21","n":0}},{"type":"Feature","geometry":{"type":"Point","coordinates":[119.9209,-9.6765]},"properties":{"d":"2026-09-15","t":"0603","frp":5.0,"b":330.9,"c":0,"s":"N21","n":0}},{"type":"Feature","geometry":{"type":"Point","coordinates":[120.0928,-9.676]},"properties":{"d":"2026-09-15","t":"0603","frp":14.0,"b":334.1,"c":1,"s":"N21","n":0}},{"type":"Feature","geometry":{"type":"Point","coordinates":[120.0957,-9.6755]},"properties":{"d":"2026-09-15","t":"0603","frp":9.9,"b":334.6,"c":1,"s":"N21","n":0}},{"type":"Feature","geometry":{"type":"Point","coordinates":[119.9263,-9.6755]},"properties":{"d":"2026-09-15","t":"0603","frp":5.0,"b":340.4,"c":1,"s":"N21","n":0}},{"type":"Feature","geometry":{"type":"Point","coordinates":[120.1014,-9.6745]},"properties":{"d":"2026-09-15","t":"0603","frp":5.7,"b":339.7,"c":1,"s":"N21","n":0}},{"type":"Feature","geometry":{"type":"Point","coordinates":[119.9236,-9.6741]},"properties":{"d":"2026-09-15","t":"0603","frp":8.6,"b":349.7,"c":1,"s":"N21","n":0}},{"type":"Feature","geometry":{"type":"Point","coordinates":[120.1905,-9.4987]},"properties":{"d":"2026-09-15","t":"0603","frp":4.3,"b":335.8,"c":1,"s":"N21","n":0}},{"type":"Feature","geometry":{"type":"Point","coordinates":[120.1897,-9.4982]},"properties":{"d":"2026-09-15","t":"0603","frp":3.8,"b":349.4,"c":1,"s":"N21","n":0}},{"type":"Feature","geometry":{"type":"Point","coordinates":[119.5518,-9.4772]},"properties":{"d":"2026-09-15","t":"0603","frp":11.0,"b":341.8,"c":1,"s":"N21","n":0}},{"type":"Feature","geometry":{"type":"Point","coordinates":[119.5822,-9.4569]},"properties":{"d":"2026-09-15","t":"0603","frp":6.0,"b":338.6,"c":1,"s":"N21","n":0}},{"type":"Feature","geometry":{"type":"Point","coordinates":[124.1484,-9.4506]},"properties":{"d":"2026-09-15","t":"0603","frp":14.5,"b":340.3,"c":1,"s":"N21","n":0}},{"type":"Feature","geometry":{"type":"Point","coordinates":[119.5643,-9.4502]},"properties":{"d":"2026-09-15","t":"0603","frp":6.2,"b":338.3,"c":1,"s":"N21","n":0}},{"type":"Feature","geometry":{"type":"Point","coordinates":[119.5584,-9.4462]},"properties":{"d":"2026-09-15","t":"0603","frp":7.4,"b":330.2,"c":0,"s":"N21","n":0}},{"type":"Feature","geometry":{"type":"Point","coordinates":[119.6018,-9.3986]},"properties":{"d":"2026-09-15","t":"0603","frp":9.8,"b":342.5,"c":1,"s":"N21","n":0}},{"type":"Feature","geometry":{"type":"Point","coordinates":[119.5987,-9.3956]},"properties":{"d":"2026-09-15","t":"0603","frp":8.3,"b":342.7,"c":1,"s":"N21","n":0}},{"type":"Feature","geometry":{"type":"Point","coordinates":[124.7382,-9.2419]},"properties":{"d":"2026-09-15","t":"0603","frp":9.6,"b":331.6,"c":1,"s":"N21","n":0}},{"type":"Feature","geometry":{"type":"Point","coordinates":[116.9621,-9.0645]},"properties":{"d":"2026-09-15","t":"0603","frp":5.9,"b":331.5,"c":0,"s":"N21","n":0}},{"type":"Feature","geometry":{"type":"Point","coordinates":[147.4681,-41.4672]},"properties":{"d":"2026-09-15","t":"0328","frp":1.8,"b":327.6,"c":1,"s":"N20","n":0}},{"type":"Feature","geometry":{"type":"Point","coordinates":[148.1628,-40.9826]},"properties":{"d":"2026-09-15","t":"0328","frp":7.4,"b":340.1,"c":1,"s":"N20","n":0}},{"type":"Feature","geometry":{"type":"Point","coordinates":[148.1698,-40.9821]},"properties":{"d":"2026-09-15","t":"0328","frp":7.4,"b":337.7,"c":1,"s":"N20","n":0}},{"type":"Feature","geometry":{"type":"Point","coordinates":[148.1622,-40.9777]},"properties":{"d":"2026-09-15","t":"0328","frp":7.4,"b":351.9,"c":1,"s":"N20","n":0}},{"type":"Feature","geometry":{"type":"Point","coordinates":[148.1692,-40.9773]},"properties":{"d":"2026-09-15","t":"0328","frp":7.4,"b":338.4,"c":1,"s":"N20","n":0}},{"type":"Feature","geometry":{"type":"Point","coordinates":[148.1616,-40.9755]},"properties":{"d":"2026-09-15","t":"0328","frp":4.6,"b":333.8,"c":1,"s":"N20","n":0}},{"type":"Feature","geometry":{"type":"Point","coordinates":[147.6214,-40.9669]},"properties":{"d":"2026-09-15","t":"0328","frp":7.6,"b":337.5,"c":1,"s":"N20","n":0}},{"type":"Feature","geometry":{"type":"Point","coordinates":[146.6186,-36.5031]},"properties":{"d":"2026-09-15","t":"0330","frp":2.3,"b":340.5,"c":1,"s":"N20","n":0}},{"type":"Feature","geometry":{"type":"Point","coordinates":[146.6182,-36.498]},"properties":{"d":"2026-09-15","t":"0330","frp":2.3,"b":330.8,"c":1,"s":"N20","n":0}},{"type":"Feature","geometry":{"type":"Point","coordinates":[148.8406,-36.0851]},"properties":{"d":"2026-09-15","t":"0330","frp":5.2,"b":340.9,"c":1,"s":"N20","n":0}},{"type":"Feature","geometry":{"type":"Point","coordinates":[150.8858,-34.4619]},"properties":{"d":"2026-09-15","t":"0330","frp":11.2,"b":339.1,"c":1,"s":"N20","n":0}},{"type":"Feature","geometry":{"type":"Point","coordinates":[150.8787,-34.4548]},"properties":{"d":"2026-09-15","t":"0330","frp":5.1,"b":335.8,"c":1,"s":"N20","n":0}},{"type":"Feature","geometry":{"type":"Point","coordinates":[146.66,-34.321]},"properties":{"d":"2026-09-15","t":"0330","frp":5.5,"b":325.4,"c":1,"s":"N20","n":0}},{"type":"Feature","geometry":{"type":"Point","coordinates":[146.6462,-34.3171]},"properties":{"d":"2026-09-15","t":"0330","frp":3.5,"b":327.4,"c":1,"s":"N20","n":0}},{"type":"Feature","geometry":{"type":"Point","coordinates":[149.7875,-33.738]},"properties":{"d":"2026-09-15","t":"0330","frp":2.4,"b":330.4,"c":1,"s":"N20","n":0}},{"type":"Feature","geometry":{"type":"Point","coordinates":[147.0185,-33.374]},"properties":{"d":"2026-09-15","t":"0330","frp":9.2,"b":341.1,"c":1,"s":"N20","n":0}},{"type":"Feature","geometry":{"type":"Point","coordinates":[149.3951,-33.3209]},"properties":{"d":"2026-09-15","t":"0330","frp":3.3,"b":339.3,"c":1,"s":"N20","n":0}},{"type":"Feature","geometry":{"type":"Point","coordinates":[146.8362,-33.3073]},"properties":{"d":"2026-09-15","t":"0330","frp":4.4,"b":331.2,"c":1,"s":"N20","n":0}},{"type":"Feature","geometry":{"type":"Point","coordinates":[146.8356,-33.3024]},"properties":{"d":"2026-09-15","t":"0330","frp":5.9,"b":332.2,"c":1,"s":"N20","n":0}},{"type":"Feature","geometry":{"type":"Point","coordinates":[149.8822,-33.0617]},"properties":{"d":"2026-09-15","t":"0330","frp":2.2,"b":326.5,"c":0,"s":"N20","n":0}},{"type":"Feature","geometry":{"type":"Point","coordinates":[151.6464,-32.8911]},"properties":{"d":"2026-09-15","t":"0330","frp":2.1,"b":326.9,"c":1,"s":"N20","n":0}},{"type":"Feature","geometry":{"type":"Point","coordinates":[146.404,-32.8182]},"properties":{"d":"2026-09-15","t":"0332","frp":5.6,"b":337.9,"c":1,"s":"N20","n":0}},{"type":"Feature","geometry":{"type":"Point","coordinates":[146.4359,-32.8106]},"properties":{"d":"2026-09-15","t":"0332","frp":28.5,"b":352.6,"c":1,"s":"N20","n":0}},{"type":"Feature","geometry":{"type":"Point","coordinates":[151.3529,-32.7719]},"properties":{"d":"2026-09-15","t":"0332","frp":1.6,"b":335.1,"c":1,"s":"N20","n":0}},{"type":"Feature","geometry":{"type":"Point","coordinates":[151.8598,-32.4866]},"properties":{"d":"2026-09-15","t":"0332","frp":3.7,"b":338.4,"c":1,"s":"N20","n":0}},{"type":"Feature","geometry":{"type":"Point","coordinates":[151.8877,-32.472]},"properties":{"d":"2026-09-15","t":"0332","frp":11.8,"b":347.7,"c":1,"s":"N20","n":0}},{"type":"Feature","geometry":{"type":"Point","coordinates":[151.9021,-32.4665]},"properties":{"d":"2026-09-15","t":"0332","frp":3.7,"b":340.3,"c":1,"s":"N20","n":0}},{"type":"Feature","geometry":{"type":"Point","coordinates":[151.8858,-32.4611]},"properties":{"d":"2026-09-15","t":"0332","frp":5.6,"b":339.1,"c":1,"s":"N20","n":0}},{"type":"Feature","geometry":{"type":"Point","coordinates":[151.8907,-32.4605]},"properties":{"d":"2026-09-15","t":"0332","frp":5.6,"b":335.2,"c":1,"s":"N20","n":0}},{"type":"Feature","geometry":{"type":"Point","coordinates":[148.3511,-32.4523]},"properties":{"d":"2026-09-15","t":"0332","frp":2.5,"b":326.9,"c":1,"s":"N20","n":0}},{"type":"Feature","geometry":{"type":"Point","coordinates":[148.3536,-32.4522]},"properties":{"d":"2026-09-15","t":"0332","frp":2.7,"b":329.2,"c":1,"s":"N20","n":0}},{"type":"Feature","geometry":{"type":"Point","coordinates":[151.4397,-32.3743]},"properties":{"d":"2026-09-15","t":"0332","frp":4.2,"b":336.4,"c":1,"s":"N20","n":0}},{"type":"Feature","geometry":{"type":"Point","coordinates":[147.563,-32.3293]},"properties":{"d":"2026-09-15","t":"0332","frp":1.6,"b":329.2,"c":1,"s":"N20","n":0}},{"type":"Feature","geometry":{"type":"Point","coordinates":[146.9971,-32.3291]},"properties":{"d":"2026-09-15","t":"0332","frp":7.2,"b":337.8,"c":1,"s":"N20","n":0}},{"type":"Feature","geometry":{"type":"Point","coordinates":[147.003,-32.3286]},"properties":{"d":"2026-09-15","t":"0332","frp":7.2,"b":345.4,"c":1,"s":"N20","n":0}},{"type":"Feature","geometry":{"type":"Point","coordinates":[147.0566,-32.2414]},"properties":{"d":"2026-09-15","t":"0332","frp":9.1,"b":340.6,"c":1,"s":"N20","n":0}},{"type":"Feature","geometry":{"type":"Point","coordinates":[151.6407,-32.2351]},"properties":{"d":"2026-09-15","t":"0332","frp":2.8,"b":332.9,"c":1,"s":"N20","n":0}},{"type":"Feature","geometry":{"type":"Point","coordinates":[151.6459,-32.2345]},"properties":{"d":"2026-09-15","t":"0332","frp":2.8,"b":327.7,"c":1,"s":"N20","n":0}},{"type":"Feature","geometry":{"type":"Point","coordinates":[145.536,-32.0619]},"properties":{"d":"2026-09-15","t":"0332","frp":5.8,"b":342.4,"c":1,"s":"N20","n":0}},{"type":"Feature","geometry":{"type":"Point","coordinates":[145.5395,-32.0616]},"properties":{"d":"2026-09-15","t":"0332","frp":5.8,"b":349.7,"c":1,"s":"N20","n":0}},{"type":"Feature","geometry":{"type":"Point","coordinates":[145.5304,-32.0588]},"properties":{"d":"2026-09-15","t":"0332","frp":7.6,"b":337.7,"c":1,"s":"N20","n":0}},{"type":"Feature","geometry":{"type":"Point","coordinates":[145.534,-32.0585]},"properties":{"d":"2026-09-15","t":"0332","frp":7.6,"b":356.5,"c":1,"s":"N20","n":0}},{"type":"Feature","geometry":{"type":"Point","coordinates":[145.5375,-32.0583]},"properties":{"d":"2026-09-15","t":"0332","frp":12.9,"b":367.0,"c":2,"s":"N20","n":0}},{"type":"Feature","geometry":{"type":"Point","coordinates":[145.5319,-32.057]},"properties":{"d":"2026-09-15","t":"0332","frp":12.1,"b":367.0,"c":2,"s":"N20","n":0}},{"type":"Feature","geometry":{"type":"Point","coordinates":[145.5354,-32.0567]},"properties":{"d":"2026-09-15","t":"0332","frp":5.8,"b":367.0,"c":2,"s":"N20","n":0}},{"type":"Feature","geometry":{"type":"Point","coordinates":[151.791,-32.0199]},"properties":{"d":"2026-09-15","t":"0332","frp":2.6,"b":329.6,"c":1,"s":"N20","n":0}},{"type":"Feature","geometry":{"type":"Point","coordinates":[152.0774,-31.9402]},"properties":{"d":"2026-09-15","t":"0332","frp":5.0,"b":336.0,"c":1,"s":"N20","n":0}},{"type":"Feature","geometry":{"type":"Point","coordinates":[152.1573,-31.8915]},"properties":{"d":"2026-09-15","t":"0332","frp":13.4,"b":345.0,"c":1,"s":"N20","n":0}},{"type":"Feature","geometry":{"type":"Point","coordinates":[145.5865,-31.8256]},"properties":{"d":"2026-09-15","t":"0332","frp":3.7,"b":346.2,"c":1,"s":"N20","n":0}},{"type":"Feature","geometry":{"type":"Point","coordinates":[145.59,-31.8254]},"properties":{"d":"2026-09-15","t":"0332","frp":2.5,"b":333.3,"c":1,"s":"N20","n":0}},{"type":"Feature","geometry":{"type":"Point","coordinates":[145.5935,-31.8251]},"properties":{"d":"2026-09-15","t":"0332","frp":2.5,"b":333.4,"c":0,"s":"N20","n":0}},{"type":"Feature","geometry":{"type":"Point","coordinates":[145.5824,-31.8208]},"properties":{"d":"2026-09-15","t":"0332","frp":3.7,"b":344.0,"c":1,"s":"N20","n":0}},{"type":"Feature","geometry":{"type":"Point","coordinates":[145.5998,-31.8194]},"properties":{"d":"2026-09-15","t":"0332","frp":4.3,"b":333.4,"c":0,"s":"N20","n":0}},{"type":"Feature","geometry":{"type":"Point","coordinates":[145.6033,-31.8192]},"properties":{"d":"2026-09-15","t":"0332","frp":2.1,"b":334.8,"c":1,"s":"N20","n":0}},{"type":"Feature","geometry":{"type":"Point","coordinates":[145.6068,-31.8189]},"properties":{"d":"2026-09-15","t":"0332","frp":2.1,"b":336.3,"c":1,"s":"N20","n":0}},{"type":"Feature","geometry":{"type":"Point","coordinates":[149.8516,-31.813]},"properties":{"d":"2026-09-15","t":"0332","frp":5.6,"b":336.6,"c":1,"s":"N20","n":0}},{"type":"Feature","geometry":{"type":"Point","coordinates":[150.8982,-31.6247]},"properties":{"d":"2026-09-15","t":"0332","frp":7.1,"b":335.8,"c":1,"s":"N20","n":0}},{"type":"Feature","geometry":{"type":"Point","coordinates":[150.8977,-31.621]},"properties":{"d":"2026-09-15","t":"0332","frp":7.1,"b":336.0,"c":1,"s":"N20","n":0}},{"type":"Feature","geometry":{"type":"Point","coordinates":[149.4192,-31.6125]},"properties":{"d":"2026-09-15","t":"0332","frp":10.8,"b":339.8,"c":1,"s":"N20","n":0}},{"type":"Feature","geometry":{"type":"Point","coordinates":[149.4233,-31.6121]},"properties":{"d":"2026-09-15","t":"0332","frp":32.3,"b":349.9,"c":1,"s":"N20","n":0}},{"type":"Feature","geometry":{"type":"Point","coordinates":[147.017,-31.6026]},"properties":{"d":"2026-09-15","t":"0332","frp":17.6,"b":348.3,"c":1,"s":"N20","n":0}},{"type":"Feature","geometry":{"type":"Point","coordinates":[147.0227,-31.6021]},"properties":{"d":"2026-09-15","t":"0332","frp":16.6,"b":353.4,"c":1,"s":"N20","n":0}},{"type":"Feature","geometry":{"type":"Point","coordinates":[147.0284,-31.6015]},"properties":{"d":"2026-09-15","t":"0332","frp":16.6,"b":342.1,"c":1,"s":"N20","n":0}},{"type":"Feature","geometry":{"type":"Point","coordinates":[147.0164,-31.5979]},"properties":{"d":"2026-09-15","t":"0332","frp":6.7,"b":342.6,"c":1,"s":"N20","n":0}},{"type":"Feature","geometry":{"type":"Point","coordinates":[147.0278,-31.5969]},"properties":{"d":"2026-09-15","t":"0332","frp":15.0,"b":335.1,"c":1,"s":"N20","n":0}},{"type":"Feature","geometry":{"type":"Point","coordinates":[147.0159,-31.5932]},"properties":{"d":"2026-09-15","t":"0332","frp":6.7,"b":339.7,"c":1,"s":"N20","n":0}},{"type":"Feature","geometry":{"type":"Point","coordinates":[151.4537,-31.267]},"properties":{"d":"2026-09-15","t":"0332","frp":2.9,"b":333.6,"c":1,"s":"N20","n":0}},{"type":"Feature","geometry":{"type":"Point","coordinates":[151.8278,-31.2575]},"properties":{"d":"2026-09-15","t":"0332","frp":10.9,"b":345.8,"c":1,"s":"N20","n":0}},{"type":"Feature","geometry":{"type":"Point","coordinates":[151.7347,-30.8126]},"properties":{"d":"2026-09-15","t":"0332","frp":3.1,"b":330.5,"c":1,"s":"N20","n":0}},{"type":"Feature","geometry":{"type":"Point","coordinates":[151.1084,-30.6121]},"properties":{"d":"2026-09-15","t":"0332","frp":3.1,"b":336.4,"c":1,"s":"N20","n":0}},{"type":"Feature","geometry":{"type":"Point","coordinates":[151.4289,-30.5086]},"properties":{"d":"2026-09-15","t":"0332","frp":3.3,"b":333.9,"c":1,"s":"N20","n":0}},{"type":"Feature","geometry":{"type":"Point","coordinates":[150.4986,-30.4941]},"properties":{"d":"2026-09-15","t":"0332","frp":4.2,"b":337.6,"c":1,"s":"N20","n":0}},{"type":"Feature","geometry":{"type":"Point","coordinates":[151.289,-30.441]},"properties":{"d":"2026-09-15","t":"0332","frp":7.4,"b":346.6,"c":1,"s":"N20","n":0}},{"type":"Feature","geometry":{"type":"Point","coordinates":[151.275,-30.4095]},"properties":{"d":"2026-09-15","t":"0332","frp":9.6,"b":345.2,"c":1,"s":"N20","n":0}},{"type":"Feature","geometry":{"type":"Point","coordinates":[149.9295,-30.2913]},"properties":{"d":"2026-09-15","t":"0332","frp":8.1,"b":336.9,"c":1,"s":"N20","n":0}},{"type":"Feature","geometry":{"type":"Point","coordinates":[149.9352,-30.2907]},"properties":{"d":"2026-09-15","t":"0332","frp":8.1,"b":343.4,"c":1,"s":"N20","n":0}},{"type":"Feature","geometry":{"type":"Point","coordinates":[151.6261,-30.2383]},"properties":{"d":"2026-09-15","t":"0332","frp":2.2,"b":333.8,"c":1,"s":"N20","n":0}},{"type":"Feature","geometry":{"type":"Point","coordinates":[152.1424,-30.0664]},"properties":{"d":"2026-09-15","t":"0332","frp":7.6,"b":352.9,"c":1,"s":"N20","n":0}},{"type":"Feature","geometry":{"type":"Point","coordinates":[152.1418,-30.063]},"properties":{"d":"2026-09-15","t":"0332","frp":7.6,"b":337.3,"c":1,"s":"N20","n":0}},{"type":"Feature","geometry":{"type":"Point","coordinates":[152.1321,-30.0607]},"properties":{"d":"2026-09-15","t":"0332","frp":11.1,"b":333.6,"c":1,"s":"N20","n":0}},{"type":"Feature","geometry":{"type":"Point","coordinates":[152.1366,-30.0601]},"properties":{"d":"2026-09-15","t":"0332","frp":9.2,"b":344.2,"c":1,"s":"N20","n":0}},{"type":"Feature","geometry":{"type":"Point","coordinates":[152.1313,-30.0572]},"properties":{"d":"2026-09-15","t":"0332","frp":11.1,"b":345.1,"c":1,"s":"N20","n":0}},{"type":"Feature","geometry":{"type":"Point","coordinates":[152.1358,-30.0566]},"properties":{"d":"2026-09-15","t":"0332","frp":9.2,"b":348.9,"c":1,"s":"N20","n":0}},{"type":"Feature","geometry":{"type":"Point","coordinates":[152.135,-30.0531]},"properties":{"d":"2026-09-15","t":"0332","frp":8.1,"b":354.2,"c":1,"s":"N20","n":0}},{"type":"Feature","geometry":{"type":"Point","coordinates":[152.1298,-30.0502]},"properties":{"d":"2026-09-15","t":"0332","frp":7.2,"b":333.7,"c":0,"s":"N20","n":0}},{"type":"Feature","geometry":{"type":"Point","coordinates":[152.1388,-30.049]},"properties":{"d":"2026-09-15","t":"0332","frp":8.1,"b":338.6,"c":1,"s":"N20","n":0}},{"type":"Feature","geometry":{"type":"Point","coordinates":[152.0829,-30.0421]},"properties":{"d":"2026-09-15","t":"0332","frp":3.9,"b":331.2,"c":1,"s":"N20","n":0}},{"type":"Feature","geometry":{"type":"Point","coordinates":[151.3447,-29.94]},"properties":{"d":"2026-09-15","t":"0332","frp":2.6,"b":332.4,"c":1,"s":"N20","n":0}},{"type":"Feature","geometry":{"type":"Point","coordinates":[149.0079,-29.8659]},"properties":{"d":"2026-09-15","t":"0332","frp":2.9,"b":337.4,"c":0,"s":"N20","n":0}},{"type":"Feature","geometry":{"type":"Point","coordinates":[149.0073,-29.8618]},"properties":{"d":"2026-09-15","t":"0332","frp":3.9,"b":339.9,"c":1,"s":"N20","n":0}},{"type":"Feature","geometry":{"type":"Point","coordinates":[152.6205,-29.8163]},"properties":{"d":"2026-09-15","t":"0332","frp":11.0,"b":351.0,"c":1,"s":"N20","n":0}},{"type":"Feature","geometry":{"type":"Point","coordinates":[151.7195,-29.7513]},"properties":{"d":"2026-09-15","t":"0332","frp":6.3,"b":347.1,"c":1,"s":"N20","n":0}},{"type":"Feature","geometry":{"type":"Point","coordinates":[148.5593,-29.3665]},"properties":{"d":"2026-09-15","t":"0332","frp":16.8,"b":341.4,"c":0,"s":"N20","n":0}},{"type":"Feature","geometry":{"type":"Point","coordinates":[148.5636,-29.366]},"properties":{"d":"2026-09-15","t":"0332","frp":16.8,"b":343.3,"c":1,"s":"N20","n":0}},{"type":"Feature","geometry":{"type":"Point","coordinates":[148.5631,-29.3619]},"properties":{"d":"2026-09-15","t":"0332","frp":16.8,"b":345.5,"c":1,"s":"N20","n":0}},{"type":"Feature","geometry":{"type":"Point","coordinates":[148.5668,-29.3573]},"properties":{"d":"2026-09-15","t":"0332","frp":12.1,"b":342.5,"c":1,"s":"N20","n":0}},{"type":"Feature","geometry":{"type":"Point","coordinates":[148.5619,-29.3535]},"properties":{"d":"2026-09-15","t":"0332","frp":61.4,"b":338.7,"c":0,"s":"N20","n":0}},{"type":"Feature","geometry":{"type":"Point","coordinates":[152.7064,-29.3518]},"properties":{"d":"2026-09-15","t":"0332","frp":2.0,"b":333.6,"c":1,"s":"N20","n":0}},{"type":"Feature","geometry":{"type":"Point","coordinates":[150.7665,-29.1774]},"properties":{"d":"2026-09-15","t":"0332","frp":4.3,"b":337.9,"c":1,"s":"N20","n":0}},{"type":"Feature","geometry":{"type":"Point","coordinates":[148.0029,-29.1602]},"properties":{"d":"2026-09-15","t":"0332","frp":11.0,"b":342.9,"c":1,"s":"N20","n":0}},{"type":"Feature","geometry":{"type":"Point","coordinates":[151.1678,-29.1528]},"properties":{"d":"2026-09-15","t":"0332","frp":2.9,"b":336.7,"c":0,"s":"N20","n":0}},{"type":"Feature","geometry":{"type":"Point","coordinates":[152.802,-29.136]},"properties":{"d":"2026-09-15","t":"0332","frp":3.1,"b":339.2,"c":1,"s":"N20","n":0}},{"type":"Feature","geometry":{"type":"Point","coordinates":[152.8062,-29.1354]},"properties":{"d":"2026-09-15","t":"0332","frp":8.3,"b":346.4,"c":1,"s":"N20","n":0}},{"type":"Feature","geometry":{"type":"Point","coordinates":[152.8008,-29.1292]},"properties":{"d":"2026-09-15","t":"0332","frp":5.4,"b":338.7,"c":1,"s":"N20","n":0}},{"type":"Feature","geometry":{"type":"Point","coordinates":[152.8092,-29.1281]},"properties":{"d":"2026-09-15","t":"0332","frp":10.1,"b":341.8,"c":1,"s":"N20","n":0}},{"type":"Feature","geometry":{"type":"Point","coordinates":[152.8085,-29.1246]},"properties":{"d":"2026-09-15","t":"0332","frp":8.4,"b":345.7,"c":1,"s":"N20","n":0}},{"type":"Feature","geometry":{"type":"Point","coordinates":[150.3773,-29.1182]},"properties":{"d":"2026-09-15","t":"0332","frp":8.9,"b":345.4,"c":1,"s":"N20","n":0}},{"type":"Feature","geometry":{"type":"Point","coordinates":[151.8183,-28.9475]},"properties":{"d":"2026-09-15","t":"0332","frp":10.8,"b":349.0,"c":1,"s":"N20","n":0}},{"type":"Feature","geometry":{"type":"Point","coordinates":[151.8156,-28.9472]},"properties":{"d":"2026-09-15","t":"0332","frp":8.4,"b":330.2,"c":1,"s":"N20","n":0}},{"type":"Feature","geometry":{"type":"Point","coordinates":[151.8227,-28.9469]},"properties":{"d":"2026-09-15","t":"0332","frp":5.2,"b":341.3,"c":1,"s":"N20","n":0}},{"type":"Feature","geometry":{"type":"Point","coordinates":[151.82,-28.9467]},"properties":{"d":"2026-09-15","t":"0332","frp":8.4,"b":367.0,"c":2,"s":"N20","n":0}},{"type":"Feature","geometry":{"type":"Point","coordinates":[151.815,-28.9438]},"properties":{"d":"2026-09-15","t":"0332","frp":5.9,"b":330.2,"c":1,"s":"N20","n":0}},{"type":"Feature","geometry":{"type":"Point","coordinates":[151.8188,-28.9397]},"properties":{"d":"2026-09-15","t":"0332","frp":5.9,"b":340.7,"c":1,"s":"N20","n":0}},{"type":"Feature","geometry":{"type":"Point","coordinates":[151.8181,-28.9362]},"properties":{"d":"2026-09-15","t":"0332","frp":12.1,"b":344.6,"c":1,"s":"N20","n":0}},{"type":"Feature","geometry":{"type":"Point","coordinates":[151.8175,-28.9327]},"properties":{"d":"2026-09-15","t":"0332","frp":12.1,"b":348.4,"c":1,"s":"N20","n":0}},{"type":"Feature","geometry":{"type":"Point","coordinates":[151.8168,-28.9292]},"properties":{"d":"2026-09-15","t":"0332","frp":8.7,"b":333.9,"c":1,"s":"N20","n":0}},{"type":"Feature","geometry":{"type":"Point","coordinates":[151.8161,-28.9257]},"properties":{"d":"2026-09-15","t":"0332","frp":8.7,"b":351.9,"c":1,"s":"N20","n":0}},{"type":"Feature","geometry":{"type":"Point","coordinates":[151.8154,-28.9222]},"properties":{"d":"2026-09-15","t":"0332","frp":8.7,"b":337.1,"c":1,"s":"N20","n":0}},{"type":"Feature","geometry":{"type":"Point","coordinates":[151.82,-28.9216]},"properties":{"d":"2026-09-15","t":"0332","frp":8.5,"b":355.3,"c":1,"s":"N20","n":0}},{"type":"Feature","geometry":{"type":"Point","coordinates":[151.8244,-28.921]},"properties":{"d":"2026-09-15","t":"0332","frp":8.5,"b":347.2,"c":1,"s":"N20","n":0}},{"type":"Feature","geometry":{"type":"Point","coordinates":[151.8288,-28.9204]},"properties":{"d":"2026-09-15","t":"0332","frp":6.0,"b":331.7,"c":1,"s":"N20","n":0}},{"type":"Feature","geometry":{"type":"Point","coordinates":[151.8239,-28.9175]},"properties":{"d":"2026-09-15","t":"0332","frp":8.5,"b":330.3,"c":1,"s":"N20","n":0}},{"type":"Feature","geometry":{"type":"Point","coordinates":[151.8283,-28.9169]},"properties":{"d":"2026-09-15","t":"0332","frp":6.0,"b":353.4,"c":1,"s":"N20","n":0}},{"type":"Feature","geometry":{"type":"Point","coordinates":[151.8329,-28.9163]},"properties":{"d":"2026-09-15","t":"0332","frp":6.0,"b":332.8,"c":1,"s":"N20","n":0}},{"type":"Feature","geometry":{"type":"Point","coordinates":[151.8323,-28.9128]},"properties":{"d":"2026-09-15","t":"0332","frp":2.1,"b":331.4,"c":1,"s":"N20","n":0}},{"type":"Feature","geometry":{"type":"Point","coordinates":[149.8548,-28.877]},"properties":{"d":"2026-09-15","t":"0332","frp":5.9,"b":333.6,"c":0,"s":"N20","n":0}},{"type":"Feature","geometry":{"type":"Point","coordinates":[149.8524,-28.8754]},"properties":{"d":"2026-09-15","t":"0332","frp":4.7,"b":345.1,"c":1,"s":"N20","n":0}},{"type":"Feature","geometry":{"type":"Point","coordinates":[149.3366,-28.6343]},"properties":{"d":"2026-09-15","t":"0332","frp":7.6,"b":345.8,"c":1,"s":"N20","n":0}},{"type":"Feature","geometry":{"type":"Point","coordinates":[149.336,-28.6304]},"properties":{"d":"2026-09-15","t":"0332","frp":5.5,"b":338.8,"c":1,"s":"N20","n":0}},{"type":"Feature","geometry":{"type":"Point","coordinates":[152.6121,-28.6251]},"properties":{"d":"2026-09-15","t":"0332","frp":3.7,"b":336.8,"c":1,"s":"N20","n":0}},{"type":"Feature","geometry":{"type":"Point","coordinates":[149.0028,-28.6053]},"properties":{"d":"2026-09-15","t":"0332","frp":15.6,"b":337.0,"c":0,"s":"N20","n":0}},{"type":"Feature","geometry":{"type":"Point","coordinates":[152.6141,-28.5864]},"properties":{"d":"2026-09-15","t":"0332","frp":6.7,"b":344.2,"c":1,"s":"N20","n":0}},{"type":"Feature","geometry":{"type":"Point","coordinates":[152.4964,-28.5467]},"properties":{"d":"2026-09-15","t":"0332","frp":2.1,"b":333.1,"c":1,"s":"N20","n":0}},{"type":"Feature","geometry":{"type":"Point","coordinates":[152.4958,-28.5433]},"properties":{"d":"2026-09-15","t":"0332","frp":9.8,"b":353.6,"c":1,"s":"N20","n":0}},{"type":"Feature","geometry":{"type":"Point","coordinates":[148.4529,-28.4399]},"properties":{"d":"2026-09-15","t":"0332","frp":2.6,"b":336.4,"c":0,"s":"N20","n":0}},{"type":"Feature","geometry":{"type":"Point","coordinates":[148.4612,-28.439]},"properties":{"d":"2026-09-15","t":"0332","frp":8.3,"b":341.6,"c":1,"s":"N20","n":0}},{"type":"Feature","geometry":{"type":"Point","coordinates":[148.9936,-28.3187]},"properties":{"d":"2026-09-15","t":"0332","frp":4.3,"b":341.1,"c":1,"s":"N20","n":0}},{"type":"Feature","geometry":{"type":"Point","coordinates":[148.9918,-28.3174]},"properties":{"d":"2026-09-15","t":"0332","frp":6.0,"b":345.0,"c":1,"s":"N20","n":0}},{"type":"Feature","geometry":{"type":"Point","coordinates":[149.1868,-28.3174]},"properties":{"d":"2026-09-15","t":"0332","frp":7.7,"b":346.4,"c":1,"s":"N20","n":0}},{"type":"Feature","geometry":{"type":"Point","coordinates":[149.1926,-28.3167]},"properties":{"d":"2026-09-15","t":"0332","frp":11.3,"b":355.0,"c":1,"s":"N20","n":0}},{"type":"Feature","geometry":{"type":"Point","coordinates":[149.1847,-28.3149]},"properties":{"d":"2026-09-15","t":"0332","frp":10.4,"b":337.3,"c":0,"s":"N20","n":0}},{"type":"Feature","geometry":{"type":"Point","coordinates":[149.1904,-28.3143]},"properties":{"d":"2026-09-15","t":"0332","frp":10.4,"b":355.9,"c":1,"s":"N20","n":0}},{"type":"Feature","geometry":{"type":"Point","coordinates":[149.1862,-28.3134]},"properties":{"d":"2026-09-15","t":"0332","frp":7.7,"b":337.2,"c":1,"s":"N20","n":0}},{"type":"Feature","geometry":{"type":"Point","coordinates":[149.192,-28.3128]},"properties":{"d":"2026-09-15","t":"0332","frp":11.3,"b":350.5,"c":1,"s":"N20","n":0}},{"type":"Feature","geometry":{"type":"Point","coordinates":[153.2353,-28.1389]},"properties":{"d":"2026-09-15","t":"0332","frp":4.3,"b":339.6,"c":1,"s":"N20","n":0}},{"type":"Feature","geometry":{"type":"Point","coordinates":[153.2267,-28.1367]},"properties":{"d":"2026-09-15","t":"0332","frp":7.6,"b":345.9,"c":1,"s":"N20","n":0}},{"type":"Feature","geometry":{"type":"Point","coordinates":[153.2307,-28.1361]},"properties":{"d":"2026-09-15","t":"0332","frp":5.7,"b":343.1,"c":1,"s":"N20","n":0}},{"type":"Feature","geometry":{"type":"Point","coordinates":[153.0776,-27.8538]},"properties":{"d":"2026-09-15","t":"0332","frp":5.6,"b":337.6,"c":1,"s":"N20","n":0}},{"type":"Feature","geometry":{"type":"Point","coordinates":[153.073,-27.851]},"properties":{"d":"2026-09-15","t":"0332","frp":5.6,"b":339.0,"c":1,"s":"N20","n":0}},{"type":"Feature","geometry":{"type":"Point","coordinates":[153.077,-27.8504]},"properties":{"d":"2026-09-15","t":"0332","frp":5.6,"b":331.0,"c":1,"s":"N20","n":0}},{"type":"Feature","geometry":{"type":"Point","coordinates":[148.7659,-27.7989]},"properties":{"d":"2026-09-15","t":"0332","frp":3.6,"b":344.5,"c":1,"s":"N20","n":0}},{"type":"Feature","geometry":{"type":"Point","coordinates":[148.7654,-27.7949]},"properties":{"d":"2026-09-15","t":"0332","frp":20.2,"b":354.3,"c":1,"s":"N20","n":0}},{"type":"Feature","geometry":{"type":"Point","coordinates":[152.8056,-27.6865]},"properties":{"d":"2026-09-15","t":"0332","frp":32.6,"b":355.0,"c":1,"s":"N20","n":0}},{"type":"Feature","geometry":{"type":"Point","coordinates":[152.805,-27.6831]},"properties":{"d":"2026-09-15","t":"0332","frp":21.0,"b":353.2,"c":1,"s":"N20","n":0}},{"type":"Feature","geometry":{"type":"Point","coordinates":[152.2897,-27.4487]},"properties":{"d":"2026-09-15","t":"0332","frp":2.3,"b":333.7,"c":1,"s":"N20","n":0}},{"type":"Feature","geometry":{"type":"Point","coordinates":[152.2851,-27.4459]},"properties":{"d":"2026-09-15","t":"0332","frp":5.4,"b":346.8,"c":1,"s":"N20","n":0}},{"type":"Feature","geometry":{"type":"Point","coordinates":[152.2891,-27.4453]},"properties":{"d":"2026-09-15","t":"0332","frp":5.1,"b":345.6,"c":1,"s":"N20","n":0}},{"type":"Feature","geometry":{"type":"Point","coordinates":[152.2845,-27.4425]},"properties":{"d":"2026-09-15","t":"0332","frp":5.4,"b":341.1,"c":1,"s":"N20","n":0}},{"type":"Feature","geometry":{"type":"Point","coordinates":[152.2926,-27.4413]},"properties":{"d":"2026-09-15","t":"0332","frp":5.1,"b":338.0,"c":1,"s":"N20","n":0}},{"type":"Feature","geometry":{"type":"Point","coordinates":[152.2538,-27.3874]},"properties":{"d":"2026-09-15","t":"0332","frp":1.2,"b":333.7,"c":1,"s":"N20","n":0}},{"type":"Feature","geometry":{"type":"Point","coordinates":[152.4383,-27.3652]},"properties":{"d":"2026-09-15","t":"0332","frp":8.4,"b":346.3,"c":1,"s":"N20","n":0}},{"type":"Feature","geometry":{"type":"Point","coordinates":[152.4295,-27.363]},"properties":{"d":"2026-09-15","t":"0332","frp":4.9,"b":333.4,"c":0,"s":"N20","n":0}},{"type":"Feature","geometry":{"type":"Point","coordinates":[152.4336,-27.3624]},"properties":{"d":"2026-09-15","t":"0332","frp":48.5,"b":353.3,"c":1,"s":"N20","n":0}},{"type":"Feature","geometry":{"type":"Point","coordinates":[152.433,-27.359]},"properties":{"d":"2026-09-15","t":"0332","frp":48.5,"b":352.1,"c":1,"s":"N20","n":0}},{"type":"Feature","geometry":{"type":"Point","coordinates":[149.101,-27.3461]},"properties":{"d":"2026-09-15","t":"0332","frp":5.3,"b":338.9,"c":0,"s":"N20","n":0}},{"type":"Feature","geometry":{"type":"Point","coordinates":[153.0759,-27.228]},"properties":{"d":"2026-09-15","t":"0332","frp":4.9,"b":330.3,"c":0,"s":"N20","n":0}},{"type":"Feature","geometry":{"type":"Point","coordinates":[152.8899,-27.2102]},"properties":{"d":"2026-09-15","t":"0332","frp":2.1,"b":334.4,"c":1,"s":"N20","n":0}},{"type":"Feature","geometry":{"type":"Point","coordinates":[152.8893,-27.2068]},"properties":{"d":"2026-09-15","t":"0332","frp":2.1,"b":330.6,"c":1,"s":"N20","n":0}},{"type":"Feature","geometry":{"type":"Point","coordinates":[153.0806,-27.0744]},"properties":{"d":"2026-09-15","t":"0332","frp":2.5,"b":336.5,"c":1,"s":"N20","n":0}},{"type":"Feature","geometry":{"type":"Point","coordinates":[149.2031,-27.0437]},"properties":{"d":"2026-09-15","t":"0332","frp":6.7,"b":337.2,"c":0,"s":"N20","n":0}},{"type":"Feature","geometry":{"type":"Point","coordinates":[149.1971,-27.0404]},"properties":{"d":"2026-09-15","t":"0332","frp":6.7,"b":345.8,"c":1,"s":"N20","n":0}},{"type":"Feature","geometry":{"type":"Point","coordinates":[149.2026,-27.0398]},"properties":{"d":"2026-09-15","t":"0332","frp":6.7,"b":341.8,"c":1,"s":"N20","n":0}},{"type":"Feature","geometry":{"type":"Point","coordinates":[149.1911,-27.0372]},"properties":{"d":"2026-09-15","t":"0332","frp":4.1,"b":344.0,"c":1,"s":"N20","n":0}},{"type":"Feature","geometry":{"type":"Point","coordinates":[149.1906,-27.0333]},"properties":{"d":"2026-09-15","t":"0332","frp":4.1,"b":336.4,"c":0,"s":"N20","n":0}},{"type":"Feature","geometry":{"type":"Point","coordinates":[149.1953,-27.0045]},"properties":{"d":"2026-09-15","t":"0332","frp":16.8,"b":347.7,"c":1,"s":"N20","n":0}},{"type":"Feature","geometry":{"type":"Point","coordinates":[149.2007,-27.0039]},"properties":{"d":"2026-09-15","t":"0332","frp":16.8,"b":367.0,"c":2,"s":"N20","n":0}},{"type":"Feature","geometry":{"type":"Point","coordinates":[149.2061,-27.0032]},"properties":{"d":"2026-09-15","t":"0332","frp":6.3,"b":346.2,"c":1,"s":"N20","n":0}},{"type":"Feature","geometry":{"type":"Point","coordinates":[149.1947,-27.0006]},"properties":{"d":"2026-09-15","t":"0332","frp":7.6,"b":345.6,"c":1,"s":"N20","n":0}},{"type":"Feature","geometry":{"type":"Point","coordinates":[149.2002,-27.0]},"properties":{"d":"2026-09-15","t":"0332","frp":7.6,"b":345.8,"c":1,"s":"N20","n":0}},{"type":"Feature","geometry":{"type":"Point","coordinates":[149.2056,-26.9993]},"properties":{"d":"2026-09-15","t":"0332","frp":6.6,"b":335.6,"c":1,"s":"N20","n":0}},{"type":"Feature","geometry":{"type":"Point","coordinates":[149.1942,-26.9967]},"properties":{"d":"2026-09-15","t":"0332","frp":7.6,"b":339.1,"c":0,"s":"N20","n":0}},{"type":"Feature","geometry":{"type":"Point","coordinates":[149.1996,-26.9961]},"properties":{"d":"2026-09-15","t":"0332","frp":7.6,"b":348.7,"c":1,"s":"N20","n":0}},{"type":"Feature","geometry":{"type":"Point","coordinates":[149.1882,-26.9935]},"properties":{"d":"2026-09-15","t":"0332","frp":2.2,"b":336.7,"c":0,"s":"N20","n":0}},{"type":"Feature","geometry":{"type":"Point","coordinates":[152.133,-26.8877]},"properties":{"d":"2026-09-15","t":"0332","frp":3.4,"b":335.0,"c":1,"s":"N20","n":0}},{"type":"Feature","geometry":{"type":"Point","coordinates":[152.4751,-26.8501]},"properties":{"d":"2026-09-15","t":"0332","frp":7.8,"b":367.0,"c":2,"s":"N20","n":0}},{"type":"Feature","geometry":{"type":"Point","coordinates":[152.5733,-26.8016]},"properties":{"d":"2026-09-15","t":"0332","frp":3.0,"b":333.9,"c":1,"s":"N20","n":0}},{"type":"Feature","geometry":{"type":"Point","coordinates":[152.5454,-26.6339]},"properties":{"d":"2026-09-15","t":"0332","frp":1.8,"b":333.2,"c":1,"s":"N20","n":0}},{"type":"Feature","geometry":{"type":"Point","coordinates":[152.5522,-26.6261]},"properties":{"d":"2026-09-15","t":"0332","frp":4.1,"b":338.5,"c":1,"s":"N20","n":0}},{"type":"Feature","geometry":{"type":"Point","coordinates":[152.5601,-26.6249]},"properties":{"d":"2026-09-15","t":"0332","frp":8.4,"b":354.5,"c":1,"s":"N20","n":0}},{"type":"Feature","geometry":{"type":"Point","coordinates":[152.5555,-26.6221]},"properties":{"d":"2026-09-15","t":"0332","frp":6.0,"b":347.6,"c":1,"s":"N20","n":0}},{"type":"Feature","geometry":{"type":"Point","coordinates":[146.2436,-26.558]},"properties":{"d":"2026-09-15","t":"0332","frp":24.4,"b":341.8,"c":1,"s":"N20","n":0}},{"type":"Feature","geometry":{"type":"Point","coordinates":[146.2378,-26.5539]},"properties":{"d":"2026-09-15","t":"0332","frp":21.1,"b":345.1,"c":1,"s":"N20","n":0}},{"type":"Feature","geometry":{"type":"Point","coordinates":[146.2431,-26.5534]},"properties":{"d":"2026-09-15","t":"0332","frp":27.9,"b":343.9,"c":1,"s":"N20","n":0}},{"type":"Feature","geometry":{"type":"Point","coordinates":[146.2467,-26.4699]},"properties":{"d":"2026-09-15","t":"0332","frp":8.5,"b":346.4,"c":1,"s":"N20","n":0}},{"type":"Feature","geometry":{"type":"Point","coordinates":[146.252,-26.4694]},"properties":{"d":"2026-09-15","t":"0332","frp":8.5,"b":331.4,"c":0,"s":"N20","n":0}},{"type":"Feature","geometry":{"type":"Point","coordinates":[150.6427,-26.4086]},"properties":{"d":"2026-09-15","t":"0332","frp":5.5,"b":341.5,"c":1,"s":"N20","n":0}},{"type":"Feature","geometry":{"type":"Point","coordinates":[150.6454,-26.4062]},"properties":{"d":"2026-09-15","t":"0332","frp":5.7,"b":333.2,"c":0,"s":"N20","n":0}},{"type":"Feature","geometry":{"type":"Point","coordinates":[150.6546,-26.396]},"properties":{"d":"2026-09-15","t":"0332","frp":7.2,"b":336.8,"c":1,"s":"N20","n":0}},{"type":"Feature","geometry":{"type":"Point","coordinates":[150.6136,-26.3721]},"properties":{"d":"2026-09-15","t":"0332","frp":2.8,"b":345.4,"c":1,"s":"N20","n":0}},{"type":"Feature","geometry":{"type":"Point","coordinates":[150.613,-26.3685]},"properties":{"d":"2026-09-15","t":"0332","frp":20.4,"b":344.6,"c":1,"s":"N20","n":0}},{"type":"Feature","geometry":{"type":"Point","coordinates":[150.6301,-26.359]},"properties":{"d":"2026-09-15","t":"0332","frp":2.9,"b":330.4,"c":0,"s":"N20","n":0}},{"type":"Feature","geometry":{"type":"Point","coordinates":[150.419,-26.3568]},"properties":{"d":"2026-09-15","t":"0332","frp":3.0,"b":334.1,"c":0,"s":"N20","n":0}},{"type":"Feature","geometry":{"type":"Point","coordinates":[150.4283,-26.3556]},"properties":{"d":"2026-09-15","t":"0332","frp":2.6,"b":331.7,"c":0,"s":"N20","n":0}},{"type":"Feature","geometry":{"type":"Point","coordinates":[150.638,-26.3506]},"properties":{"d":"2026-09-15","t":"0332","frp":4.7,"b":331.3,"c":0,"s":"N20","n":0}},{"type":"Feature","geometry":{"type":"Point","coordinates":[150.6425,-26.35]},"properties":{"d":"2026-09-15","t":"0332","frp":10.2,"b":350.7,"c":1,"s":"N20","n":0}},{"type":"Feature","geometry":{"type":"Point","coordinates":[150.6516,-26.3489]},"properties":{"d":"2026-09-15","t":"0332","frp":5.3,"b":344.8,"c":1,"s":"N20","n":0}},{"type":"Feature","geometry":{"type":"Point","coordinates":[150.651,-26.3453]},"properties":{"d":"2026-09-15","t":"0332","frp":5.3,"b":341.4,"c":1,"s":"N20","n":0}},{"type":"Feature","geometry":{"type":"Point","coordinates":[150.6556,-26.3447]},"properties":{"d":"2026-09-15","t":"0332","frp":5.3,"b":331.4,"c":0,"s":"N20","n":0}},{"type":"Feature","geometry":{"type":"Point","coordinates":[150.1434,-25.9051]},"properties":{"d":"2026-09-15","t":"0332","frp":2.1,"b":333.2,"c":1,"s":"N20","n":0}},{"type":"Feature","geometry":{"type":"Point","coordinates":[152.9567,-25.8432]},"properties":{"d":"2026-09-15","t":"0332","frp":2.5,"b":333.0,"c":1,"s":"N20","n":0}},{"type":"Feature","geometry":{"type":"Point","coordinates":[152.8122,-25.5186]},"properties":{"d":"2026-09-15","t":"0332","frp":10.6,"b":351.4,"c":1,"s":"N20","n":0}},{"type":"Feature","geometry":{"type":"Point","coordinates":[152.8117,-25.5153]},"properties":{"d":"2026-09-15","t":"0332","frp":5.2,"b":339.7,"c":1,"s":"N20","n":0}},{"type":"Feature","geometry":{"type":"Point","coordinates":[152.8155,-25.5147]},"properties":{"d":"2026-09-15","t":"0332","frp":5.2,"b":345.0,"c":1,"s":"N20","n":0}},{"type":"Feature","geometry":{"type":"Point","coordinates":[149.1477,-25.4969]},"properties":{"d":"2026-09-15","t":"0332","frp":4.9,"b":335.9,"c":1,"s":"N20","n":0}},{"type":"Feature","geometry":{"type":"Point","coordinates":[149.1471,-25.493]},"properties":{"d":"2026-09-15","t":"0332","frp":9.0,"b":348.0,"c":1,"s":"N20","n":0}},{"type":"Feature","geometry":{"type":"Point","coordinates":[149.1565,-25.488]},"properties":{"d":"2026-09-15","t":"0332","frp":8.4,"b":340.7,"c":1,"s":"N20","n":0}},{"type":"Feature","geometry":{"type":"Point","coordinates":[149.1509,-25.4848]},"properties":{"d":"2026-09-15","t":"0332","frp":7.4,"b":344.1,"c":1,"s":"N20","n":0}},{"type":"Feature","geometry":{"type":"Point","coordinates":[149.1559,-25.4842]},"properties":{"d":"2026-09-15","t":"0332","frp":4.9,"b":340.8,"c":1,"s":"N20","n":0}},{"type":"Feature","geometry":{"type":"Point","coordinates":[152.682,-25.4794]},"properties":{"d":"2026-09-15","t":"0332","frp":2.7,"b":330.2,"c":0,"s":"N20","n":0}},{"type":"Feature","geometry":{"type":"Point","coordinates":[149.0902,-25.4298]},"properties":{"d":"2026-09-15","t":"0332","frp":9.5,"b":348.0,"c":1,"s":"N20","n":0}},{"type":"Feature","geometry":{"type":"Point","coordinates":[152.544,-25.3754]},"properties":{"d":"2026-09-15","t":"0332","frp":5.8,"b":343.3,"c":1,"s":"N20","n":0}},{"type":"Feature","geometry":{"type":"Point","coordinates":[152.2483,-25.3597]},"properties":{"d":"2026-09-15","t":"0332","frp":2.2,"b":334.3,"c":1,"s":"N20","n":0}},{"type":"Feature","geometry":{"type":"Point","coordinates":[152.2522,-25.3591]},"properties":{"d":"2026-09-15","t":"0332","frp":2.2,"b":330.4,"c":1,"s":"N20","n":0}},{"type":"Feature","geometry":{"type":"Point","coordinates":[147.5508,-25.3741]},"properties":{"d":"2026-09-15","t":"0334","frp":10.6,"b":348.9,"c":1,"s":"N20","n":0}},{"type":"Feature","geometry":{"type":"Point","coordinates":[151.811,-24.7094]},"properties":{"d":"2026-09-15","t":"0334","frp":1.9,"b":334.6,"c":0,"s":"N20","n":0}},{"type":"Feature","geometry":{"type":"Point","coordinates":[151.2075,-23.7715]},"properties":{"d":"2026-09-15","t":"0334","frp":5.6,"b":333.4,"c":0,"s":"N20","n":0}},{"type":"Feature","geometry":{"type":"Point","coordinates":[150.5816,-23.3849]},"properties":{"d":"2026-09-15","t":"0334","frp":4.0,"b":339.4,"c":1,"s":"N20","n":0}},{"type":"Feature","geometry":{"type":"Point","coordinates":[150.5734,-23.3575]},"properties":{"d":"2026-09-15","t":"0334","frp":14.2,"b":336.5,"c":0,"s":"N20","n":0}},{"type":"Feature","geometry":{"type":"Point","coordinates":[150.5776,-23.3569]},"properties":{"d":"2026-09-15","t":"0334","frp":12.5,"b":336.0,"c":1,"s":"N20","n":0}},{"type":"Feature","geometry":{"type":"Point","coordinates":[150.5939,-23.3547]},"properties":{"d":"2026-09-15","t":"0334","frp":4.8,"b":333.2,"c":1,"s":"N20","n":0}},{"type":"Feature","geometry":{"type":"Point","coordinates":[150.5728,-23.354]},"properties":{"d":"2026-09-15","t":"0334","frp":14.2,"b":342.0,"c":1,"s":"N20","n":0}},{"type":"Feature","geometry":{"type":"Point","coordinates":[150.2527,-22.7135]},"properties":{"d":"2026-09-15","t":"0334","frp":1.9,"b":336.2,"c":1,"s":"N20","n":0}},{"type":"Feature","geometry":{"type":"Point","coordinates":[150.2522,-22.7099]},"properties":{"d":"2026-09-15","t":"0334","frp":5.0,"b":339.7,"c":1,"s":"N20","n":0}},{"type":"Feature","geometry":{"type":"Point","coordinates":[148.9119,-21.7677]},"properties":{"d":"2026-09-15","t":"0334","frp":6.8,"b":343.5,"c":1,"s":"N20","n":0}},{"type":"Feature","geometry":{"type":"Point","coordinates":[148.9067,-21.7646]},"properties":{"d":"2026-09-15","t":"0334","frp":6.8,"b":337.4,"c":1,"s":"N20","n":0}},{"type":"Feature","geometry":{"type":"Point","coordinates":[148.9115,-21.764]},"properties":{"d":"2026-09-15","t":"0334","frp":6.8,"b":354.0,"c":1,"s":"N20","n":0}},{"type":"Feature","geometry":{"type":"Point","coordinates":[148.937,-21.7417]},"properties":{"d":"2026-09-15","t":"0334","frp":2.9,"b":337.8,"c":1,"s":"N20","n":0}},{"type":"Feature","geometry":{"type":"Point","coordinates":[148.9276,-21.7128]},"properties":{"d":"2026-09-15","t":"0334","frp":6.4,"b":339.8,"c":1,"s":"N20","n":0}},{"type":"Feature","geometry":{"type":"Point","coordinates":[146.1785,-20.3844]},"properties":{"d":"2026-09-15","t":"0334","frp":5.9,"b":342.9,"c":1,"s":"N20","n":0}},{"type":"Feature","geometry":{"type":"Point","coordinates":[146.8198,-19.6731]},"properties":{"d":"2026-09-15","t":"0334","frp":15.3,"b":339.9,"c":1,"s":"N20","n":0}},{"type":"Feature","geometry":{"type":"Point","coordinates":[146.8236,-19.6726]},"properties":{"d":"2026-09-15","t":"0334","frp":28.5,"b":348.9,"c":1,"s":"N20","n":0}},{"type":"Feature","geometry":{"type":"Point","coordinates":[146.8241,-19.6724]},"properties":{"d":"2026-09-15","t":"0334","frp":15.9,"b":343.2,"c":1,"s":"N20","n":0}},{"type":"Feature","geometry":{"type":"Point","coordinates":[146.4323,-19.5172]},"properties":{"d":"2026-09-15","t":"0334","frp":4.9,"b":345.8,"c":1,"s":"N20","n":0}},{"type":"Feature","geometry":{"type":"Point","coordinates":[146.4357,-19.4515]},"properties":{"d":"2026-09-15","t":"0334","frp":12.0,"b":342.0,"c":1,"s":"N20","n":0}},{"type":"Feature","geometry":{"type":"Point","coordinates":[146.4352,-19.4474]},"properties":{"d":"2026-09-15","t":"0334","frp":12.0,"b":355.0,"c":1,"s":"N20","n":0}},{"type":"Feature","geometry":{"type":"Point","coordinates":[146.8355,-19.3652]},"properties":{"d":"2026-09-15","t":"0334","frp":12.4,"b":352.9,"c":1,"s":"N20","n":0}},{"type":"Feature","geometry":{"type":"Point","coordinates":[146.3003,-18.4401]},"properties":{"d":"2026-09-15","t":"0334","frp":3.6,"b":332.1,"c":1,"s":"N20","n":0}},{"type":"Feature","geometry":{"type":"Point","coordinates":[146.304,-18.4397]},"properties":{"d":"2026-09-15","t":"0334","frp":2.6,"b":331.9,"c":1,"s":"N20","n":0}},{"type":"Feature","geometry":{"type":"Point","coordinates":[146.2719,-18.4227]},"properties":{"d":"2026-09-15","t":"0334","frp":4.0,"b":334.1,"c":1,"s":"N20","n":0}},{"type":"Feature","geometry":{"type":"Point","coordinates":[146.2942,-18.4199]},"properties":{"d":"2026-09-15","t":"0334","frp":10.3,"b":345.6,"c":1,"s":"N20","n":0}},{"type":"Feature","geometry":{"type":"Point","coordinates":[146.3017,-18.4189]},"properties":{"d":"2026-09-15","t":"0334","frp":4.1,"b":338.7,"c":1,"s":"N20","n":0}},{"type":"Feature","geometry":{"type":"Point","coordinates":[146.3052,-18.4185]},"properties":{"d":"2026-09-15","t":"0334","frp":4.1,"b":344.9,"c":1,"s":"N20","n":0}},{"type":"Feature","geometry":{"type":"Point","coordinates":[146.2896,-18.4163]},"properties":{"d":"2026-09-15","t":"0334","frp":7.0,"b":338.8,"c":1,"s":"N20","n":0}},{"type":"Feature","geometry":{"type":"Point","coordinates":[146.2934,-18.4158]},"properties":{"d":"2026-09-15","t":"0334","frp":10.3,"b":354.4,"c":1,"s":"N20","n":0}},{"type":"Feature","geometry":{"type":"Point","coordinates":[146.3006,-18.4149]},"properties":{"d":"2026-09-15","t":"0334","frp":4.1,"b":336.0,"c":1,"s":"N20","n":0}},{"type":"Feature","geometry":{"type":"Point","coordinates":[146.304,-18.4145]},"properties":{"d":"2026-09-15","t":"0334","frp":4.1,"b":330.5,"c":1,"s":"N20","n":0}},{"type":"Feature","geometry":{"type":"Point","coordinates":[146.2994,-18.4108]},"properties":{"d":"2026-09-15","t":"0334","frp":5.6,"b":340.6,"c":1,"s":"N20","n":0}},{"type":"Feature","geometry":{"type":"Point","coordinates":[146.2707,-18.3934]},"properties":{"d":"2026-09-15","t":"0334","frp":15.9,"b":367.0,"c":2,"s":"N20","n":0}},{"type":"Feature","geometry":{"type":"Point","coordinates":[146.2747,-18.3929]},"properties":{"d":"2026-09-15","t":"0334","frp":26.5,"b":348.4,"c":1,"s":"N20","n":0}},{"type":"Feature","geometry":{"type":"Point","coordinates":[146.2785,-18.3924]},"properties":{"d":"2026-09-15","t":"0334","frp":26.5,"b":367.0,"c":2,"s":"N20","n":0}},{"type":"Feature","geometry":{"type":"Point","coordinates":[146.2817,-18.392]},"properties":{"d":"2026-09-15","t":"0334","frp":37.4,"b":337.6,"c":1,"s":"N20","n":0}},{"type":"Feature","geometry":{"type":"Point","coordinates":[146.2849,-18.3916]},"properties":{"d":"2026-09-15","t":"0334","frp":37.4,"b":342.3,"c":1,"s":"N20","n":0}},{"type":"Feature","geometry":{"type":"Point","coordinates":[146.266,-18.3898]},"properties":{"d":"2026-09-15","t":"0334","frp":5.6,"b":344.6,"c":1,"s":"N20","n":0}},{"type":"Feature","geometry":{"type":"Point","coordinates":[146.2701,-18.3893]},"properties":{"d":"2026-09-15","t":"0334","frp":5.6,"b":345.6,"c":1,"s":"N20","n":0}},{"type":"Feature","geometry":{"type":"Point","coordinates":[146.2737,-18.3888]},"properties":{"d":"2026-09-15","t":"0334","frp":5.3,"b":342.6,"c":1,"s":"N20","n":0}},{"type":"Feature","geometry":{"type":"Point","coordinates":[146.2771,-18.3884]},"properties":{"d":"2026-09-15","t":"0334","frp":5.3,"b":342.3,"c":1,"s":"N20","n":0}},{"type":"Feature","geometry":{"type":"Point","coordinates":[146.2425,-18.3674]},"properties":{"d":"2026-09-15","t":"0334","frp":6.8,"b":331.7,"c":1,"s":"N20","n":0}},{"type":"Feature","geometry":{"type":"Point","coordinates":[146.2475,-18.3668]},"properties":{"d":"2026-09-15","t":"0334","frp":3.9,"b":333.8,"c":1,"s":"N20","n":0}},{"type":"Feature","geometry":{"type":"Point","coordinates":[146.2891,-18.246]},"properties":{"d":"2026-09-15","t":"0334","frp":7.3,"b":341.0,"c":1,"s":"N20","n":0}},{"type":"Feature","geometry":{"type":"Point","coordinates":[146.293,-18.2455]},"properties":{"d":"2026-09-15","t":"0334","frp":7.3,"b":338.0,"c":1,"s":"N20","n":0}},{"type":"Feature","geometry":{"type":"Point","coordinates":[146.2968,-18.2451]},"properties":{"d":"2026-09-15","t":"0334","frp":3.0,"b":336.8,"c":1,"s":"N20","n":0}},{"type":"Feature","geometry":{"type":"Point","coordinates":[146.2698,-18.2442]},"properties":{"d":"2026-09-15","t":"0334","frp":10.1,"b":350.6,"c":1,"s":"N20","n":0}},{"type":"Feature","geometry":{"type":"Point","coordinates":[146.2734,-18.2437]},"properties":{"d":"2026-09-15","t":"0334","frp":4.8,"b":328.4,"c":1,"s":"N20","n":0}},{"type":"Feature","geometry":{"type":"Point","coordinates":[146.277,-18.2433]},"properties":{"d":"2026-09-15","t":"0334","frp":4.8,"b":341.8,"c":1,"s":"N20","n":0}},{"type":"Feature","geometry":{"type":"Point","coordinates":[146.2807,-18.2428]},"properties":{"d":"2026-09-15","t":"0334","frp":11.7,"b":367.0,"c":2,"s":"N20","n":0}},{"type":"Feature","geometry":{"type":"Point","coordinates":[146.2846,-18.2424]},"properties":{"d":"2026-09-15","t":"0334","frp":11.7,"b":367.0,"c":2,"s":"N20","n":0}},{"type":"Feature","geometry":{"type":"Point","coordinates":[146.2963,-18.241]},"properties":{"d":"2026-09-15","t":"0334","frp":3.0,"b":330.0,"c":1,"s":"N20","n":0}},{"type":"Feature","geometry":{"type":"Point","coordinates":[137.8166,-18.392]},"properties":{"d":"2026-09-15","t":"0336","frp":8.0,"b":330.3,"c":1,"s":"N20","n":0}},{"type":"Feature","geometry":{"type":"Point","coordinates":[137.8377,-18.3903]},"properties":{"d":"2026-09-15","t":"0336","frp":9.8,"b":331.0,"c":1,"s":"N20","n":0}},{"type":"Feature","geometry":{"type":"Point","coordinates":[137.8015,-18.3887]},"properties":{"d":"2026-09-15","t":"0336","frp":22.3,"b":352.3,"c":1,"s":"N20","n":0}},{"type":"Feature","geometry":{"type":"Point","coordinates":[137.8085,-18.3881]},"properties":{"d":"2026-09-15","t":"0336","frp":10.8,"b":347.6,"c":1,"s":"N20","n":0}},{"type":"Feature","geometry":{"type":"Point","coordinates":[137.8019,-18.386]},"properties":{"d":"2026-09-15","t":"0336","frp":12.4,"b":354.2,"c":1,"s":"N20","n":0}},{"type":"Feature","geometry":{"type":"Point","coordinates":[137.8367,-18.3856]},"properties":{"d":"2026-09-15","t":"0336","frp":8.2,"b":330.6,"c":1,"s":"N20","n":0}},{"type":"Feature","geometry":{"type":"Point","coordinates":[137.8088,-18.3855]},"properties":{"d":"2026-09-15","t":"0336","frp":12.4,"b":340.9,"c":1,"s":"N20","n":0}},{"type":"Feature","geometry":{"type":"Point","coordinates":[137.7802,-18.3834]},"properties":{"d":"2026-09-15","t":"0336","frp":14.3,"b":340.1,"c":1,"s":"N20","n":0}},{"type":"Feature","geometry":{"type":"Point","coordinates":[137.7871,-18.3828]},"properties":{"d":"2026-09-15","t":"0336","frp":14.3,"b":367.0,"c":2,"s":"N20","n":0}},{"type":"Feature","geometry":{"type":"Point","coordinates":[137.7805,-18.3806]},"properties":{"d":"2026-09-15","t":"0336","frp":18.8,"b":345.9,"c":1,"s":"N20","n":0}},{"type":"Feature","geometry":{"type":"Point","coordinates":[137.7874,-18.3801]},"properties":{"d":"2026-09-15","t":"0336","frp":24.9,"b":367.0,"c":2,"s":"N20","n":0}},{"type":"Feature","geometry":{"type":"Point","coordinates":[137.8765,-18.3538]},"properties":{"d":"2026-09-15","t":"0336","frp":24.2,"b":367.0,"c":2,"s":"N20","n":0}},{"type":"Feature","geometry":{"type":"Point","coordinates":[137.8769,-18.3516]},"properties":{"d":"2026-09-15","t":"0336","frp":18.1,"b":367.0,"c":2,"s":"N20","n":0}},{"type":"Feature","geometry":{"type":"Point","coordinates":[138.9339,-18.0374]},"properties":{"d":"2026-09-15","t":"0336","frp":4.7,"b":331.6,"c":1,"s":"N20","n":0}},{"type":"Feature","geometry":{"type":"Point","coordinates":[138.8272,-17.6789]},"properties":{"d":"2026-09-15","t":"0336","frp":14.0,"b":333.6,"c":1,"s":"N20","n":0}},{"type":"Feature","geometry":{"type":"Point","coordinates":[138.8197,-17.6751]},"properties":{"d":"2026-09-15","t":"0336","frp":14.6,"b":344.7,"c":1,"s":"N20","n":0}},{"type":"Feature","geometry":{"type":"Point","coordinates":[138.8256,-17.6745]},"properties":{"d":"2026-09-15","t":"0336","frp":16.6,"b":338.4,"c":1,"s":"N20","n":0}},{"type":"Feature","geometry":{"type":"Point","coordinates":[138.8148,-17.6734]},"properties":{"d":"2026-09-15","t":"0336","frp":9.6,"b":352.0,"c":1,"s":"N20","n":0}},{"type":"Feature","geometry":{"type":"Point","coordinates":[138.8207,-17.6728]},"properties":{"d":"2026-09-15","t":"0336","frp":14.0,"b":355.9,"c":1,"s":"N20","n":0}},{"type":"Feature","geometry":{"type":"Point","coordinates":[138.8132,-17.669]},"properties":{"d":"2026-09-15","t":"0336","frp":10.0,"b":353.4,"c":1,"s":"N20","n":0}},{"type":"Feature","geometry":{"type":"Point","coordinates":[138.8191,-17.6685]},"properties":{"d":"2026-09-15","t":"0336","frp":10.0,"b":340.7,"c":1,"s":"N20","n":0}},{"type":"Feature","geometry":{"type":"Point","coordinates":[141.9519,-16.9568]},"properties":{"d":"2026-09-15","t":"0336","frp":1.7,"b":338.2,"c":1,"s":"N20","n":0}},{"type":"Feature","geometry":{"type":"Point","coordinates":[141.7855,-15.3335]},"properties":{"d":"2026-09-15","t":"0336","frp":6.9,"b":353.2,"c":1,"s":"N20","n":0}},{"type":"Feature","geometry":{"type":"Point","coordinates":[141.9419,-15.1076]},"properties":{"d":"2026-09-15","t":"0336","frp":4.1,"b":353.0,"c":1,"s":"N20","n":0}},{"type":"Feature","geometry":{"type":"Point","coordinates":[141.9401,-15.1074]},"properties":{"d":"2026-09-15","t":"0336","frp":5.6,"b":348.2,"c":1,"s":"N20","n":0}},{"type":"Feature","geometry":{"type":"Point","coordinates":[141.9435,-15.107]},"properties":{"d":"2026-09-15","t":"0336","frp":3.9,"b":339.9,"c":1,"s":"N20","n":0}},{"type":"Feature","geometry":{"type":"Point","coordinates":[141.9446,-15.1019]},"properties":{"d":"2026-09-15","t":"0336","frp":5.9,"b":335.4,"c":1,"s":"N20","n":0}},{"type":"Feature","geometry":{"type":"Point","coordinates":[141.9473,-15.0962]},"properties":{"d":"2026-09-15","t":"0336","frp":3.6,"b":339.9,"c":1,"s":"N20","n":0}},{"type":"Feature","geometry":{"type":"Point","coordinates":[141.9733,-15.0879]},"properties":{"d":"2026-09-15","t":"0336","frp":2.6,"b":332.8,"c":0,"s":"N20","n":0}},{"type":"Feature","geometry":{"type":"Point","coordinates":[141.9726,-15.0826]},"properties":{"d":"2026-09-15","t":"0336","frp":2.6,"b":343.6,"c":1,"s":"N20","n":0}},{"type":"Feature","geometry":{"type":"Point","coordinates":[141.976,-15.0822]},"properties":{"d":"2026-09-15","t":"0336","frp":2.6,"b":334.5,"c":1,"s":"N20","n":0}},{"type":"Feature","geometry":{"type":"Point","coordinates":[136.7029,-13.9136]},"properties":{"d":"2026-09-15","t":"0336","frp":10.2,"b":332.8,"c":1,"s":"N20","n":0}},{"type":"Feature","geometry":{"type":"Point","coordinates":[136.7027,-13.911]},"properties":{"d":"2026-09-15","t":"0336","frp":11.3,"b":325.5,"c":1,"s":"N20","n":0}},{"type":"Feature","geometry":{"type":"Point","coordinates":[141.7974,-13.5578]},"properties":{"d":"2026-09-15","t":"0336","frp":3.7,"b":331.5,"c":0,"s":"N20","n":0}},{"type":"Feature","geometry":{"type":"Point","coordinates":[141.8006,-13.5574]},"properties":{"d":"2026-09-15","t":"0336","frp":3.7,"b":335.3,"c":1,"s":"N20","n":0}},{"type":"Feature","geometry":{"type":"Point","coordinates":[141.8058,-13.5403]},"properties":{"d":"2026-09-15","t":"0336","frp":3.6,"b":335.8,"c":1,"s":"N20","n":0}},{"type":"Feature","geometry":{"type":"Point","coordinates":[141.6716,-13.3647]},"properties":{"d":"2026-09-15","t":"0336","frp":5.7,"b":336.9,"c":1,"s":"N20","n":0}},{"type":"Feature","geometry":{"type":"Point","coordinates":[141.8515,-13.1354]},"properties":{"d":"2026-09-15","t":"0336","frp":4.5,"b":333.8,"c":1,"s":"N20","n":0}},{"type":"Feature","geometry":{"type":"Point","coordinates":[141.8546,-13.135]},"properties":{"d":"2026-09-15","t":"0336","frp":4.5,"b":352.0,"c":1,"s":"N20","n":0}},{"type":"Feature","geometry":{"type":"Point","coordinates":[141.8446,-13.1309]},"properties":{"d":"2026-09-15","t":"0336","frp":6.5,"b":347.5,"c":1,"s":"N20","n":0}},{"type":"Feature","geometry":{"type":"Point","coordinates":[141.8478,-13.1305]},"properties":{"d":"2026-09-15","t":"0336","frp":6.5,"b":350.4,"c":1,"s":"N20","n":0}},{"type":"Feature","geometry":{"type":"Point","coordinates":[141.8509,-13.1302]},"properties":{"d":"2026-09-15","t":"0336","frp":6.0,"b":341.2,"c":1,"s":"N20","n":0}},{"type":"Feature","geometry":{"type":"Point","coordinates":[141.8376,-13.1265]},"properties":{"d":"2026-09-15","t":"0336","frp":8.0,"b":367.0,"c":2,"s":"N20","n":0}},{"type":"Feature","geometry":{"type":"Point","coordinates":[141.8408,-13.1261]},"properties":{"d":"2026-09-15","t":"0336","frp":8.0,"b":345.9,"c":1,"s":"N20","n":0}},{"type":"Feature","geometry":{"type":"Point","coordinates":[141.8338,-13.1217]},"properties":{"d":"2026-09-15","t":"0336","frp":9.3,"b":355.6,"c":1,"s":"N20","n":0}},{"type":"Feature","geometry":{"type":"Point","coordinates":[141.837,-13.1213]},"properties":{"d":"2026-09-15","t":"0336","frp":5.5,"b":338.3,"c":1,"s":"N20","n":0}},{"type":"Feature","geometry":{"type":"Point","coordinates":[141.907,-13.0796]},"properties":{"d":"2026-09-15","t":"0336","frp":23.2,"b":336.2,"c":1,"s":"N20","n":0}},{"type":"Feature","geometry":{"type":"Point","coordinates":[141.9101,-13.0793]},"properties":{"d":"2026-09-15","t":"0336","frp":23.2,"b":340.4,"c":1,"s":"N20","n":0}},{"type":"Feature","geometry":{"type":"Point","coordinates":[141.8972,-13.0756]},"properties":{"d":"2026-09-15","t":"0336","frp":5.8,"b":334.8,"c":1,"s":"N20","n":0}},{"type":"Feature","geometry":{"type":"Point","coordinates":[141.9064,-13.0745]},"properties":{"d":"2026-09-15","t":"0336","frp":23.2,"b":352.9,"c":1,"s":"N20","n":0}},{"type":"Feature","geometry":{"type":"Point","coordinates":[141.9094,-13.0741]},"properties":{"d":"2026-09-15","t":"0336","frp":23.2,"b":367.0,"c":2,"s":"N20","n":0}},{"type":"Feature","geometry":{"type":"Point","coordinates":[141.9126,-13.0737]},"properties":{"d":"2026-09-15","t":"0336","frp":7.0,"b":351.1,"c":1,"s":"N20","n":0}},{"type":"Feature","geometry":{"type":"Point","coordinates":[141.9158,-13.0733]},"properties":{"d":"2026-09-15","t":"0336","frp":7.0,"b":344.4,"c":1,"s":"N20","n":0}},{"type":"Feature","geometry":{"type":"Point","coordinates":[141.9189,-13.0729]},"properties":{"d":"2026-09-15","t":"0336","frp":4.0,"b":350.4,"c":1,"s":"N20","n":0}},{"type":"Feature","geometry":{"type":"Point","coordinates":[141.9221,-13.0725]},"properties":{"d":"2026-09-15","t":"0336","frp":4.0,"b":336.7,"c":1,"s":"N20","n":0}},{"type":"Feature","geometry":{"type":"Point","coordinates":[141.9252,-13.0722]},"properties":{"d":"2026-09-15","t":"0336","frp":3.8,"b":342.4,"c":1,"s":"N20","n":0}},{"type":"Feature","geometry":{"type":"Point","coordinates":[141.9284,-13.0718]},"properties":{"d":"2026-09-15","t":"0336","frp":3.8,"b":343.4,"c":1,"s":"N20","n":0}},{"type":"Feature","geometry":{"type":"Point","coordinates":[141.9315,-13.0714]},"properties":{"d":"2026-09-15","t":"0336","frp":2.9,"b":334.5,"c":1,"s":"N20","n":0}},{"type":"Feature","geometry":{"type":"Point","coordinates":[141.9027,-13.0697]},"properties":{"d":"2026-09-15","t":"0336","frp":6.2,"b":342.1,"c":1,"s":"N20","n":0}},{"type":"Feature","geometry":{"type":"Point","coordinates":[141.9183,-13.0678]},"properties":{"d":"2026-09-15","t":"0336","frp":4.5,"b":333.6,"c":1,"s":"N20","n":0}},{"type":"Feature","geometry":{"type":"Point","coordinates":[141.9309,-13.0662]},"properties":{"d":"2026-09-15","t":"0336","frp":7.0,"b":343.1,"c":1,"s":"N20","n":0}},{"type":"Feature","geometry":{"type":"Point","coordinates":[141.9372,-13.0655]},"properties":{"d":"2026-09-15","t":"0336","frp":4.3,"b":342.7,"c":1,"s":"N20","n":0}},{"type":"Feature","geometry":{"type":"Point","coordinates":[141.9402,-13.0651]},"properties":{"d":"2026-09-15","t":"0336","frp":4.3,"b":350.9,"c":1,"s":"N20","n":0}},{"type":"Feature","geometry":{"type":"Point","coordinates":[141.9495,-13.0639]},"properties":{"d":"2026-09-15","t":"0336","frp":3.6,"b":343.9,"c":1,"s":"N20","n":0}},{"type":"Feature","geometry":{"type":"Point","coordinates":[141.7613,-12.9802]},"properties":{"d":"2026-09-15","t":"0336","frp":4.2,"b":343.2,"c":1,"s":"N20","n":0}},{"type":"Feature","geometry":{"type":"Point","coordinates":[142.9863,-12.8315]},"properties":{"d":"2026-09-15","t":"0336","frp":14.2,"b":342.6,"c":1,"s":"N20","n":0}},{"type":"Feature","geometry":{"type":"Point","coordinates":[142.9914,-12.8308]},"properties":{"d":"2026-09-15","t":"0336","frp":14.2,"b":344.9,"c":1,"s":"N20","n":0}},{"type":"Feature","geometry":{"type":"Point","coordinates":[142.9858,-12.8267]},"properties":{"d":"2026-09-15","t":"0336","frp":10.2,"b":354.9,"c":1,"s":"N20","n":0}},{"type":"Feature","geometry":{"type":"Point","coordinates":[142.9909,-12.8261]},"properties":{"d":"2026-09-15","t":"0336","frp":10.2,"b":336.8,"c":1,"s":"N20","n":0}},{"type":"Feature","geometry":{"type":"Point","coordinates":[143.3493,-12.8179]},"properties":{"d":"2026-09-15","t":"0336","frp":4.9,"b":330.8,"c":1,"s":"N20","n":0}},{"type":"Feature","geometry":{"type":"Point","coordinates":[143.3487,-12.8132]},"properties":{"d":"2026-09-15","t":"0336","frp":4.9,"b":341.2,"c":1,"s":"N20","n":0}},{"type":"Feature","geometry":{"type":"Point","coordinates":[143.3516,-12.8115]},"properties":{"d":"2026-09-15","t":"0336","frp":2.0,"b":329.5,"c":1,"s":"N20","n":0}},{"type":"Feature","geometry":{"type":"Point","coordinates":[142.2904,-12.7925]},"properties":{"d":"2026-09-15","t":"0336","frp":16.0,"b":336.5,"c":1,"s":"N20","n":0}},{"type":"Feature","geometry":{"type":"Point","coordinates":[142.2962,-12.7918]},"properties":{"d":"2026-09-15","t":"0336","frp":16.0,"b":367.0,"c":2,"s":"N20","n":0}},{"type":"Feature","geometry":{"type":"Point","coordinates":[142.302,-12.7911]},"properties":{"d":"2026-09-15","t":"0336","frp":15.0,"b":344.4,"c":1,"s":"N20","n":0}},{"type":"Feature","geometry":{"type":"Point","coordinates":[142.3071,-12.7854]},"properties":{"d":"2026-09-15","t":"0336","frp":10.4,"b":331.9,"c":0,"s":"N20","n":0}},{"type":"Feature","geometry":{"type":"Point","coordinates":[143.3251,-12.7832]},"properties":{"d":"2026-09-15","t":"0336","frp":9.9,"b":339.6,"c":1,"s":"N20","n":0}},{"type":"Feature","geometry":{"type":"Point","coordinates":[143.3299,-12.7826]},"properties":{"d":"2026-09-15","t":"0336","frp":13.1,"b":344.3,"c":1,"s":"N20","n":0}},{"type":"Feature","geometry":{"type":"Point","coordinates":[142.3123,-12.7797]},"properties":{"d":"2026-09-15","t":"0336","frp":7.5,"b":340.6,"c":1,"s":"N20","n":0}},{"type":"Feature","geometry":{"type":"Point","coordinates":[143.3197,-12.7792]},"properties":{"d":"2026-09-15","t":"0336","frp":9.9,"b":342.0,"c":1,"s":"N20","n":0}},{"type":"Feature","geometry":{"type":"Point","coordinates":[141.9421,-12.4342]},"properties":{"d":"2026-09-15","t":"0336","frp":4.7,"b":335.8,"c":1,"s":"N20","n":0}},{"type":"Feature","geometry":{"type":"Point","coordinates":[141.9451,-12.4338]},"properties":{"d":"2026-09-15","t":"0336","frp":4.7,"b":349.3,"c":1,"s":"N20","n":0}},{"type":"Feature","geometry":{"type":"Point","coordinates":[141.9482,-12.4334]},"properties":{"d":"2026-09-15","t":"0336","frp":4.9,"b":334.6,"c":1,"s":"N20","n":0}},{"type":"Feature","geometry":{"type":"Point","coordinates":[141.9543,-12.4326]},"properties":{"d":"2026-09-15","t":"0336","frp":5.0,"b":340.4,"c":1,"s":"N20","n":0}},{"type":"Feature","geometry":{"type":"Point","coordinates":[142.2805,-12.4324]},"properties":{"d":"2026-09-15","t":"0336","frp":6.8,"b":332.6,"c":1,"s":"N20","n":0}},{"type":"Feature","geometry":{"type":"Point","coordinates":[142.2862,-12.4317]},"properties":{"d":"2026-09-15","t":"0336","frp":6.8,"b":343.4,"c":1,"s":"N20","n":0}},{"type":"Feature","geometry":{"type":"Point","coordinates":[141.9627,-12.4264]},"properties":{"d":"2026-09-15","t":"0336","frp":7.9,"b":342.5,"c":1,"s":"N20","n":0}},{"type":"Feature","geometry":{"type":"Point","coordinates":[141.9621,-12.4213]},"properties":{"d":"2026-09-15","t":"0336","frp":5.4,"b":340.6,"c":1,"s":"N20","n":0}},{"type":"Feature","geometry":{"type":"Point","coordinates":[141.9651,-12.4209]},"properties":{"d":"2026-09-15","t":"0336","frp":5.8,"b":345.3,"c":1,"s":"N20","n":0}},{"type":"Feature","geometry":{"type":"Point","coordinates":[136.6667,-12.344]},"properties":{"d":"2026-09-15","t":"0338","frp":10.5,"b":337.5,"c":1,"s":"N20","n":0}},{"type":"Feature","geometry":{"type":"Point","coordinates":[136.6653,-12.3416]},"properties":{"d":"2026-09-15","t":"0338","frp":7.5,"b":337.4,"c":1,"s":"N20","n":0}},{"type":"Feature","geometry":{"type":"Point","coordinates":[141.727,-12.3228]},"properties":{"d":"2026-09-15","t":"0338","frp":2.7,"b":342.0,"c":1,"s":"N20","n":0}},{"type":"Feature","geometry":{"type":"Point","coordinates":[141.7301,-12.3224]},"properties":{"d":"2026-09-15","t":"0338","frp":2.7,"b":334.8,"c":1,"s":"N20","n":0}},{"type":"Feature","geometry":{"type":"Point","coordinates":[136.3806,-12.1477]},"properties":{"d":"2026-09-15","t":"0338","frp":7.4,"b":326.5,"c":1,"s":"N20","n":0}},{"type":"Feature","geometry":{"type":"Point","coordinates":[142.5763,-12.0024]},"properties":{"d":"2026-09-15","t":"0338","frp":7.0,"b":350.6,"c":1,"s":"N20","n":0}},{"type":"Feature","geometry":{"type":"Point","coordinates":[142.5758,-11.9975]},"properties":{"d":"2026-09-15","t":"0338","frp":7.0,"b":336.5,"c":1,"s":"N20","n":0}},{"type":"Feature","geometry":{"type":"Point","coordinates":[152.8131,-10.6241]},"properties":{"d":"2026-09-15","t":"0338","frp":4.6,"b":334.6,"c":1,"s":"N20","n":0}},{"type":"Feature","geometry":{"type":"Point","coordinates":[142.2219,-10.5234]},"properties":{"d":"2026-09-15","t":"0338","frp":17.9,"b":340.3,"c":1,"s":"N20","n":0}},{"type":"Feature","geometry":{"type":"Point","coordinates":[150.442,-10.2312]},"properties":{"d":"2026-09-15","t":"0338","frp":3.0,"b":329.5,"c":1,"s":"N20","n":0}},{"type":"Feature","geometry":{"type":"Point","coordinates":[150.4807,-10.2252]},"properties":{"d":"2026-09-15","t":"0338","frp":7.8,"b":344.0,"c":1,"s":"N20","n":0}},{"type":"Feature","geometry":{"type":"Point","coordinates":[150.3999,-10.2139]},"properties":{"d":"2026-09-15","t":"0338","frp":4.5,"b":338.0,"c":1,"s":"N20","n":0}},{"type":"Feature","geometry":{"type":"Point","coordinates":[150.1062,-10.1945]},"properties":{"d":"2026-09-15","t":"0338","frp":7.9,"b":334.1,"c":1,"s":"N20","n":0}},{"type":"Feature","geometry":{"type":"Point","coordinates":[150.2756,-10.1788]},"properties":{"d":"2026-09-15","t":"0338","frp":3.0,"b":334.4,"c":1,"s":"N20","n":0}},{"type":"Feature","geometry":{"type":"Point","coordinates":[150.2279,-10.1488]},"properties":{"d":"2026-09-15","t":"0338","frp":3.5,"b":335.4,"c":1,"s":"N20","n":0}},{"type":"Feature","geometry":{"type":"Point","coordinates":[149.8262,-10.0539]},"properties":{"d":"2026-09-15","t":"0338","frp":3.0,"b":335.6,"c":1,"s":"N20","n":0}},{"type":"Feature","geometry":{"type":"Point","coordinates":[149.9121,-10.0512]},"properties":{"d":"2026-09-15","t":"0338","frp":4.5,"b":337.6,"c":1,"s":"N20","n":0}},{"type":"Feature","geometry":{"type":"Point","coordinates":[151.0569,-10.0443]},"properties":{"d":"2026-09-15","t":"0338","frp":4.3,"b":339.1,"c":1,"s":"N20","n":0}},{"type":"Feature","geometry":{"type":"Point","coordinates":[149.8531,-10.043]},"properties":{"d":"2026-09-15","t":"0338","frp":2.4,"b":329.6,"c":1,"s":"N20","n":0}},{"type":"Feature","geometry":{"type":"Point","coordinates":[149.8526,-10.0397]},"properties":{"d":"2026-09-15","t":"0338","frp":2.4,"b":332.2,"c":1,"s":"N20","n":0}},{"type":"Feature","geometry":{"type":"Point","coordinates":[147.8412,-10.0336]},"properties":{"d":"2026-09-15","t":"0338","frp":2.9,"b":332.7,"c":1,"s":"N20","n":0}},{"type":"Feature","geometry":{"type":"Point","coordinates":[147.8407,-10.0332]},"properties":{"d":"2026-09-15","t":"0338","frp":4.0,"b":334.0,"c":1,"s":"N20","n":0}},{"type":"Feature","geometry":{"type":"Point","coordinates":[147.812,-10.0204]},"properties":{"d":"2026-09-15","t":"0338","frp":2.9,"b":333.9,"c":1,"s":"N20","n":0}},{"type":"Feature","geometry":{"type":"Point","coordinates":[147.87,-10.0188]},"properties":{"d":"2026-09-15","t":"0338","frp":2.0,"b":333.1,"c":1,"s":"N20","n":0}},{"type":"Feature","geometry":{"type":"Point","coordinates":[150.9425,-9.9704]},"properties":{"d":"2026-09-15","t":"0338","frp":3.8,"b":332.1,"c":1,"s":"N20","n":0}},{"type":"Feature","geometry":{"type":"Point","coordinates":[149.8308,-9.9686]},"properties":{"d":"2026-09-15","t":"0338","frp":4.8,"b":330.2,"c":0,"s":"N20","n":0}},{"type":"Feature","geometry":{"type":"Point","coordinates":[150.9435,-9.9532]},"properties":{"d":"2026-09-15","t":"0338","frp":13.6,"b":341.0,"c":1,"s":"N20","n":0}},{"type":"Feature","geometry":{"type":"Point","coordinates":[147.6843,-9.8673]},"properties":{"d":"2026-09-15","t":"0338","frp":3.0,"b":334.1,"c":1,"s":"N20","n":0}},{"type":"Feature","geometry":{"type":"Point","coordinates":[150.8361,-9.8101]},"properties":{"d":"2026-09-15","t":"0338","frp":13.0,"b":331.4,"c":1,"s":"N20","n":0}},{"type":"Feature","geometry":{"type":"Point","coordinates":[150.8356,-9.8067]},"properties":{"d":"2026-09-15","t":"0338","frp":13.0,"b":333.5,"c":1,"s":"N20","n":0}},{"type":"Feature","geometry":{"type":"Point","coordinates":[147.7457,-9.8063]},"properties":{"d":"2026-09-15","t":"0338","frp":13.2,"b":340.6,"c":1,"s":"N20","n":0}},{"type":"Feature","geometry":{"type":"Point","coordinates":[149.5851,-9.7989]},"properties":{"d":"2026-09-15","t":"0338","frp":14.4,"b":332.3,"c":1,"s":"N20","n":0}},{"type":"Feature","geometry":{"type":"Point","coordinates":[149.5811,-9.7961]},"properties":{"d":"2026-09-15","t":"0338","frp":14.4,"b":336.0,"c":1,"s":"N20","n":0}},{"type":"Feature","geometry":{"type":"Point","coordinates":[148.5685,-9.796]},"properties":{"d":"2026-09-15","t":"0338","frp":4.3,"b":341.4,"c":1,"s":"N20","n":0}},{"type":"Feature","geometry":{"type":"Point","coordinates":[149.5846,-9.7956]},"properties":{"d":"2026-09-15","t":"0338","frp":14.4,"b":347.3,"c":1,"s":"N20","n":0}},{"type":"Feature","geometry":{"type":"Point","coordinates":[150.7766,-9.7789]},"properties":{"d":"2026-09-15","t":"0338","frp":4.4,"b":331.1,"c":1,"s":"N20","n":0}},{"type":"Feature","geometry":{"type":"Point","coordinates":[147.7017,-9.7458]},"properties":{"d":"2026-09-15","t":"0338","frp":4.1,"b":345.2,"c":1,"s":"N20","n":0}},{"type":"Feature","geometry":{"type":"Point","coordinates":[149.7325,-9.7389]},"properties":{"d":"2026-09-15","t":"0338","frp":2.8,"b":328.1,"c":1,"s":"N20","n":0}},{"type":"Feature","geometry":{"type":"Point","coordinates":[148.5581,-9.7289]},"properties":{"d":"2026-09-15","t":"0338","frp":2.9,"b":330.8,"c":1,"s":"N20","n":0}},{"type":"Feature","geometry":{"type":"Point","coordinates":[147.7107,-9.7269]},"properties":{"d":"2026-09-15","t":"0338","frp":3.7,"b":332.3,"c":1,"s":"N20","n":0}},{"type":"Feature","geometry":{"type":"Point","coordinates":[148.6127,-9.7036]},"properties":{"d":"2026-09-15","t":"0338","frp":2.1,"b":331.9,"c":1,"s":"N20","n":0}},{"type":"Feature","geometry":{"type":"Point","coordinates":[148.6164,-9.7031]},"properties":{"d":"2026-09-15","t":"0338","frp":2.1,"b":334.9,"c":1,"s":"N20","n":0}},{"type":"Feature","geometry":{"type":"Point","coordinates":[147.8619,-9.6983]},"properties":{"d":"2026-09-15","t":"0338","frp":4.7,"b":338.5,"c":1,"s":"N20","n":0}},{"type":"Feature","geometry":{"type":"Point","coordinates":[147.8655,-9.6977]},"properties":{"d":"2026-09-15","t":"0338","frp":4.7,"b":339.1,"c":1,"s":"N20","n":0}},{"type":"Feature","geometry":{"type":"Point","coordinates":[149.7736,-9.6819]},"properties":{"d":"2026-09-15","t":"0338","frp":2.3,"b":333.9,"c":1,"s":"N20","n":0}},{"type":"Feature","geometry":{"type":"Point","coordinates":[150.8608,-9.6744]},"properties":{"d":"2026-09-15","t":"0338","frp":6.4,"b":335.9,"c":1,"s":"N20","n":0}},{"type":"Feature","geometry":{"type":"Point","coordinates":[150.7877,-9.672]},"properties":{"d":"2026-09-15","t":"0338","frp":2.8,"b":332.2,"c":1,"s":"N20","n":0}},{"type":"Feature","geometry":{"type":"Point","coordinates":[150.8633,-9.6671]},"properties":{"d":"2026-09-15","t":"0338","frp":3.5,"b":329.9,"c":1,"s":"N20","n":0}},{"type":"Feature","geometry":{"type":"Point","coordinates":[148.3863,-9.663]},"properties":{"d":"2026-09-15","t":"0338","frp":3.7,"b":330.3,"c":1,"s":"N20","n":0}},{"type":"Feature","geometry":{"type":"Point","coordinates":[147.4757,-9.6506]},"properties":{"d":"2026-09-15","t":"0338","frp":3.1,"b":330.1,"c":0,"s":"N20","n":0}},{"type":"Feature","geometry":{"type":"Point","coordinates":[148.3321,-9.6503]},"properties":{"d":"2026-09-15","t":"0338","frp":5.7,"b":334.0,"c":1,"s":"N20","n":0}},{"type":"Feature","geometry":{"type":"Point","coordinates":[147.4174,-9.6343]},"properties":{"d":"2026-09-15","t":"0338","frp":4.5,"b":337.6,"c":1,"s":"N20","n":0}},{"type":"Feature","geometry":{"type":"Point","coordinates":[148.62,-9.6317]},"properties":{"d":"2026-09-15","t":"0338","frp":4.8,"b":338.3,"c":1,"s":"N20","n":0}},{"type":"Feature","geometry":{"type":"Point","coordinates":[148.6236,-9.6312]},"properties":{"d":"2026-09-15","t":"0338","frp":2.9,"b":332.1,"c":1,"s":"N20","n":0}},{"type":"Feature","geometry":{"type":"Point","coordinates":[147.4163,-9.6273]},"properties":{"d":"2026-09-15","t":"0338","frp":2.6,"b":334.5,"c":1,"s":"N20","n":0}},{"type":"Feature","geometry":{"type":"Point","coordinates":[148.6267,-9.6273]},"properties":{"d":"2026-09-15","t":"0338","frp":2.9,"b":331.7,"c":1,"s":"N20","n":0}},{"type":"Feature","geometry":{"type":"Point","coordinates":[148.6261,-9.6239]},"properties":{"d":"2026-09-15","t":"0338","frp":2.9,"b":339.9,"c":1,"s":"N20","n":0}},{"type":"Feature","geometry":{"type":"Point","coordinates":[148.6297,-9.6234]},"properties":{"d":"2026-09-15","t":"0338","frp":3.0,"b":333.7,"c":1,"s":"N20","n":0}},{"type":"Feature","geometry":{"type":"Point","coordinates":[147.4197,-9.6233]},"properties":{"d":"2026-09-15","t":"0338","frp":3.0,"b":331.4,"c":0,"s":"N20","n":0}},{"type":"Feature","geometry":{"type":"Point","coordinates":[148.767,-9.6132]},"properties":{"d":"2026-09-15","t":"0338","frp":6.6,"b":332.5,"c":1,"s":"N20","n":0}},{"type":"Feature","geometry":{"type":"Point","coordinates":[148.6478,-9.5774]},"properties":{"d":"2026-09-15","t":"0338","frp":7.2,"b":332.3,"c":1,"s":"N20","n":0}},{"type":"Feature","geometry":{"type":"Point","coordinates":[148.4159,-9.5502]},"properties":{"d":"2026-09-15","t":"0338","frp":9.1,"b":350.1,"c":1,"s":"N20","n":0}},{"type":"Feature","geometry":{"type":"Point","coordinates":[148.5732,-9.544]},"properties":{"d":"2026-09-15","t":"0338","frp":2.6,"b":339.5,"c":1,"s":"N20","n":0}},{"type":"Feature","geometry":{"type":"Point","coordinates":[150.658,-9.5186]},"properties":{"d":"2026-09-15","t":"0338","frp":4.4,"b":331.9,"c":1,"s":"N20","n":0}},{"type":"Feature","geometry":{"type":"Point","coordinates":[150.6101,-9.5124]},"properties":{"d":"2026-09-15","t":"0338","frp":9.3,"b":348.9,"c":1,"s":"N20","n":0}},{"type":"Feature","geometry":{"type":"Point","coordinates":[147.3199,-9.4582]},"properties":{"d":"2026-09-15","t":"0338","frp":2.8,"b":335.7,"c":1,"s":"N20","n":0}},{"type":"Feature","geometry":{"type":"Point","coordinates":[148.5039,-9.4286]},"properties":{"d":"2026-09-15","t":"0338","frp":11.6,"b":344.3,"c":1,"s":"N20","n":0}},{"type":"Feature","geometry":{"type":"Point","coordinates":[148.7776,-9.4049]},"properties":{"d":"2026-09-15","t":"0338","frp":5.4,"b":336.6,"c":1,"s":"N20","n":0}},{"type":"Feature","geometry":{"type":"Point","coordinates":[148.7293,-9.3984]},"properties":{"d":"2026-09-15","t":"0338","frp":2.2,"b":329.7,"c":1,"s":"N20","n":0}},{"type":"Feature","geometry":{"type":"Point","coordinates":[148.7364,-9.3974]},"properties":{"d":"2026-09-15","t":"0338","frp":7.5,"b":333.2,"c":1,"s":"N20","n":0}},{"type":"Feature","geometry":{"type":"Point","coordinates":[147.1763,-9.3519]},"properties":{"d":"2026-09-15","t":"0338","frp":3.2,"b":334.8,"c":1,"s":"N20","n":0}},{"type":"Feature","geometry":{"type":"Point","coordinates":[148.7355,-9.3471]},"properties":{"d":"2026-09-15","t":"0338","frp":5.1,"b":344.1,"c":1,"s":"N20","n":0}},{"type":"Feature","geometry":{"type":"Point","coordinates":[148.735,-9.3438]},"properties":{"d":"2026-09-15","t":"0338","frp":6.4,"b":347.3,"c":1,"s":"N20","n":0}},{"type":"Feature","geometry":{"type":"Point","coordinates":[147.3109,-9.3356]},"properties":{"d":"2026-09-15","t":"0338","frp":3.6,"b":332.7,"c":1,"s":"N20","n":0}},{"type":"Feature","geometry":{"type":"Point","coordinates":[147.3149,-9.3351]},"properties":{"d":"2026-09-15","t":"0338","frp":3.6,"b":333.4,"c":1,"s":"N20","n":0}},{"type":"Feature","geometry":{"type":"Point","coordinates":[147.3188,-9.3345]},"properties":{"d":"2026-09-15","t":"0338","frp":3.6,"b":330.9,"c":1,"s":"N20","n":0}},{"type":"Feature","geometry":{"type":"Point","coordinates":[147.3183,-9.331]},"properties":{"d":"2026-09-15","t":"0338","frp":4.5,"b":336.0,"c":1,"s":"N20","n":0}},{"type":"Feature","geometry":{"type":"Point","coordinates":[148.8222,-9.3204]},"properties":{"d":"2026-09-15","t":"0338","frp":5.0,"b":336.2,"c":1,"s":"N20","n":0}},{"type":"Feature","geometry":{"type":"Point","coordinates":[147.0696,-9.2883]},"properties":{"d":"2026-09-15","t":"0338","frp":6.1,"b":341.0,"c":1,"s":"N20","n":0}},{"type":"Feature","geometry":{"type":"Point","coordinates":[147.0761,-9.2726]},"properties":{"d":"2026-09-15","t":"0338","frp":3.1,"b":333.9,"c":1,"s":"N20","n":0}},{"type":"Feature","geometry":{"type":"Point","coordinates":[147.0801,-9.272]},"properties":{"d":"2026-09-15","t":"0338","frp":3.8,"b":334.6,"c":1,"s":"N20","n":0}},{"type":"Feature","geometry":{"type":"Point","coordinates":[148.8409,-9.2529]},"properties":{"d":"2026-09-15","t":"0338","frp":2.6,"b":329.2,"c":1,"s":"N20","n":0}},{"type":"Feature","geometry":{"type":"Point","coordinates":[148.8515,-9.2513]},"properties":{"d":"2026-09-15","t":"0338","frp":8.0,"b":348.2,"c":1,"s":"N20","n":0}},{"type":"Feature","geometry":{"type":"Point","coordinates":[147.185,-9.2421]},"properties":{"d":"2026-09-15","t":"0338","frp":2.7,"b":333.4,"c":1,"s":"N20","n":0}},{"type":"Feature","geometry":{"type":"Point","coordinates":[147.043,-9.2414]},"properties":{"d":"2026-09-15","t":"0338","frp":5.5,"b":342.6,"c":1,"s":"N20","n":0}},{"type":"Feature","geometry":{"type":"Point","coordinates":[148.6307,-9.2338]},"properties":{"d":"2026-09-15","t":"0338","frp":5.4,"b":343.8,"c":1,"s":"N20","n":0}},{"type":"Feature","geometry":{"type":"Point","coordinates":[147.0997,-9.2116]},"properties":{"d":"2026-09-15","t":"0338","frp":3.6,"b":333.9,"c":1,"s":"N20","n":0}},{"type":"Feature","geometry":{"type":"Point","coordinates":[148.6374,-9.2054]},"properties":{"d":"2026-09-15","t":"0338","frp":3.2,"b":333.2,"c":1,"s":"N20","n":0}},{"type":"Feature","geometry":{"type":"Point","coordinates":[148.641,-9.2049]},"properties":{"d":"2026-09-15","t":"0338","frp":3.2,"b":334.2,"c":1,"s":"N20","n":0}},{"type":"Feature","geometry":{"type":"Point","coordinates":[147.203,-9.2001]},"properties":{"d":"2026-09-15","t":"0338","frp":4.3,"b":335.0,"c":0,"s":"N20","n":0}},{"type":"Feature","geometry":{"type":"Point","coordinates":[147.0227,-9.1867]},"properties":{"d":"2026-09-15","t":"0338","frp":6.9,"b":337.2,"c":0,"s":"N20","n":0}},{"type":"Feature","geometry":{"type":"Point","coordinates":[147.0307,-9.1855]},"properties":{"d":"2026-09-15","t":"0338","frp":10.1,"b":347.2,"c":1,"s":"N20","n":0}},{"type":"Feature","geometry":{"type":"Point","coordinates":[147.0222,-9.1831]},"properties":{"d":"2026-09-15","t":"0338","frp":6.9,"b":347.3,"c":1,"s":"N20","n":0}},{"type":"Feature","geometry":{"type":"Point","coordinates":[147.0262,-9.1826]},"properties":{"d":"2026-09-15","t":"0338","frp":10.1,"b":335.6,"c":0,"s":"N20","n":0}},{"type":"Feature","geometry":{"type":"Point","coordinates":[147.0301,-9.182]},"properties":{"d":"2026-09-15","t":"0338","frp":10.1,"b":346.9,"c":1,"s":"N20","n":0}},{"type":"Feature","geometry":{"type":"Point","coordinates":[147.0296,-9.1785]},"properties":{"d":"2026-09-15","t":"0338","frp":9.3,"b":343.8,"c":1,"s":"N20","n":0}},{"type":"Feature","geometry":{"type":"Point","coordinates":[147.0294,-9.1784]},"properties":{"d":"2026-09-15","t":"0338","frp":6.9,"b":342.0,"c":1,"s":"N20","n":0}},{"type":"Feature","geometry":{"type":"Point","coordinates":[147.0336,-9.1779]},"properties":{"d":"2026-09-15","t":"0338","frp":7.2,"b":336.8,"c":1,"s":"N20","n":0}},{"type":"Feature","geometry":{"type":"Point","coordinates":[147.0334,-9.1778]},"properties":{"d":"2026-09-15","t":"0338","frp":6.8,"b":333.7,"c":1,"s":"N20","n":0}},{"type":"Feature","geometry":{"type":"Point","coordinates":[147.0376,-9.1773]},"properties":{"d":"2026-09-15","t":"0338","frp":7.2,"b":347.8,"c":1,"s":"N20","n":0}},{"type":"Feature","geometry":{"type":"Point","coordinates":[147.0374,-9.1772]},"properties":{"d":"2026-09-15","t":"0338","frp":6.8,"b":347.5,"c":1,"s":"N20","n":0}},{"type":"Feature","geometry":{"type":"Point","coordinates":[147.0193,-9.1655]},"properties":{"d":"2026-09-15","t":"0338","frp":5.8,"b":342.0,"c":1,"s":"N20","n":0}},{"type":"Feature","geometry":{"type":"Point","coordinates":[148.9138,-9.164]},"properties":{"d":"2026-09-15","t":"0338","frp":2.8,"b":330.1,"c":1,"s":"N20","n":0}},{"type":"Feature","geometry":{"type":"Point","coordinates":[148.671,-9.1628]},"properties":{"d":"2026-09-15","t":"0338","frp":5.2,"b":333.4,"c":1,"s":"N20","n":0}},{"type":"Feature","geometry":{"type":"Point","coordinates":[147.1291,-9.1385]},"properties":{"d":"2026-09-15","t":"0338","frp":3.3,"b":332.7,"c":1,"s":"N20","n":0}},{"type":"Feature","geometry":{"type":"Point","coordinates":[148.9636,-9.1361]},"properties":{"d":"2026-09-15","t":"0338","frp":10.3,"b":338.1,"c":1,"s":"N20","n":0}},{"type":"Feature","geometry":{"type":"Point","coordinates":[142.0851,-9.1332]},"properties":{"d":"2026-09-15","t":"0338","frp":7.4,"b":342.9,"c":1,"s":"N20","n":0}},{"type":"Feature","geometry":{"type":"Point","coordinates":[142.0845,-9.1284]},"properties":{"d":"2026-09-15","t":"0338","frp":7.4,"b":337.6,"c":1,"s":"N20","n":0}},{"type":"Feature","geometry":{"type":"Point","coordinates":[141.2724,-9.1216]},"properties":{"d":"2026-09-15","t":"0338","frp":5.0,"b":333.9,"c":1,"s":"N20","n":0}},{"type":"Feature","geometry":{"type":"Point","coordinates":[148.9721,-9.1212]},"properties":{"d":"2026-09-15","t":"0338","frp":2.8,"b":339.8,"c":1,"s":"N20","n":0}},{"type":"Feature","geometry":{"type":"Point","coordinates":[141.2754,-9.1212]},"properties":{"d":"2026-09-15","t":"0338","frp":8.6,"b":348.1,"c":1,"s":"N20","n":0}},{"type":"Feature","geometry":{"type":"Point","coordinates":[147.1788,-9.1205]},"properties":{"d":"2026-09-15","t":"0338","frp":6.8,"b":343.1,"c":1,"s":"N20","n":0}},{"type":"Feature","geometry":{"type":"Point","coordinates":[142.0764,-9.12]},"properties":{"d":"2026-09-15","t":"0338","frp":9.1,"b":337.0,"c":1,"s":"N20","n":0}},{"type":"Feature","geometry":{"type":"Point","coordinates":[141.2904,-9.1193]},"properties":{"d":"2026-09-15","t":"0338","frp":10.0,"b":335.1,"c":1,"s":"N20","n":0}},{"type":"Feature","geometry":{"type":"Point","coordinates":[141.2646,-9.1192]},"properties":{"d":"2026-09-15","t":"0338","frp":4.0,"b":345.8,"c":1,"s":"N20","n":0}},{"type":"Feature","geometry":{"type":"Point","coordinates":[141.2676,-9.1188]},"properties":{"d":"2026-09-15","t":"0338","frp":3.2,"b":334.4,"c":1,"s":"N20","n":0}},{"type":"Feature","geometry":{"type":"Point","coordinates":[141.2706,-9.1183]},"properties":{"d":"2026-09-15","t":"0338","frp":3.2,"b":340.0,"c":1,"s":"N20","n":0}},{"type":"Feature","geometry":{"type":"Point","coordinates":[141.2736,-9.1179]},"properties":{"d":"2026-09-15","t":"0338","frp":11.1,"b":356.1,"c":0,"s":"N20","n":0}},{"type":"Feature","geometry":{"type":"Point","coordinates":[141.2765,-9.1175]},"properties":{"d":"2026-09-15","t":"0338","frp":11.1,"b":356.2,"c":0,"s":"N20","n":0}},{"type":"Feature","geometry":{"type":"Point","coordinates":[141.2657,-9.1173]},"properties":{"d":"2026-09-15","t":"0338","frp":7.5,"b":348.4,"c":1,"s":"N20","n":0}},{"type":"Feature","geometry":{"type":"Point","coordinates":[141.2795,-9.1171]},"properties":{"d":"2026-09-15","t":"0338","frp":9.7,"b":337.8,"c":1,"s":"N20","n":0}},{"type":"Feature","geometry":{"type":"Point","coordinates":[141.2687,-9.1169]},"properties":{"d":"2026-09-15","t":"0338","frp":5.0,"b":331.2,"c":1,"s":"N20","n":0}},{"type":"Feature","geometry":{"type":"Point","coordinates":[141.2825,-9.1167]},"properties":{"d":"2026-09-15","t":"0338","frp":9.7,"b":341.9,"c":1,"s":"N20","n":0}},{"type":"Feature","geometry":{"type":"Point","coordinates":[141.2717,-9.1165]},"properties":{"d":"2026-09-15","t":"0338","frp":5.0,"b":345.9,"c":1,"s":"N20","n":0}},{"type":"Feature","geometry":{"type":"Point","coordinates":[141.2855,-9.1163]},"properties":{"d":"2026-09-15","t":"0338","frp":8.7,"b":336.6,"c":1,"s":"N20","n":0}},{"type":"Feature","geometry":{"type":"Point","coordinates":[141.2747,-9.1161]},"properties":{"d":"2026-09-15","t":"0338","frp":8.6,"b":352.9,"c":1,"s":"N20","n":0}},{"type":"Feature","geometry":{"type":"Point","coordinates":[141.2885,-9.1159]},"properties":{"d":"2026-09-15","t":"0338","frp":8.7,"b":349.4,"c":1,"s":"N20","n":0}},{"type":"Feature","geometry":{"type":"Point","coordinates":[141.2777,-9.1157]},"properties":{"d":"2026-09-15","t":"0338","frp":8.6,"b":356.6,"c":0,"s":"N20","n":0}},{"type":"Feature","geometry":{"type":"Point","coordinates":[141.2915,-9.1155]},"properties":{"d":"2026-09-15","t":"0338","frp":8.1,"b":356.1,"c":0,"s":"N20","n":0}},{"type":"Feature","geometry":{"type":"Point","coordinates":[141.2807,-9.1153]},"properties":{"d":"2026-09-15","t":"0338","frp":7.2,"b":338.1,"c":1,"s":"N20","n":0}},{"type":"Feature","geometry":{"type":"Point","coordinates":[141.2945,-9.1151]},"properties":{"d":"2026-09-15","t":"0338","frp":8.1,"b":335.7,"c":1,"s":"N20","n":0}},{"type":"Feature","geometry":{"type":"Point","coordinates":[141.2837,-9.115]},"properties":{"d":"2026-09-15","t":"0338","frp":7.2,"b":345.9,"c":1,"s":"N20","n":0}},{"type":"Feature","geometry":{"type":"Point","coordinates":[141.2867,-9.1146]},"properties":{"d":"2026-09-15","t":"0338","frp":10.0,"b":346.8,"c":1,"s":"N20","n":0}},{"type":"Feature","geometry":{"type":"Point","coordinates":[141.2897,-9.1142]},"properties":{"d":"2026-09-15","t":"0338","frp":10.0,"b":353.2,"c":1,"s":"N20","n":0}},{"type":"Feature","geometry":{"type":"Point","coordinates":[141.2927,-9.1138]},"properties":{"d":"2026-09-15","t":"0338","frp":24.6,"b":356.6,"c":0,"s":"N20","n":0}},{"type":"Feature","geometry":{"type":"Point","coordinates":[141.2669,-9.1137]},"properties":{"d":"2026-09-15","t":"0338","frp":3.2,"b":331.2,"c":1,"s":"N20","n":0}},{"type":"Feature","geometry":{"type":"Point","coordinates":[141.2699,-9.1133]},"properties":{"d":"2026-09-15","t":"0338","frp":3.2,"b":335.0,"c":1,"s":"N20","n":0}},{"type":"Feature","geometry":{"type":"Point","coordinates":[141.2729,-9.1129]},"properties":{"d":"2026-09-15","t":"0338","frp":11.1,"b":356.0,"c":1,"s":"N20","n":0}},{"type":"Feature","geometry":{"type":"Point","coordinates":[141.2759,-9.1125]},"properties":{"d":"2026-09-15","t":"0338","frp":11.1,"b":353.5,"c":1,"s":"N20","n":0}},{"type":"Feature","geometry":{"type":"Point","coordinates":[141.2788,-9.112]},"properties":{"d":"2026-09-15","t":"0338","frp":9.7,"b":356.1,"c":0,"s":"N20","n":0}},{"type":"Feature","geometry":{"type":"Point","coordinates":[141.268,-9.1118]},"properties":{"d":"2026-09-15","t":"0338","frp":11.0,"b":332.4,"c":1,"s":"N20","n":0}},{"type":"Feature","geometry":{"type":"Point","coordinates":[141.2818,-9.1116]},"properties":{"d":"2026-09-15","t":"0338","frp":9.7,"b":356.1,"c":0,"s":"N20","n":0}},{"type":"Feature","geometry":{"type":"Point","coordinates":[148.5862,-9.1115]},"properties":{"d":"2026-09-15","t":"0338","frp":9.0,"b":341.3,"c":1,"s":"N20","n":0}},{"type":"Feature","geometry":{"type":"Point","coordinates":[141.271,-9.1114]},"properties":{"d":"2026-09-15","t":"0338","frp":11.0,"b":346.8,"c":1,"s":"N20","n":0}},{"type":"Feature","geometry":{"type":"Point","coordinates":[141.2848,-9.1112]},"properties":{"d":"2026-09-15","t":"0338","frp":8.7,"b":356.1,"c":0,"s":"N20","n":0}},{"type":"Feature","geometry":{"type":"Point","coordinates":[141.274,-9.111]},"properties":{"d":"2026-09-15","t":"0338","frp":20.3,"b":356.9,"c":0,"s":"N20","n":0}},{"type":"Feature","geometry":{"type":"Point","coordinates":[141.2878,-9.1108]},"properties":{"d":"2026-09-15","t":"0338","frp":8.7,"b":356.1,"c":0,"s":"N20","n":0}},{"type":"Feature","geometry":{"type":"Point","coordinates":[141.2771,-9.1106]},"properties":{"d":"2026-09-15","t":"0338","frp":20.3,"b":351.8,"c":1,"s":"N20","n":0}},{"type":"Feature","geometry":{"type":"Point","coordinates":[141.2908,-9.1104]},"properties":{"d":"2026-09-15","t":"0338","frp":8.1,"b":340.4,"c":1,"s":"N20","n":0}},{"type":"Feature","geometry":{"type":"Point","coordinates":[141.28,-9.1103]},"properties":{"d":"2026-09-15","t":"0338","frp":12.6,"b":356.9,"c":0,"s":"N20","n":0}},{"type":"Feature","geometry":{"type":"Point","coordinates":[141.2831,-9.1099]},"properties":{"d":"2026-09-15","t":"0338","frp":12.6,"b":356.9,"c":0,"s":"N20","n":0}},{"type":"Feature","geometry":{"type":"Point","coordinates":[141.286,-9.1095]},"properties":{"d":"2026-09-15","t":"0338","frp":10.8,"b":356.9,"c":0,"s":"N20","n":0}},{"type":"Feature","geometry":{"type":"Point","coordinates":[141.289,-9.1091]},"properties":{"d":"2026-09-15","t":"0338","frp":10.8,"b":346.4,"c":1,"s":"N20","n":0}},{"type":"Feature","geometry":{"type":"Point","coordinates":[141.2662,-9.1086]},"properties":{"d":"2026-09-15","t":"0338","frp":37.8,"b":337.4,"c":1,"s":"N20","n":0}},{"type":"Feature","geometry":{"type":"Point","coordinates":[141.2692,-9.1082]},"properties":{"d":"2026-09-15","t":"0338","frp":37.8,"b":356.3,"c":0,"s":"N20","n":0}},{"type":"Feature","geometry":{"type":"Point","coordinates":[148.5857,-9.1082]},"properties":{"d":"2026-09-15","t":"0338","frp":4.6,"b":343.9,"c":1,"s":"N20","n":0}},{"type":"Feature","geometry":{"type":"Point","coordinates":[141.2722,-9.1078]},"properties":{"d":"2026-09-15","t":"0338","frp":33.3,"b":355.1,"c":1,"s":"N20","n":0}},{"type":"Feature","geometry":{"type":"Point","coordinates":[141.2613,-9.1075]},"properties":{"d":"2026-09-15","t":"0338","frp":5.8,"b":328.9,"c":1,"s":"N20","n":0}},{"type":"Feature","geometry":{"type":"Point","coordinates":[148.9736,-9.1074]},"properties":{"d":"2026-09-15","t":"0338","frp":5.5,"b":335.5,"c":1,"s":"N20","n":0}},{"type":"Feature","geometry":{"type":"Point","coordinates":[141.2752,-9.1074]},"properties":{"d":"2026-09-15","t":"0338","frp":33.3,"b":353.8,"c":1,"s":"N20","n":0}},{"type":"Feature","geometry":{"type":"Point","coordinates":[141.2644,-9.1071]},"properties":{"d":"2026-09-15","t":"0338","frp":5.8,"b":332.0,"c":1,"s":"N20","n":0}},{"type":"Feature","geometry":{"type":"Point","coordinates":[141.2782,-9.107]},"properties":{"d":"2026-09-15","t":"0338","frp":11.0,"b":356.2,"c":0,"s":"N20","n":0}},{"type":"Feature","geometry":{"type":"Point","coordinates":[141.2674,-9.1067]},"properties":{"d":"2026-09-15","t":"0338","frp":11.0,"b":356.1,"c":1,"s":"N20","n":0}},{"type":"Feature","geometry":{"type":"Point","coordinates":[141.2812,-9.1066]},"properties":{"d":"2026-09-15","t":"0338","frp":11.0,"b":356.3,"c":0,"s":"N20","n":0}},{"type":"Feature","geometry":{"type":"Point","coordinates":[141.2704,-9.1063]},"properties":{"d":"2026-09-15","t":"0338","frp":11.0,"b":353.0,"c":1,"s":"N20","n":0}},{"type":"Feature","geometry":{"type":"Point","coordinates":[141.2842,-9.1062]},"properties":{"d":"2026-09-15","t":"0338","frp":6.1,"b":349.8,"c":1,"s":"N20","n":0}},{"type":"Feature","geometry":{"type":"Point","coordinates":[141.2734,-9.1059]},"properties":{"d":"2026-09-15","t":"0338","frp":20.3,"b":355.1,"c":1,"s":"N20","n":0}},{"type":"Feature","geometry":{"type":"Point","coordinates":[141.2764,-9.1056]},"properties":{"d":"2026-09-15","t":"0338","frp":20.3,"b":356.6,"c":0,"s":"N20","n":0}},{"type":"Feature","geometry":{"type":"Point","coordinates":[141.2794,-9.1052]},"properties":{"d":"2026-09-15","t":"0338","frp":12.6,"b":356.2,"c":1,"s":"N20","n":0}},{"type":"Feature","geometry":{"type":"Point","coordinates":[141.2536,-9.1051]},"properties":{"d":"2026-09-15","t":"0338","frp":6.7,"b":356.2,"c":0,"s":"N20","n":0}},{"type":"Feature","geometry":{"type":"Point","coordinates":[141.2824,-9.1048]},"properties":{"d":"2026-09-15","t":"0338","frp":12.6,"b":343.4,"c":1,"s":"N20","n":0}},{"type":"Feature","geometry":{"type":"Point","coordinates":[141.2566,-9.1047]},"properties":{"d":"2026-09-15","t":"0338","frp":6.7,"b":347.7,"c":1,"s":"N20","n":0}},{"type":"Feature","geometry":{"type":"Point","coordinates":[148.9726,-9.1045]},"properties":{"d":"2026-09-15","t":"0338","frp":8.2,"b":333.7,"c":1,"s":"N20","n":0}},{"type":"Feature","geometry":{"type":"Point","coordinates":[141.2595,-9.1043]},"properties":{"d":"2026-09-15","t":"0338","frp":7.3,"b":334.8,"c":1,"s":"N20","n":0}},{"type":"Feature","geometry":{"type":"Point","coordinates":[141.2626,-9.1039]},"properties":{"d":"2026-09-15","t":"0338","frp":7.3,"b":337.2,"c":1,"s":"N20","n":0}},{"type":"Feature","geometry":{"type":"Point","coordinates":[141.2655,-9.1035]},"properties":{"d":"2026-09-15","t":"0338","frp":37.8,"b":352.0,"c":1,"s":"N20","n":0}},{"type":"Feature","geometry":{"type":"Point","coordinates":[147.1762,-9.1029]},"properties":{"d":"2026-09-15","t":"0338","frp":4.7,"b":332.1,"c":0,"s":"N20","n":0}},{"type":"Feature","geometry":{"type":"Point","coordinates":[141.2715,-9.1027]},"properties":{"d":"2026-09-15","t":"0338","frp":33.3,"b":346.8,"c":1,"s":"N20","n":0}},{"type":"Feature","geometry":{"type":"Point","coordinates":[141.2746,-9.1023]},"properties":{"d":"2026-09-15","t":"0338","frp":33.3,"b":356.2,"c":0,"s":"N20","n":0}},{"type":"Feature","geometry":{"type":"Point","coordinates":[141.2775,-9.1019]},"properties":{"d":"2026-09-15","t":"0338","frp":11.0,"b":335.4,"c":1,"s":"N20","n":0}},{"type":"Feature","geometry":{"type":"Point","coordinates":[141.2469,-9.1008]},"properties":{"d":"2026-09-15","t":"0338","frp":25.3,"b":334.9,"c":1,"s":"N20","n":0}},{"type":"Feature","geometry":{"type":"Point","coordinates":[141.2499,-9.1004]},"properties":{"d":"2026-09-15","t":"0338","frp":25.3,"b":346.6,"c":1,"s":"N20","n":0}},{"type":"Feature","geometry":{"type":"Point","coordinates":[141.2529,-9.1]},"properties":{"d":"2026-09-15","t":"0338","frp":20.9,"b":367.0,"c":2,"s":"N20","n":0}},{"type":"Feature","geometry":{"type":"Point","coordinates":[141.2559,-9.0996]},"properties":{"d":"2026-09-15","t":"0338","frp":20.9,"b":336.8,"c":1,"s":"N20","n":0}},{"type":"Feature","geometry":{"type":"Point","coordinates":[148.9826,-9.0996]},"properties":{"d":"2026-09-15","t":"0338","frp":3.2,"b":335.0,"c":1,"s":"N20","n":0}},{"type":"Feature","geometry":{"type":"Point","coordinates":[141.2589,-9.0992]},"properties":{"d":"2026-09-15","t":"0338","frp":18.4,"b":350.1,"c":1,"s":"N20","n":0}},{"type":"Feature","geometry":{"type":"Point","coordinates":[141.2619,-9.0988]},"properties":{"d":"2026-09-15","t":"0338","frp":18.4,"b":356.4,"c":0,"s":"N20","n":0}},{"type":"Feature","geometry":{"type":"Point","coordinates":[141.2649,-9.0984]},"properties":{"d":"2026-09-15","t":"0338","frp":109.8,"b":207.9,"c":0,"s":"N20","n":0}},{"type":"Feature","geometry":{"type":"Point","coordinates":[141.2709,-9.0976]},"properties":{"d":"2026-09-15","t":"0338","frp":22.2,"b":356.3,"c":0,"s":"N20","n":0}},{"type":"Feature","geometry":{"type":"Point","coordinates":[141.2739,-9.0972]},"properties":{"d":"2026-09-15","t":"0338","frp":22.2,"b":329.5,"c":1,"s":"N20","n":0}},{"type":"Feature","geometry":{"type":"Point","coordinates":[141.2402,-9.0966]},"properties":{"d":"2026-09-15","t":"0338","frp":15.6,"b":338.6,"c":1,"s":"N20","n":0}},{"type":"Feature","geometry":{"type":"Point","coordinates":[141.2432,-9.0962]},"properties":{"d":"2026-09-15","t":"0338","frp":15.6,"b":353.9,"c":1,"s":"N20","n":0}},{"type":"Feature","geometry":{"type":"Point","coordinates":[141.2462,-9.0958]},"properties":{"d":"2026-09-15","t":"0338","frp":25.3,"b":345.5,"c":1,"s":"N20","n":0}},{"type":"Feature","geometry":{"type":"Point","coordinates":[141.2492,-9.0953]},"properties":{"d":"2026-09-15","t":"0338","frp":25.3,"b":355.4,"c":1,"s":"N20","n":0}},{"type":"Feature","geometry":{"type":"Point","coordinates":[142.1546,-9.0949]},"properties":{"d":"2026-09-15","t":"0338","frp":6.7,"b":328.5,"c":1,"s":"N20","n":0}},{"type":"Feature","geometry":{"type":"Point","coordinates":[141.2642,-9.0933]},"properties":{"d":"2026-09-15","t":"0338","frp":109.8,"b":335.0,"c":1,"s":"N20","n":0}},{"type":"Feature","geometry":{"type":"Point","coordinates":[141.2425,-9.0911]},"properties":{"d":"2026-09-15","t":"0338","frp":6.9,"b":355.8,"c":1,"s":"N20","n":0}},{"type":"Feature","geometry":{"type":"Point","coordinates":[141.2456,-9.0907]},"properties":{"d":"2026-09-15","t":"0338","frp":5.7,"b":352.3,"c":1,"s":"N20","n":0}},{"type":"Feature","geometry":{"type":"Point","coordinates":[140.9481,-9.0881]},"properties":{"d":"2026-09-15","t":"0338","frp":4.6,"b":348.4,"c":1,"s":"N20","n":0}},{"type":"Feature","geometry":{"type":"Point","coordinates":[140.9607,-9.0865]},"properties":{"d":"2026-09-15","t":"0338","frp":3.8,"b":341.4,"c":1,"s":"N20","n":0}},{"type":"Feature","geometry":{"type":"Point","coordinates":[142.319,-9.0864]},"properties":{"d":"2026-09-15","t":"0338","frp":8.1,"b":334.7,"c":1,"s":"N20","n":0}},{"type":"Feature","geometry":{"type":"Point","coordinates":[140.9639,-9.0861]},"properties":{"d":"2026-09-15","t":"0338","frp":4.6,"b":334.3,"c":1,"s":"N20","n":0}},{"type":"Feature","geometry":{"type":"Point","coordinates":[141.2419,-9.086]},"properties":{"d":"2026-09-15","t":"0338","frp":6.9,"b":335.1,"c":1,"s":"N20","n":0}},{"type":"Feature","geometry":{"type":"Point","coordinates":[141.2449,-9.0856]},"properties":{"d":"2026-09-15","t":"0338","frp":5.7,"b":335.6,"c":1,"s":"N20","n":0}},{"type":"Feature","geometry":{"type":"Point","coordinates":[142.3152,-9.0837]},"properties":{"d":"2026-09-15","t":"0338","frp":7.9,"b":338.4,"c":1,"s":"N20","n":0}},{"type":"Feature","geometry":{"type":"Point","coordinates":[142.3083,-9.0831]},"properties":{"d":"2026-09-15","t":"0338","frp":8.1,"b":326.7,"c":1,"s":"N20","n":0}},{"type":"Feature","geometry":{"type":"Point","coordinates":[142.3133,-9.0824]},"properties":{"d":"2026-09-15","t":"0338","frp":11.4,"b":336.1,"c":1,"s":"N20","n":0}},{"type":"Feature","geometry":{"type":"Point","coordinates":[141.2352,-9.0817]},"properties":{"d":"2026-09-15","t":"0338","frp":5.7,"b":345.9,"c":1,"s":"N20","n":0}},{"type":"Feature","geometry":{"type":"Point","coordinates":[141.2382,-9.0813]},"properties":{"d":"2026-09-15","t":"0338","frp":6.3,"b":341.1,"c":1,"s":"N20","n":0}},{"type":"Feature","geometry":{"type":"Point","coordinates":[140.96,-9.0813]},"properties":{"d":"2026-09-15","t":"0338","frp":3.8,"b":329.7,"c":1,"s":"N20","n":0}},{"type":"Feature","geometry":{"type":"Point","coordinates":[142.3095,-9.0796]},"properties":{"d":"2026-09-15","t":"0338","frp":7.9,"b":328.4,"c":1,"s":"N20","n":0}},{"type":"Feature","geometry":{"type":"Point","coordinates":[141.2405,-9.0758]},"properties":{"d":"2026-09-15","t":"0338","frp":6.3,"b":334.6,"c":1,"s":"N20","n":0}},{"type":"Feature","geometry":{"type":"Point","coordinates":[141.2435,-9.0754]},"properties":{"d":"2026-09-15","t":"0338","frp":7.7,"b":367.0,"c":2,"s":"N20","n":0}},{"type":"Feature","geometry":{"type":"Point","coordinates":[141.2465,-9.075]},"properties":{"d":"2026-09-15","t":"0338","frp":7.7,"b":341.0,"c":1,"s":"N20","n":0}},{"type":"Feature","geometry":{"type":"Point","coordinates":[142.3089,-9.0749]},"properties":{"d":"2026-09-15","t":"0338","frp":12.0,"b":342.7,"c":1,"s":"N20","n":0}},{"type":"Feature","geometry":{"type":"Point","coordinates":[142.307,-9.0736]},"properties":{"d":"2026-09-15","t":"0338","frp":7.9,"b":339.8,"c":1,"s":"N20","n":0}},{"type":"Feature","geometry":{"type":"Point","coordinates":[142.3114,-9.0682]},"properties":{"d":"2026-09-15","t":"0338","frp":4.5,"b":330.9,"c":1,"s":"N20","n":0}},{"type":"Feature","geometry":{"type":"Point","coordinates":[147.17,-9.0609]},"properties":{"d":"2026-09-15","t":"0338","frp":7.4,"b":332.4,"c":0,"s":"N20","n":0}},{"type":"Feature","geometry":{"type":"Point","coordinates":[146.9589,-9.0262]},"properties":{"d":"2026-09-15","t":"0338","frp":5.1,"b":338.1,"c":1,"s":"N20","n":0}},{"type":"Feature","geometry":{"type":"Point","coordinates":[146.7598,-9.0223]},"properties":{"d":"2026-09-15","t":"0338","frp":7.8,"b":332.1,"c":0,"s":"N20","n":0}},{"type":"Feature","geometry":{"type":"Point","coordinates":[140.9612,-9.0215]},"properties":{"d":"2026-09-15","t":"0338","frp":6.9,"b":345.8,"c":1,"s":"N20","n":0}},{"type":"Feature","geometry":{"type":"Point","coordinates":[147.5156,-40.9902]},"properties":{"d":"2026-09-15","t":"0508","frp":2.9,"b":327.9,"c":1,"s":"N20","n":0}},{"type":"Feature","geometry":{"type":"Point","coordinates":[137.0299,-35.8615]},"properties":{"d":"2026-09-15","t":"0510","frp":5.8,"b":333.6,"c":1,"s":"N20","n":0}},{"type":"Feature","geometry":{"type":"Point","coordinates":[137.0324,-35.8594]},"properties":{"d":"2026-09-15","t":"0510","frp":6.7,"b":336.4,"c":1,"s":"N20","n":0}},{"type":"Feature","geometry":{"type":"Point","coordinates":[142.0238,-34.1704]},"properties":{"d":"2026-09-15","t":"0512","frp":1.7,"b":326.2,"c":1,"s":"N20","n":0}},{"type":"Feature","geometry":{"type":"Point","coordinates":[141.9151,-32.8939]},"properties":{"d":"2026-09-15","t":"0512","frp":3.4,"b":343.0,"c":1,"s":"N20","n":0}},{"type":"Feature","geometry":{"type":"Point","coordinates":[146.4343,-32.8093]},"properties":{"d":"2026-09-15","t":"0512","frp":20.0,"b":356.5,"c":0,"s":"N20","n":0}},{"type":"Feature","geometry":{"type":"Point","coordinates":[146.4365,-32.8088]},"properties":{"d":"2026-09-15","t":"0512","frp":11.7,"b":356.7,"c":0,"s":"N20","n":0}},{"type":"Feature","geometry":{"type":"Point","coordinates":[146.4413,-32.8073]},"properties":{"d":"2026-09-15","t":"0512","frp":14.9,"b":347.6,"c":1,"s":"N20","n":0}},{"type":"Feature","geometry":{"type":"Point","coordinates":[146.4434,-32.8067]},"properties":{"d":"2026-09-15","t":"0512","frp":11.7,"b":331.5,"c":1,"s":"N20","n":0}},{"type":"Feature","geometry":{"type":"Point","coordinates":[146.9684,-32.576]},"properties":{"d":"2026-09-15","t":"0512","frp":9.6,"b":349.7,"c":1,"s":"N20","n":0}},{"type":"Feature","geometry":{"type":"Point","coordinates":[146.9665,-32.5734]},"properties":{"d":"2026-09-15","t":"0512","frp":8.3,"b":343.8,"c":1,"s":"N20","n":0}},{"type":"Feature","geometry":{"type":"Point","coordinates":[147.0025,-32.3314]},"properties":{"d":"2026-09-15","t":"0512","frp":4.7,"b":327.5,"c":1,"s":"N20","n":0}},{"type":"Feature","geometry":{"type":"Point","coordinates":[147.0059,-32.3266]},"properties":{"d":"2026-09-15","t":"0512","frp":7.9,"b":334.4,"c":1,"s":"N20","n":0}},{"type":"Feature","geometry":{"type":"Point","coordinates":[146.7417,-32.2491]},"properties":{"d":"2026-09-15","t":"0512","frp":14.1,"b":367.0,"c":2,"s":"N20","n":0}},{"type":"Feature","geometry":{"type":"Point","coordinates":[145.5385,-32.0624]},"properties":{"d":"2026-09-15","t":"0512","frp":8.1,"b":342.1,"c":1,"s":"N20","n":0}},{"type":"Feature","geometry":{"type":"Point","coordinates":[145.536,-32.0559]},"properties":{"d":"2026-09-15","t":"0512","frp":9.1,"b":349.3,"c":1,"s":"N20","n":0}},{"type":"Feature","geometry":{"type":"Point","coordinates":[147.0283,-31.6054]},"properties":{"d":"2026-09-15","t":"0512","frp":13.6,"b":349.5,"c":1,"s":"N20","n":0}},{"type":"Feature","geometry":{"type":"Point","coordinates":[147.0172,-31.6009]},"properties":{"d":"2026-09-15","t":"0512","frp":8.9,"b":326.2,"c":1,"s":"N20","n":0}},{"type":"Feature","geometry":{"type":"Point","coordinates":[147.0254,-31.5984]},"properties":{"d":"2026-09-15","t":"0512","frp":19.5,"b":347.2,"c":1,"s":"N20","n":0}},{"type":"Feature","geometry":{"type":"Point","coordinates":[146.6604,-31.2254]},"properties":{"d":"2026-09-15","t":"0512","frp":19.8,"b":367.0,"c":2,"s":"N20","n":0}},{"type":"Feature","geometry":{"type":"Point","coordinates":[146.6582,-31.2237]},"properties":{"d":"2026-09-15","t":"0512","frp":18.9,"b":367.0,"c":2,"s":"N20","n":0}},{"type":"Feature","geometry":{"type":"Point","coordinates":[136.8607,-30.4447]},"properties":{"d":"2026-09-15","t":"0512","frp":4.4,"b":336.6,"c":1,"s":"N20","n":0}},{"type":"Feature","geometry":{"type":"Point","coordinates":[116.8704,-31.6202]},"properties":{"d":"2026-09-15","t":"0514","frp":2.8,"b":329.0,"c":1,"s":"N20","n":0}},{"type":"Feature","geometry":{"type":"Point","coordinates":[116.8706,-31.6191]},"properties":{"d":"2026-09-15","t":"0514","frp":2.1,"b":327.4,"c":1,"s":"N20","n":0}},{"type":"Feature","geometry":{"type":"Point","coordinates":[115.5973,-31.4178]},"properties":{"d":"2026-09-15","t":"0514","frp":3.2,"b":330.1,"c":1,"s":"N20","n":0}},{"type":"Feature","geometry":{"type":"Point","coordinates":[115.5964,-31.3979]},"properties":{"d":"2026-09-15","t":"0514","frp":19.4,"b":367.0,"c":2,"s":"N20","n":0}},{"type":"Feature","geometry":{"type":"Point","coordinates":[115.9709,-31.2318]},"properties":{"d":"2026-09-15","t":"0514","frp":9.9,"b":354.6,"c":1,"s":"N20","n":0}},{"type":"Feature","geometry":{"type":"Point","coordinates":[115.9715,-31.2315]},"properties":{"d":"2026-09-15","t":"0514","frp":11.7,"b":367.0,"c":2,"s":"N20","n":0}},{"type":"Feature","geometry":{"type":"Point","coordinates":[115.7563,-30.7415]},"properties":{"d":"2026-09-15","t":"0514","frp":3.5,"b":329.4,"c":1,"s":"N20","n":0}},{"type":"Feature","geometry":{"type":"Point","coordinates":[115.7625,-30.7411]},"properties":{"d":"2026-09-15","t":"0514","frp":3.5,"b":327.7,"c":1,"s":"N20","n":0}},{"type":"Feature","geometry":{"type":"Point","coordinates":[115.7571,-30.7404]},"properties":{"d":"2026-09-15","t":"0514","frp":6.9,"b":328.1,"c":1,"s":"N20","n":0}},{"type":"Feature","geometry":{"type":"Point","coordinates":[115.7634,-30.7401]},"properties":{"d":"2026-09-15","t":"0514","frp":4.3,"b":325.8,"c":1,"s":"N20","n":0}},{"type":"Feature","geometry":{"type":"Point","coordinates":[115.7373,-30.7359]},"properties":{"d":"2026-09-15","t":"0514","frp":6.2,"b":329.8,"c":1,"s":"N20","n":0}},{"type":"Feature","geometry":{"type":"Point","coordinates":[115.7379,-30.7347]},"properties":{"d":"2026-09-15","t":"0514","frp":4.7,"b":326.2,"c":1,"s":"N20","n":0}},{"type":"Feature","geometry":{"type":"Point","coordinates":[132.6846,-24.0028]},"properties":{"d":"2026-09-15","t":"0514","frp":2.6,"b":333.7,"c":1,"s":"N20","n":0}},{"type":"Feature","geometry":{"type":"Point","coordinates":[131.1202,-22.8527]},"properties":{"d":"2026-09-15","t":"0514","frp":6.0,"b":351.5,"c":1,"s":"N20","n":0}},{"type":"Feature","geometry":{"type":"Point","coordinates":[131.1248,-22.8519]},"properties":{"d":"2026-09-15","t":"0514","frp":6.0,"b":348.2,"c":1,"s":"N20","n":0}},{"type":"Feature","geometry":{"type":"Point","coordinates":[130.9523,-22.6837]},"properties":{"d":"2026-09-15","t":"0514","frp":2.5,"b":337.8,"c":1,"s":"N20","n":0}},{"type":"Feature","geometry":{"type":"Point","coordinates":[130.9567,-22.6829]},"properties":{"d":"2026-09-15","t":"0514","frp":4.2,"b":345.8,"c":1,"s":"N20","n":0}},{"type":"Feature","geometry":{"type":"Point","coordinates":[130.9535,-22.6823]},"properties":{"d":"2026-09-15","t":"0514","frp":4.3,"b":342.4,"c":1,"s":"N20","n":0}},{"type":"Feature","geometry":{"type":"Point","coordinates":[130.9612,-22.6821]},"properties":{"d":"2026-09-15","t":"0514","frp":4.2,"b":342.6,"c":1,"s":"N20","n":0}},{"type":"Feature","geometry":{"type":"Point","coordinates":[130.958,-22.6815]},"properties":{"d":"2026-09-15","t":"0514","frp":6.7,"b":345.4,"c":1,"s":"N20","n":0}},{"type":"Feature","geometry":{"type":"Point","coordinates":[130.9605,-22.6785]},"properties":{"d":"2026-09-15","t":"0514","frp":8.4,"b":355.9,"c":1,"s":"N20","n":0}},{"type":"Feature","geometry":{"type":"Point","coordinates":[130.9573,-22.6779]},"properties":{"d":"2026-09-15","t":"0514","frp":6.7,"b":344.4,"c":1,"s":"N20","n":0}},{"type":"Feature","geometry":{"type":"Point","coordinates":[130.9617,-22.6771]},"properties":{"d":"2026-09-15","t":"0514","frp":6.7,"b":347.4,"c":1,"s":"N20","n":0}},{"type":"Feature","geometry":{"type":"Point","coordinates":[130.9598,-22.6749]},"properties":{"d":"2026-09-15","t":"0514","frp":8.4,"b":341.4,"c":1,"s":"N20","n":0}},{"type":"Feature","geometry":{"type":"Point","coordinates":[130.9551,-22.6671]},"properties":{"d":"2026-09-15","t":"0514","frp":9.1,"b":351.6,"c":1,"s":"N20","n":0}},{"type":"Feature","geometry":{"type":"Point","coordinates":[136.443,-22.3215]},"properties":{"d":"2026-09-15","t":"0514","frp":1.8,"b":337.5,"c":0,"s":"N20","n":0}},{"type":"Feature","geometry":{"type":"Point","coordinates":[139.4808,-20.7374]},"properties":{"d":"2026-09-15","t":"0514","frp":8.2,"b":341.6,"c":1,"s":"N20","n":0}},{"type":"Feature","geometry":{"type":"Point","coordinates":[124.2469,-22.2569]},"properties":{"d":"2026-09-15","t":"0516","frp":6.7,"b":348.4,"c":1,"s":"N20","n":0}},{"type":"Feature","geometry":{"type":"Point","coordinates":[124.2464,-22.2533]},"properties":{"d":"2026-09-15","t":"0516","frp":6.7,"b":341.8,"c":0,"s":"N20","n":0}},{"type":"Feature","geometry":{"type":"Point","coordinates":[124.2359,-22.2437]},"properties":{"d":"2026-09-15","t":"0516","frp":7.5,"b":346.8,"c":0,"s":"N20","n":0}},{"type":"Feature","geometry":{"type":"Point","coordinates":[124.2246,-22.1885]},"properties":{"d":"2026-09-15","t":"0516","frp":6.2,"b":342.2,"c":0,"s":"N20","n":0}},{"type":"Feature","geometry":{"type":"Point","coordinates":[124.2241,-22.1849]},"properties":{"d":"2026-09-15","t":"0516","frp":6.2,"b":350.3,"c":1,"s":"N20","n":0}},{"type":"Feature","geometry":{"type":"Point","coordinates":[124.2417,-22.1826]},"properties":{"d":"2026-09-15","t":"0516","frp":29.8,"b":351.2,"c":1,"s":"N20","n":0}},{"type":"Feature","geometry":{"type":"Point","coordinates":[124.2411,-22.179]},"properties":{"d":"2026-09-15","t":"0516","frp":7.0,"b":351.5,"c":1,"s":"N20","n":0}},{"type":"Feature","geometry":{"type":"Point","coordinates":[124.2361,-22.176]},"properties":{"d":"2026-09-15","t":"0516","frp":11.4,"b":351.5,"c":1,"s":"N20","n":0}},{"type":"Feature","geometry":{"type":"Point","coordinates":[132.3409,-21.8437]},"properties":{"d":"2026-09-15","t":"0516","frp":8.6,"b":342.6,"c":1,"s":"N20","n":0}},{"type":"Feature","geometry":{"type":"Point","coordinates":[132.3607,-21.6463]},"properties":{"d":"2026-09-15","t":"0516","frp":110.8,"b":348.7,"c":0,"s":"N20","n":0}},{"type":"Feature","geometry":{"type":"Point","coordinates":[132.3661,-21.6454]},"properties":{"d":"2026-09-15","t":"0516","frp":10.5,"b":352.1,"c":1,"s":"N20","n":0}},{"type":"Feature","geometry":{"type":"Point","coordinates":[128.5583,-21.5074]},"properties":{"d":"2026-09-15","t":"0516","frp":5.0,"b":349.1,"c":1,"s":"N20","n":0}},{"type":"Feature","geometry":{"type":"Point","coordinates":[128.5577,-21.504]},"properties":{"d":"2026-09-15","t":"0516","frp":5.0,"b":347.9,"c":0,"s":"N20","n":0}},{"type":"Feature","geometry":{"type":"Point","coordinates":[128.5532,-21.5013]},"properties":{"d":"2026-09-15","t":"0516","frp":6.9,"b":343.8,"c":0,"s":"N20","n":0}},{"type":"Feature","geometry":{"type":"Point","coordinates":[128.5571,-21.5007]},"properties":{"d":"2026-09-15","t":"0516","frp":14.8,"b":355.9,"c":1,"s":"N20","n":0}},{"type":"Feature","geometry":{"type":"Point","coordinates":[128.5603,-21.4967]},"properties":{"d":"2026-09-15","t":"0516","frp":14.8,"b":355.4,"c":1,"s":"N20","n":0}},{"type":"Feature","geometry":{"type":"Point","coordinates":[128.5597,-21.4933]},"properties":{"d":"2026-09-15","t":"0516","frp":5.3,"b":342.1,"c":0,"s":"N20","n":0}},{"type":"Feature","geometry":{"type":"Point","coordinates":[128.5225,-21.4614]},"properties":{"d":"2026-09-15","t":"0516","frp":8.8,"b":345.8,"c":0,"s":"N20","n":0}},{"type":"Feature","geometry":{"type":"Point","coordinates":[128.5171,-21.4536]},"properties":{"d":"2026-09-15","t":"0516","frp":7.4,"b":350.5,"c":1,"s":"N20","n":0}},{"type":"Feature","geometry":{"type":"Point","coordinates":[128.512,-21.4475]},"properties":{"d":"2026-09-15","t":"0516","frp":9.8,"b":348.1,"c":0,"s":"N20","n":0}},{"type":"Feature","geometry":{"type":"Point","coordinates":[128.5032,-21.4421]},"properties":{"d":"2026-09-15","t":"0516","frp":4.0,"b":346.7,"c":0,"s":"N20","n":0}},{"type":"Feature","geometry":{"type":"Point","coordinates":[132.661,-21.4196]},"properties":{"d":"2026-09-15","t":"0516","frp":44.4,"b":367.0,"c":2,"s":"N20","n":0}},{"type":"Feature","geometry":{"type":"Point","coordinates":[132.6647,-21.4188]},"properties":{"d":"2026-09-15","t":"0516","frp":8.2,"b":354.0,"c":1,"s":"N20","n":0}},{"type":"Feature","geometry":{"type":"Point","coordinates":[132.6684,-21.4181]},"properties":{"d":"2026-09-15","t":"0516","frp":8.2,"b":367.0,"c":2,"s":"N20","n":0}},{"type":"Feature","geometry":{"type":"Point","coordinates":[132.6722,-21.4174]},"properties":{"d":"2026-09-15","t":"0516","frp":8.8,"b":367.0,"c":2,"s":"N20","n":0}},{"type":"Feature","geometry":{"type":"Point","coordinates":[132.676,-21.4167]},"properties":{"d":"2026-09-15","t":"0516","frp":8.8,"b":350.9,"c":1,"s":"N20","n":0}},{"type":"Feature","geometry":{"type":"Point","coordinates":[132.6797,-21.416]},"properties":{"d":"2026-09-15","t":"0516","frp":5.2,"b":353.9,"c":1,"s":"N20","n":0}},{"type":"Feature","geometry":{"type":"Point","coordinates":[132.6834,-21.4153]},"properties":{"d":"2026-09-15","t":"0516","frp":5.2,"b":346.4,"c":1,"s":"N20","n":0}},{"type":"Feature","geometry":{"type":"Point","coordinates":[132.6872,-21.4146]},"properties":{"d":"2026-09-15","t":"0516","frp":6.7,"b":346.9,"c":1,"s":"N20","n":0}},{"type":"Feature","geometry":{"type":"Point","coordinates":[132.6947,-21.4132]},"properties":{"d":"2026-09-15","t":"0516","frp":4.6,"b":343.3,"c":1,"s":"N20","n":0}},{"type":"Feature","geometry":{"type":"Point","coordinates":[132.6985,-21.4125]},"properties":{"d":"2026-09-15","t":"0516","frp":4.6,"b":353.2,"c":1,"s":"N20","n":0}},{"type":"Feature","geometry":{"type":"Point","coordinates":[132.7023,-21.4118]},"properties":{"d":"2026-09-15","t":"0516","frp":4.3,"b":339.9,"c":0,"s":"N20","n":0}},{"type":"Feature","geometry":{"type":"Point","coordinates":[132.7098,-21.4103]},"properties":{"d":"2026-09-15","t":"0516","frp":4.7,"b":349.0,"c":1,"s":"N20","n":0}},{"type":"Feature","geometry":{"type":"Point","coordinates":[132.5983,-21.3981]},"properties":{"d":"2026-09-15","t":"0516","frp":4.5,"b":336.8,"c":1,"s":"N20","n":0}},{"type":"Feature","geometry":{"type":"Point","coordinates":[132.602,-21.3974]},"properties":{"d":"2026-09-15","t":"0516","frp":4.5,"b":355.8,"c":1,"s":"N20","n":0}},{"type":"Feature","geometry":{"type":"Point","coordinates":[132.6057,-21.3967]},"properties":{"d":"2026-09-15","t":"0516","frp":3.2,"b":340.1,"c":1,"s":"N20","n":0}},{"type":"Feature","geometry":{"type":"Point","coordinates":[132.6012,-21.3966]},"properties":{"d":"2026-09-15","t":"0516","frp":10.7,"b":355.6,"c":1,"s":"N20","n":0}},{"type":"Feature","geometry":{"type":"Point","coordinates":[132.605,-21.3959]},"properties":{"d":"2026-09-15","t":"0516","frp":4.5,"b":343.0,"c":1,"s":"N20","n":0}},{"type":"Feature","geometry":{"type":"Point","coordinates":[132.6393,-21.3903]},"properties":{"d":"2026-09-15","t":"0516","frp":4.7,"b":345.2,"c":1,"s":"N20","n":0}},{"type":"Feature","geometry":{"type":"Point","coordinates":[132.6386,-21.3897]},"properties":{"d":"2026-09-15","t":"0516","frp":11.2,"b":354.0,"c":1,"s":"N20","n":0}},{"type":"Feature","geometry":{"type":"Point","coordinates":[132.6431,-21.3896]},"properties":{"d":"2026-09-15","t":"0516","frp":3.4,"b":347.0,"c":1,"s":"N20","n":0}},{"type":"Feature","geometry":{"type":"Point","coordinates":[132.6424,-21.389]},"properties":{"d":"2026-09-15","t":"0516","frp":8.4,"b":346.9,"c":1,"s":"N20","n":0}},{"type":"Feature","geometry":{"type":"Point","coordinates":[132.6468,-21.3889]},"properties":{"d":"2026-09-15","t":"0516","frp":3.4,"b":338.9,"c":0,"s":"N20","n":0}},{"type":"Feature","geometry":{"type":"Point","coordinates":[132.6266,-21.3878]},"properties":{"d":"2026-09-15","t":"0516","frp":17.0,"b":351.8,"c":1,"s":"N20","n":0}},{"type":"Feature","geometry":{"type":"Point","coordinates":[132.607,-21.3872]},"properties":{"d":"2026-09-15","t":"0516","frp":6.8,"b":350.1,"c":1,"s":"N20","n":0}},{"type":"Feature","geometry":{"type":"Point","coordinates":[132.6303,-21.3871]},"properties":{"d":"2026-09-15","t":"0516","frp":17.0,"b":355.2,"c":1,"s":"N20","n":0}},{"type":"Feature","geometry":{"type":"Point","coordinates":[132.6107,-21.3865]},"properties":{"d":"2026-09-15","t":"0516","frp":5.7,"b":346.4,"c":1,"s":"N20","n":0}},{"type":"Feature","geometry":{"type":"Point","coordinates":[132.634,-21.3864]},"properties":{"d":"2026-09-15","t":"0516","frp":9.6,"b":354.9,"c":1,"s":"N20","n":0}},{"type":"Feature","geometry":{"type":"Point","coordinates":[132.6145,-21.3858]},"properties":{"d":"2026-09-15","t":"0516","frp":5.7,"b":367.0,"c":2,"s":"N20","n":0}},{"type":"Feature","geometry":{"type":"Point","coordinates":[132.6378,-21.3857]},"properties":{"d":"2026-09-15","t":"0516","frp":9.6,"b":344.7,"c":1,"s":"N20","n":0}},{"type":"Feature","geometry":{"type":"Point","coordinates":[132.622,-21.3845]},"properties":{"d":"2026-09-15","t":"0516","frp":9.1,"b":352.1,"c":1,"s":"N20","n":0}},{"type":"Feature","geometry":{"type":"Point","coordinates":[132.6062,-21.3832]},"properties":{"d":"2026-09-15","t":"0516","frp":52.9,"b":367.0,"c":0,"s":"N20","n":0}},{"type":"Feature","geometry":{"type":"Point","coordinates":[132.6099,-21.3825]},"properties":{"d":"2026-09-15","t":"0516","frp":39.1,"b":351.9,"c":1,"s":"N20","n":0}},{"type":"Feature","geometry":{"type":"Point","coordinates":[132.6407,-21.381]},"properties":{"d":"2026-09-15","t":"0516","frp":2.6,"b":341.6,"c":1,"s":"N20","n":0}},{"type":"Feature","geometry":{"type":"Point","coordinates":[132.6399,-21.377]},"properties":{"d":"2026-09-15","t":"0516","frp":6.7,"b":367.0,"c":2,"s":"N20","n":0}},{"type":"Feature","geometry":{"type":"Point","coordinates":[132.6353,-21.3737]},"properties":{"d":"2026-09-15","t":"0516","frp":3.3,"b":340.8,"c":1,"s":"N20","n":0}},{"type":"Feature","geometry":{"type":"Point","coordinates":[139.4761,-20.7399]},"properties":{"d":"2026-09-15","t":"0516","frp":4.3,"b":337.5,"c":1,"s":"N20","n":0}},{"type":"Feature","geometry":{"type":"Point","coordinates":[139.4815,-20.7386]},"properties":{"d":"2026-09-15","t":"0516","frp":4.3,"b":334.9,"c":1,"s":"N20","n":0}},{"type":"Feature","geometry":{"type":"Point","coordinates":[123.785,-20.529]},"properties":{"d":"2026-09-15","t":"0516","frp":9.7,"b":342.4,"c":0,"s":"N20","n":0}},{"type":"Feature","geometry":{"type":"Point","coordinates":[123.7845,-20.5254]},"properties":{"d":"2026-09-15","t":"0516","frp":9.9,"b":348.4,"c":1,"s":"N20","n":0}},{"type":"Feature","geometry":{"type":"Point","coordinates":[123.7815,-20.5244]},"properties":{"d":"2026-09-15","t":"0516","frp":18.0,"b":348.4,"c":1,"s":"N20","n":0}},{"type":"Feature","geometry":{"type":"Point","coordinates":[123.781,-20.5208]},"properties":{"d":"2026-09-15","t":"0516","frp":9.5,"b":348.6,"c":1,"s":"N20","n":0}},{"type":"Feature","geometry":{"type":"Point","coordinates":[123.7804,-20.5172]},"properties":{"d":"2026-09-15","t":"0516","frp":9.5,"b":346.9,"c":0,"s":"N20","n":0}},{"type":"Feature","geometry":{"type":"Point","coordinates":[123.7798,-20.5136]},"properties":{"d":"2026-09-15","t":"0516","frp":13.1,"b":345.1,"c":0,"s":"N20","n":0}},{"type":"Feature","geometry":{"type":"Point","coordinates":[123.7749,-20.5106]},"properties":{"d":"2026-09-15","t":"0516","frp":13.1,"b":347.4,"c":0,"s":"N20","n":0}},{"type":"Feature","geometry":{"type":"Point","coordinates":[129.7059,-20.3101]},"properties":{"d":"2026-09-15","t":"0516","frp":25.8,"b":355.1,"c":1,"s":"N20","n":0}},{"type":"Feature","geometry":{"type":"Point","coordinates":[129.7011,-20.3073]},"properties":{"d":"2026-09-15","t":"0516","frp":13.6,"b":344.0,"c":0,"s":"N20","n":0}},{"type":"Feature","geometry":{"type":"Point","coordinates":[129.7308,-20.3058]},"properties":{"d":"2026-09-15","t":"0516","frp":6.9,"b":349.2,"c":1,"s":"N20","n":0}},{"type":"Feature","geometry":{"type":"Point","coordinates":[129.6707,-20.3052]},"properties":{"d":"2026-09-15","t":"0516","frp":28.4,"b":352.0,"c":1,"s":"N20","n":0}},{"type":"Feature","geometry":{"type":"Point","coordinates":[129.6748,-20.3045]},"properties":{"d":"2026-09-15","t":"0516","frp":28.4,"b":367.0,"c":0,"s":"N20","n":0}},{"type":"Feature","geometry":{"type":"Point","coordinates":[129.679,-20.3038]},"properties":{"d":"2026-09-15","t":"0516","frp":10.4,"b":354.8,"c":1,"s":"N20","n":0}},{"type":"Feature","geometry":{"type":"Point","coordinates":[129.7004,-20.3038]},"properties":{"d":"2026-09-15","t":"0516","frp":6.3,"b":343.1,"c":0,"s":"N20","n":0}},{"type":"Feature","geometry":{"type":"Point","coordinates":[129.6831,-20.3031]},"properties":{"d":"2026-09-15","t":"0516","frp":10.4,"b":345.7,"c":1,"s":"N20","n":0}},{"type":"Feature","geometry":{"type":"Point","coordinates":[129.7045,-20.3031]},"properties":{"d":"2026-09-15","t":"0516","frp":5.6,"b":339.6,"c":0,"s":"N20","n":0}},{"type":"Feature","geometry":{"type":"Point","coordinates":[129.6873,-20.3024]},"properties":{"d":"2026-09-15","t":"0516","frp":2.5,"b":339.1,"c":0,"s":"N20","n":0}},{"type":"Feature","geometry":{"type":"Point","coordinates":[129.7087,-20.3024]},"properties":{"d":"2026-09-15","t":"0516","frp":5.6,"b":356.4,"c":1,"s":"N20","n":0}},{"type":"Feature","geometry":{"type":"Point","coordinates":[129.67,-20.3017]},"properties":{"d":"2026-09-15","t":"0516","frp":149.2,"b":367.0,"c":2,"s":"N20","n":0}},{"type":"Feature","geometry":{"type":"Point","coordinates":[129.6914,-20.3017]},"properties":{"d":"2026-09-15","t":"0516","frp":2.5,"b":341.1,"c":0,"s":"N20","n":0}},{"type":"Feature","geometry":{"type":"Point","coordinates":[129.7129,-20.3017]},"properties":{"d":"2026-09-15","t":"0516","frp":4.7,"b":350.3,"c":1,"s":"N20","n":0}},{"type":"Feature","geometry":{"type":"Point","coordinates":[129.6997,-20.3003]},"properties":{"d":"2026-09-15","t":"0516","frp":6.3,"b":354.7,"c":1,"s":"N20","n":0}},{"type":"Feature","geometry":{"type":"Point","coordinates":[129.7039,-20.2996]},"properties":{"d":"2026-09-15","t":"0516","frp":5.6,"b":342.5,"c":0,"s":"N20","n":0}},{"type":"Feature","geometry":{"type":"Point","coordinates":[129.7683,-20.2995]},"properties":{"d":"2026-09-15","t":"0516","frp":8.3,"b":350.4,"c":1,"s":"N20","n":0}},{"type":"Feature","geometry":{"type":"Point","coordinates":[129.7122,-20.2982]},"properties":{"d":"2026-09-15","t":"0516","frp":4.7,"b":339.3,"c":0,"s":"N20","n":0}},{"type":"Feature","geometry":{"type":"Point","coordinates":[129.7767,-20.298]},"properties":{"d":"2026-09-15","t":"0516","frp":61.5,"b":354.9,"c":1,"s":"N20","n":0}},{"type":"Feature","geometry":{"type":"Point","coordinates":[129.7809,-20.2973]},"properties":{"d":"2026-09-15","t":"0516","frp":9.2,"b":353.0,"c":1,"s":"N20","n":0}},{"type":"Feature","geometry":{"type":"Point","coordinates":[129.6776,-20.2968]},"properties":{"d":"2026-09-15","t":"0516","frp":9.5,"b":339.2,"c":0,"s":"N20","n":0}},{"type":"Feature","geometry":{"type":"Point","coordinates":[129.7851,-20.2966]},"properties":{"d":"2026-09-15","t":"0516","frp":9.2,"b":341.8,"c":1,"s":"N20","n":0}},{"type":"Feature","geometry":{"type":"Point","coordinates":[129.6859,-20.2954]},"properties":{"d":"2026-09-15","t":"0516","frp":6.5,"b":350.8,"c":1,"s":"N20","n":0}},{"type":"Feature","geometry":{"type":"Point","coordinates":[129.6901,-20.2947]},"properties":{"d":"2026-09-15","t":"0516","frp":6.5,"b":346.0,"c":1,"s":"N20","n":0}},{"type":"Feature","geometry":{"type":"Point","coordinates":[129.6942,-20.294]},"properties":{"d":"2026-09-15","t":"0516","frp":7.3,"b":339.9,"c":0,"s":"N20","n":0}},{"type":"Feature","geometry":{"type":"Point","coordinates":[129.7886,-20.2924]},"properties":{"d":"2026-09-15","t":"0516","frp":5.3,"b":367.0,"c":2,"s":"N20","n":0}},{"type":"Feature","geometry":{"type":"Point","coordinates":[129.7927,-20.2917]},"properties":{"d":"2026-09-15","t":"0516","frp":5.3,"b":349.1,"c":1,"s":"N20","n":0}},{"type":"Feature","geometry":{"type":"Point","coordinates":[129.7622,-20.2896]},"properties":{"d":"2026-09-15","t":"0516","frp":10.5,"b":351.6,"c":1,"s":"N20","n":0}},{"type":"Feature","geometry":{"type":"Point","coordinates":[129.7615,-20.2861]},"properties":{"d":"2026-09-15","t":"0516","frp":6.9,"b":350.0,"c":1,"s":"N20","n":0}},{"type":"Feature","geometry":{"type":"Point","coordinates":[129.7269,-20.2848]},"properties":{"d":"2026-09-15","t":"0516","frp":9.9,"b":350.3,"c":1,"s":"N20","n":0}},{"type":"Feature","geometry":{"type":"Point","coordinates":[129.7608,-20.2826]},"properties":{"d":"2026-09-15","t":"0516","frp":6.9,"b":347.4,"c":0,"s":"N20","n":0}},{"type":"Feature","geometry":{"type":"Point","coordinates":[129.7435,-20.2819]},"properties":{"d":"2026-09-15","t":"0516","frp":11.5,"b":349.8,"c":1,"s":"N20","n":0}},{"type":"Feature","geometry":{"type":"Point","coordinates":[129.7262,-20.2813]},"properties":{"d":"2026-09-15","t":"0516","frp":9.9,"b":349.9,"c":1,"s":"N20","n":0}},{"type":"Feature","geometry":{"type":"Point","coordinates":[129.7476,-20.2812]},"properties":{"d":"2026-09-15","t":"0516","frp":11.5,"b":349.7,"c":1,"s":"N20","n":0}},{"type":"Feature","geometry":{"type":"Point","coordinates":[129.7303,-20.2806]},"properties":{"d":"2026-09-15","t":"0516","frp":9.9,"b":355.5,"c":1,"s":"N20","n":0}},{"type":"Feature","geometry":{"type":"Point","coordinates":[129.7518,-20.2805]},"properties":{"d":"2026-09-15","t":"0516","frp":6.4,"b":354.4,"c":1,"s":"N20","n":0}},{"type":"Feature","geometry":{"type":"Point","coordinates":[129.7345,-20.2799]},"properties":{"d":"2026-09-15","t":"0516","frp":7.4,"b":342.4,"c":0,"s":"N20","n":0}},{"type":"Feature","geometry":{"type":"Point","coordinates":[129.756,-20.2798]},"properties":{"d":"2026-09-15","t":"0516","frp":6.4,"b":348.8,"c":1,"s":"N20","n":0}},{"type":"Feature","geometry":{"type":"Point","coordinates":[129.7387,-20.2792]},"properties":{"d":"2026-09-15","t":"0516","frp":7.4,"b":350.8,"c":1,"s":"N20","n":0}},{"type":"Feature","geometry":{"type":"Point","coordinates":[129.7602,-20.2791]},"properties":{"d":"2026-09-15","t":"0516","frp":8.2,"b":344.9,"c":1,"s":"N20","n":0}},{"type":"Feature","geometry":{"type":"Point","coordinates":[129.7428,-20.2784]},"properties":{"d":"2026-09-15","t":"0516","frp":11.5,"b":348.8,"c":1,"s":"N20","n":0}},{"type":"Feature","geometry":{"type":"Point","coordinates":[129.8116,-20.2775]},"properties":{"d":"2026-09-15","t":"0516","frp":5.8,"b":346.5,"c":1,"s":"N20","n":0}},{"type":"Feature","geometry":{"type":"Point","coordinates":[129.7626,-20.264]},"properties":{"d":"2026-09-15","t":"0516","frp":8.0,"b":348.5,"c":1,"s":"N20","n":0}},{"type":"Feature","geometry":{"type":"Point","coordinates":[129.8009,-20.2612]},"properties":{"d":"2026-09-15","t":"0516","frp":6.1,"b":346.3,"c":0,"s":"N20","n":0}},{"type":"Feature","geometry":{"type":"Point","coordinates":[129.8044,-20.257]},"properties":{"d":"2026-09-15","t":"0516","frp":10.3,"b":344.9,"c":0,"s":"N20","n":0}},{"type":"Feature","geometry":{"type":"Point","coordinates":[129.7439,-20.2562]},"properties":{"d":"2026-09-15","t":"0516","frp":12.3,"b":355.8,"c":1,"s":"N20","n":0}},{"type":"Feature","geometry":{"type":"Point","coordinates":[129.7481,-20.2555]},"properties":{"d":"2026-09-15","t":"0516","frp":11.8,"b":354.5,"c":1,"s":"N20","n":0}},{"type":"Feature","geometry":{"type":"Point","coordinates":[129.7522,-20.2549]},"properties":{"d":"2026-09-15","t":"0516","frp":11.8,"b":355.6,"c":1,"s":"N20","n":0}},{"type":"Feature","geometry":{"type":"Point","coordinates":[129.7996,-20.2542]},"properties":{"d":"2026-09-15","t":"0516","frp":10.3,"b":351.4,"c":1,"s":"N20","n":0}},{"type":"Feature","geometry":{"type":"Point","coordinates":[129.7564,-20.2541]},"properties":{"d":"2026-09-15","t":"0516","frp":7.8,"b":349.8,"c":1,"s":"N20","n":0}},{"type":"Feature","geometry":{"type":"Point","coordinates":[129.8037,-20.2535]},"properties":{"d":"2026-09-15","t":"0516","frp":10.3,"b":347.6,"c":1,"s":"N20","n":0}},{"type":"Feature","geometry":{"type":"Point","coordinates":[129.7605,-20.2535]},"properties":{"d":"2026-09-15","t":"0516","frp":7.8,"b":352.4,"c":1,"s":"N20","n":0}},{"type":"Feature","geometry":{"type":"Point","coordinates":[129.7647,-20.2527]},"properties":{"d":"2026-09-15","t":"0516","frp":13.2,"b":351.5,"c":1,"s":"N20","n":0}},{"type":"Feature","geometry":{"type":"Point","coordinates":[129.7947,-20.2513]},"properties":{"d":"2026-09-15","t":"0516","frp":9.5,"b":341.5,"c":0,"s":"N20","n":0}},{"type":"Feature","geometry":{"type":"Point","coordinates":[129.7731,-20.2513]},"properties":{"d":"2026-09-15","t":"0516","frp":5.2,"b":351.4,"c":1,"s":"N20","n":0}},{"type":"Feature","geometry":{"type":"Point","coordinates":[129.7773,-20.2506]},"properties":{"d":"2026-09-15","t":"0516","frp":5.2,"b":342.4,"c":1,"s":"N20","n":0}},{"type":"Feature","geometry":{"type":"Point","coordinates":[129.7815,-20.2499]},"properties":{"d":"2026-09-15","t":"0516","frp":12.2,"b":348.6,"c":1,"s":"N20","n":0}},{"type":"Feature","geometry":{"type":"Point","coordinates":[129.7856,-20.2492]},"properties":{"d":"2026-09-15","t":"0516","frp":12.2,"b":355.6,"c":1,"s":"N20","n":0}},{"type":"Feature","geometry":{"type":"Point","coordinates":[129.7724,-20.2478]},"properties":{"d":"2026-09-15","t":"0516","frp":10.3,"b":347.5,"c":1,"s":"N20","n":0}},{"type":"Feature","geometry":{"type":"Point","coordinates":[129.7766,-20.2471]},"properties":{"d":"2026-09-15","t":"0516","frp":10.3,"b":354.0,"c":1,"s":"N20","n":0}},{"type":"Feature","geometry":{"type":"Point","coordinates":[129.7808,-20.2464]},"properties":{"d":"2026-09-15","t":"0516","frp":8.0,"b":349.9,"c":1,"s":"N20","n":0}},{"type":"Feature","geometry":{"type":"Point","coordinates":[127.785,-20.2276]},"properties":{"d":"2026-09-15","t":"0516","frp":13.1,"b":347.7,"c":1,"s":"N20","n":0}},{"type":"Feature","geometry":{"type":"Point","coordinates":[127.7897,-20.1455]},"properties":{"d":"2026-09-15","t":"0516","frp":4.9,"b":346.7,"c":0,"s":"N20","n":0}},{"type":"Feature","geometry":{"type":"Point","coordinates":[127.7885,-20.1388]},"properties":{"d":"2026-09-15","t":"0516","frp":7.9,"b":345.3,"c":0,"s":"N20","n":0}},{"type":"Feature","geometry":{"type":"Point","coordinates":[113.2376,-19.9299]},"properties":{"d":"2026-09-15","t":"0516","frp":15.3,"b":367.0,"c":2,"s":"N20","n":0}},{"type":"Feature","geometry":{"type":"Point","coordinates":[113.2396,-19.924]},"properties":{"d":"2026-09-15","t":"0516","frp":18.1,"b":367.0,"c":2,"s":"N20","n":0}},{"type":"Feature","geometry":{"type":"Point","coordinates":[127.5596,-19.6007]},"properties":{"d":"2026-09-15","t":"0516","frp":13.1,"b":343.6,"c":1,"s":"N20","n":0}},{"type":"Feature","geometry":{"type":"Point","coordinates":[127.559,-19.5974]},"properties":{"d":"2026-09-15","t":"0516","frp":13.1,"b":346.3,"c":1,"s":"N20","n":0}},{"type":"Feature","geometry":{"type":"Point","coordinates":[127.5627,-19.5968]},"properties":{"d":"2026-09-15","t":"0516","frp":13.1,"b":367.0,"c":0,"s":"N20","n":0}},{"type":"Feature","geometry":{"type":"Point","coordinates":[127.5664,-19.5963]},"properties":{"d":"2026-09-15","t":"0516","frp":11.4,"b":351.8,"c":1,"s":"N20","n":0}},{"type":"Feature","geometry":{"type":"Point","coordinates":[127.5701,-19.5957]},"properties":{"d":"2026-09-15","t":"0516","frp":11.4,"b":343.7,"c":0,"s":"N20","n":0}},{"type":"Feature","geometry":{"type":"Point","coordinates":[127.5548,-19.5947]},"properties":{"d":"2026-09-15","t":"0516","frp":15.3,"b":344.1,"c":1,"s":"N20","n":0}},{"type":"Feature","geometry":{"type":"Point","coordinates":[127.5585,-19.5941]},"properties":{"d":"2026-09-15","t":"0516","frp":0.0,"b":367.0,"c":0,"s":"N20","n":0}},{"type":"Feature","geometry":{"type":"Point","coordinates":[127.5621,-19.5935]},"properties":{"d":"2026-09-15","t":"0516","frp":0.0,"b":367.0,"c":0,"s":"N20","n":0}},{"type":"Feature","geometry":{"type":"Point","coordinates":[127.5658,-19.5929]},"properties":{"d":"2026-09-15","t":"0516","frp":32.0,"b":351.5,"c":0,"s":"N20","n":0}},{"type":"Feature","geometry":{"type":"Point","coordinates":[127.5695,-19.5924]},"properties":{"d":"2026-09-15","t":"0516","frp":32.0,"b":355.2,"c":0,"s":"N20","n":0}},{"type":"Feature","geometry":{"type":"Point","coordinates":[127.5732,-19.5918]},"properties":{"d":"2026-09-15","t":"0516","frp":18.7,"b":351.9,"c":0,"s":"N20","n":0}},{"type":"Feature","geometry":{"type":"Point","coordinates":[127.5542,-19.5913]},"properties":{"d":"2026-09-15","t":"0516","frp":15.3,"b":351.3,"c":1,"s":"N20","n":0}},{"type":"Feature","geometry":{"type":"Point","coordinates":[127.5769,-19.5912]},"properties":{"d":"2026-09-15","t":"0516","frp":18.7,"b":354.7,"c":0,"s":"N20","n":0}},{"type":"Feature","geometry":{"type":"Point","coordinates":[127.5579,-19.5908]},"properties":{"d":"2026-09-15","t":"0516","frp":0.0,"b":367.0,"c":0,"s":"N20","n":0}},{"type":"Feature","geometry":{"type":"Point","coordinates":[127.5806,-19.5906]},"properties":{"d":"2026-09-15","t":"0516","frp":11.4,"b":355.9,"c":0,"s":"N20","n":0}},{"type":"Feature","geometry":{"type":"Point","coordinates":[127.5616,-19.5902]},"properties":{"d":"2026-09-15","t":"0516","frp":0.0,"b":367.0,"c":2,"s":"N20","n":0}},{"type":"Feature","geometry":{"type":"Point","coordinates":[127.5843,-19.59]},"properties":{"d":"2026-09-15","t":"0516","frp":11.4,"b":356.2,"c":1,"s":"N20","n":0}},{"type":"Feature","geometry":{"type":"Point","coordinates":[127.5653,-19.5896]},"properties":{"d":"2026-09-15","t":"0516","frp":32.0,"b":351.6,"c":0,"s":"N20","n":0}},{"type":"Feature","geometry":{"type":"Point","coordinates":[127.569,-19.589]},"properties":{"d":"2026-09-15","t":"0516","frp":32.0,"b":354.7,"c":0,"s":"N20","n":0}},{"type":"Feature","geometry":{"type":"Point","coordinates":[127.5726,-19.5885]},"properties":{"d":"2026-09-15","t":"0516","frp":18.7,"b":355.9,"c":1,"s":"N20","n":0}},{"type":"Feature","geometry":{"type":"Point","coordinates":[127.5763,-19.5879]},"properties":{"d":"2026-09-15","t":"0516","frp":18.7,"b":354.7,"c":1,"s":"N20","n":0}},{"type":"Feature","geometry":{"type":"Point","coordinates":[127.5573,-19.5874]},"properties":{"d":"2026-09-15","t":"0516","frp":9.6,"b":341.8,"c":1,"s":"N20","n":0}},{"type":"Feature","geometry":{"type":"Point","coordinates":[127.58,-19.5873]},"properties":{"d":"2026-09-15","t":"0516","frp":11.4,"b":355.4,"c":0,"s":"N20","n":0}},{"type":"Feature","geometry":{"type":"Point","coordinates":[127.561,-19.5869]},"properties":{"d":"2026-09-15","t":"0516","frp":9.6,"b":348.1,"c":1,"s":"N20","n":0}},{"type":"Feature","geometry":{"type":"Point","coordinates":[127.5837,-19.5867]},"properties":{"d":"2026-09-15","t":"0516","frp":11.4,"b":353.5,"c":1,"s":"N20","n":0}},{"type":"Feature","geometry":{"type":"Point","coordinates":[127.5647,-19.5863]},"properties":{"d":"2026-09-15","t":"0516","frp":31.3,"b":352.5,"c":0,"s":"N20","n":0}},{"type":"Feature","geometry":{"type":"Point","coordinates":[127.5684,-19.5857]},"properties":{"d":"2026-09-15","t":"0516","frp":31.3,"b":352.6,"c":0,"s":"N20","n":0}},{"type":"Feature","geometry":{"type":"Point","coordinates":[127.5721,-19.5851]},"properties":{"d":"2026-09-15","t":"0516","frp":14.7,"b":367.0,"c":2,"s":"N20","n":0}},{"type":"Feature","geometry":{"type":"Point","coordinates":[127.5948,-19.585]},"properties":{"d":"2026-09-15","t":"0516","frp":6.5,"b":350.0,"c":1,"s":"N20","n":0}},{"type":"Feature","geometry":{"type":"Point","coordinates":[127.5757,-19.5845]},"properties":{"d":"2026-09-15","t":"0516","frp":14.7,"b":356.2,"c":1,"s":"N20","n":0}},{"type":"Feature","geometry":{"type":"Point","coordinates":[127.5794,-19.584]},"properties":{"d":"2026-09-15","t":"0516","frp":25.1,"b":353.4,"c":1,"s":"N20","n":0}},{"type":"Feature","geometry":{"type":"Point","coordinates":[127.5831,-19.5834]},"properties":{"d":"2026-09-15","t":"0516","frp":25.1,"b":356.2,"c":1,"s":"N20","n":0}},{"type":"Feature","geometry":{"type":"Point","coordinates":[127.5868,-19.5828]},"properties":{"d":"2026-09-15","t":"0516","frp":11.1,"b":367.0,"c":2,"s":"N20","n":0}},{"type":"Feature","geometry":{"type":"Point","coordinates":[127.5905,-19.5822]},"properties":{"d":"2026-09-15","t":"0516","frp":11.1,"b":367.0,"c":2,"s":"N20","n":0}},{"type":"Feature","geometry":{"type":"Point","coordinates":[127.5942,-19.5816]},"properties":{"d":"2026-09-15","t":"0516","frp":12.6,"b":348.7,"c":1,"s":"N20","n":0}},{"type":"Feature","geometry":{"type":"Point","coordinates":[127.6016,-19.5805]},"properties":{"d":"2026-09-15","t":"0516","frp":12.2,"b":351.6,"c":0,"s":"N20","n":0}},{"type":"Feature","geometry":{"type":"Point","coordinates":[127.5893,-19.5756]},"properties":{"d":"2026-09-15","t":"0516","frp":17.9,"b":354.3,"c":0,"s":"N20","n":0}},{"type":"Feature","geometry":{"type":"Point","coordinates":[127.593,-19.575]},"properties":{"d":"2026-09-15","t":"0516","frp":18.2,"b":352.4,"c":0,"s":"N20","n":0}},{"type":"Feature","geometry":{"type":"Point","coordinates":[127.5967,-19.5744]},"properties":{"d":"2026-09-15","t":"0516","frp":18.2,"b":367.0,"c":2,"s":"N20","n":0}},{"type":"Feature","geometry":{"type":"Point","coordinates":[127.6004,-19.5738]},"properties":{"d":"2026-09-15","t":"0516","frp":8.1,"b":367.0,"c":2,"s":"N20","n":0}},{"type":"Feature","geometry":{"type":"Point","coordinates":[127.6041,-19.5732]},"properties":{"d":"2026-09-15","t":"0516","frp":8.1,"b":351.5,"c":0,"s":"N20","n":0}},{"type":"Feature","geometry":{"type":"Point","coordinates":[127.5924,-19.5717]},"properties":{"d":"2026-09-15","t":"0516","frp":18.2,"b":349.5,"c":1,"s":"N20","n":0}},{"type":"Feature","geometry":{"type":"Point","coordinates":[127.5961,-19.5711]},"properties":{"d":"2026-09-15","t":"0516","frp":18.2,"b":355.6,"c":1,"s":"N20","n":0}},{"type":"Feature","geometry":{"type":"Point","coordinates":[127.5999,-19.5705]},"properties":{"d":"2026-09-15","t":"0516","frp":8.1,"b":367.0,"c":2,"s":"N20","n":0}},{"type":"Feature","geometry":{"type":"Point","coordinates":[127.6035,-19.5699]},"properties":{"d":"2026-09-15","t":"0516","frp":8.1,"b":351.4,"c":1,"s":"N20","n":0}},{"type":"Feature","geometry":{"type":"Point","coordinates":[127.6072,-19.5693]},"properties":{"d":"2026-09-15","t":"0516","frp":13.0,"b":348.9,"c":0,"s":"N20","n":0}},{"type":"Feature","geometry":{"type":"Point","coordinates":[127.6257,-19.5664]},"properties":{"d":"2026-09-15","t":"0516","frp":9.1,"b":355.7,"c":1,"s":"N20","n":0}},{"type":"Feature","geometry":{"type":"Point","coordinates":[127.6294,-19.5658]},"properties":{"d":"2026-09-15","t":"0516","frp":5.4,"b":349.4,"c":1,"s":"N20","n":0}},{"type":"Feature","geometry":{"type":"Point","coordinates":[127.6331,-19.5652]},"properties":{"d":"2026-09-15","t":"0516","frp":5.4,"b":349.0,"c":0,"s":"N20","n":0}},{"type":"Feature","geometry":{"type":"Point","coordinates":[131.1266,-18.8368]},"properties":{"d":"2026-09-15","t":"0516","frp":8.0,"b":348.2,"c":1,"s":"N20","n":0}},{"type":"Feature","geometry":{"type":"Point","coordinates":[131.1292,-18.8342]},"properties":{"d":"2026-09-15","t":"0516","frp":8.5,"b":342.0,"c":0,"s":"N20","n":0}},{"type":"Feature","geometry":{"type":"Point","coordinates":[131.1535,-18.8258]},"properties":{"d":"2026-09-15","t":"0516","frp":7.8,"b":339.9,"c":0,"s":"N20","n":0}},{"type":"Feature","geometry":{"type":"Point","coordinates":[131.1086,-18.8241]},"properties":{"d":"2026-09-15","t":"0516","frp":5.2,"b":337.5,"c":0,"s":"N20","n":0}},{"type":"Feature","geometry":{"type":"Point","coordinates":[131.1552,-18.8238]},"properties":{"d":"2026-09-15","t":"0516","frp":8.8,"b":347.4,"c":1,"s":"N20","n":0}},{"type":"Feature","geometry":{"type":"Point","coordinates":[131.1028,-18.8212]},"properties":{"d":"2026-09-15","t":"0516","frp":8.3,"b":342.5,"c":0,"s":"N20","n":0}},{"type":"Feature","geometry":{"type":"Point","coordinates":[131.1078,-18.8203]},"properties":{"d":"2026-09-15","t":"0516","frp":10.2,"b":355.2,"c":1,"s":"N20","n":0}},{"type":"Feature","geometry":{"type":"Point","coordinates":[131.1646,-18.8182]},"properties":{"d":"2026-09-15","t":"0516","frp":8.0,"b":345.0,"c":1,"s":"N20","n":0}},{"type":"Feature","geometry":{"type":"Point","coordinates":[131.1732,-18.8088]},"properties":{"d":"2026-09-15","t":"0516","frp":9.1,"b":346.4,"c":1,"s":"N20","n":0}},{"type":"Feature","geometry":{"type":"Point","coordinates":[131.2042,-18.8073]},"properties":{"d":"2026-09-15","t":"0516","frp":76.5,"b":344.0,"c":0,"s":"N20","n":0}},{"type":"Feature","geometry":{"type":"Point","coordinates":[131.1724,-18.8049]},"properties":{"d":"2026-09-15","t":"0516","frp":9.1,"b":342.5,"c":1,"s":"N20","n":0}},{"type":"Feature","geometry":{"type":"Point","coordinates":[131.1493,-18.7931]},"properties":{"d":"2026-09-15","t":"0516","frp":22.7,"b":345.8,"c":1,"s":"N20","n":0}},{"type":"Feature","geometry":{"type":"Point","coordinates":[131.1889,-18.7821]},"properties":{"d":"2026-09-15","t":"0516","frp":6.9,"b":346.3,"c":1,"s":"N20","n":0}},{"type":"Feature","geometry":{"type":"Point","coordinates":[131.1831,-18.7792]},"properties":{"d":"2026-09-15","t":"0516","frp":6.9,"b":345.8,"c":1,"s":"N20","n":0}},{"type":"Feature","geometry":{"type":"Point","coordinates":[131.1881,-18.7783]},"properties":{"d":"2026-09-15","t":"0516","frp":6.9,"b":345.9,"c":1,"s":"N20","n":0}},{"type":"Feature","geometry":{"type":"Point","coordinates":[131.1773,-18.7762]},"properties":{"d":"2026-09-15","t":"0516","frp":9.1,"b":356.3,"c":1,"s":"N20","n":0}},{"type":"Feature","geometry":{"type":"Point","coordinates":[131.1823,-18.7753]},"properties":{"d":"2026-09-15","t":"0516","frp":2.5,"b":340.2,"c":1,"s":"N20","n":0}},{"type":"Feature","geometry":{"type":"Point","coordinates":[131.1665,-18.7742]},"properties":{"d":"2026-09-15","t":"0516","frp":7.4,"b":338.1,"c":0,"s":"N20","n":0}},{"type":"Feature","geometry":{"type":"Point","coordinates":[131.1715,-18.7733]},"properties":{"d":"2026-09-15","t":"0516","frp":9.1,"b":347.6,"c":1,"s":"N20","n":0}},{"type":"Feature","geometry":{"type":"Point","coordinates":[127.924,-18.4664]},"properties":{"d":"2026-09-15","t":"0516","frp":7.1,"b":348.0,"c":0,"s":"N20","n":0}},{"type":"Feature","geometry":{"type":"Point","coordinates":[127.9315,-18.4652]},"properties":{"d":"2026-09-15","t":"0516","frp":4.5,"b":345.0,"c":0,"s":"N20","n":0}},{"type":"Feature","geometry":{"type":"Point","coordinates":[127.9159,-18.4642]},"properties":{"d":"2026-09-15","t":"0516","frp":11.8,"b":344.7,"c":0,"s":"N20","n":0}},{"type":"Feature","geometry":{"type":"Point","coordinates":[127.9078,-18.462]},"properties":{"d":"2026-09-15","t":"0516","frp":7.7,"b":347.0,"c":0,"s":"N20","n":0}},{"type":"Feature","geometry":{"type":"Point","coordinates":[127.9309,-18.4618]},"properties":{"d":"2026-09-15","t":"0516","frp":10.9,"b":349.5,"c":0,"s":"N20","n":0}},{"type":"Feature","geometry":{"type":"Point","coordinates":[127.9115,-18.4614]},"properties":{"d":"2026-09-15","t":"0516","frp":7.7,"b":347.3,"c":0,"s":"N20","n":0}},{"type":"Feature","geometry":{"type":"Point","coordinates":[127.9191,-18.4602]},"properties":{"d":"2026-09-15","t":"0516","frp":11.8,"b":350.8,"c":1,"s":"N20","n":0}},{"type":"Feature","geometry":{"type":"Point","coordinates":[137.8085,-18.3938]},"properties":{"d":"2026-09-15","t":"0516","frp":6.5,"b":345.0,"c":1,"s":"N20","n":0}},{"type":"Feature","geometry":{"type":"Point","coordinates":[137.8037,-18.393]},"properties":{"d":"2026-09-15","t":"0516","frp":7.3,"b":334.5,"c":0,"s":"N20","n":0}},{"type":"Feature","geometry":{"type":"Point","coordinates":[137.813,-18.3928]},"properties":{"d":"2026-09-15","t":"0516","frp":7.3,"b":355.4,"c":1,"s":"N20","n":0}},{"type":"Feature","geometry":{"type":"Point","coordinates":[137.8081,-18.3921]},"properties":{"d":"2026-09-15","t":"0516","frp":7.3,"b":349.1,"c":1,"s":"N20","n":0}},{"type":"Feature","geometry":{"type":"Point","coordinates":[137.8359,-18.392]},"properties":{"d":"2026-09-15","t":"0516","frp":2.8,"b":334.5,"c":0,"s":"N20","n":0}},{"type":"Feature","geometry":{"type":"Point","coordinates":[137.8174,-18.3919]},"properties":{"d":"2026-09-15","t":"0516","frp":7.3,"b":355.9,"c":1,"s":"N20","n":0}},{"type":"Feature","geometry":{"type":"Point","coordinates":[137.8125,-18.3911]},"properties":{"d":"2026-09-15","t":"0516","frp":7.8,"b":367.0,"c":2,"s":"N20","n":0}},{"type":"Feature","geometry":{"type":"Point","coordinates":[137.8403,-18.3911]},"properties":{"d":"2026-09-15","t":"0516","frp":2.1,"b":332.3,"c":0,"s":"N20","n":0}},{"type":"Feature","geometry":{"type":"Point","coordinates":[137.8218,-18.391]},"properties":{"d":"2026-09-15","t":"0516","frp":6.1,"b":345.5,"c":1,"s":"N20","n":0}},{"type":"Feature","geometry":{"type":"Point","coordinates":[137.7938,-18.3908]},"properties":{"d":"2026-09-15","t":"0516","frp":3.6,"b":334.8,"c":1,"s":"N20","n":0}},{"type":"Feature","geometry":{"type":"Point","coordinates":[137.8169,-18.3901]},"properties":{"d":"2026-09-15","t":"0516","frp":7.8,"b":354.8,"c":1,"s":"N20","n":0}},{"type":"Feature","geometry":{"type":"Point","coordinates":[137.8262,-18.39]},"properties":{"d":"2026-09-15","t":"0516","frp":6.1,"b":333.4,"c":0,"s":"N20","n":0}},{"type":"Feature","geometry":{"type":"Point","coordinates":[137.7983,-18.3899]},"properties":{"d":"2026-09-15","t":"0516","frp":3.6,"b":350.1,"c":1,"s":"N20","n":0}},{"type":"Feature","geometry":{"type":"Point","coordinates":[137.7934,-18.3892]},"properties":{"d":"2026-09-15","t":"0516","frp":4.6,"b":345.6,"c":1,"s":"N20","n":0}},{"type":"Feature","geometry":{"type":"Point","coordinates":[137.8213,-18.3891]},"properties":{"d":"2026-09-15","t":"0516","frp":7.2,"b":353.3,"c":1,"s":"N20","n":0}},{"type":"Feature","geometry":{"type":"Point","coordinates":[137.8306,-18.3891]},"properties":{"d":"2026-09-15","t":"0516","frp":5.2,"b":355.6,"c":1,"s":"N20","n":0}},{"type":"Feature","geometry":{"type":"Point","coordinates":[137.8027,-18.3889]},"properties":{"d":"2026-09-15","t":"0516","frp":6.5,"b":345.9,"c":1,"s":"N20","n":0}},{"type":"Feature","geometry":{"type":"Point","coordinates":[137.7979,-18.3882]},"properties":{"d":"2026-09-15","t":"0516","frp":4.6,"b":349.7,"c":1,"s":"N20","n":0}},{"type":"Feature","geometry":{"type":"Point","coordinates":[137.835,-18.3881]},"properties":{"d":"2026-09-15","t":"0516","frp":5.2,"b":339.1,"c":1,"s":"N20","n":0}},{"type":"Feature","geometry":{"type":"Point","coordinates":[137.7515,-18.3877]},"properties":{"d":"2026-09-15","t":"0516","frp":2.7,"b":331.3,"c":0,"s":"N20","n":0}},{"type":"Feature","geometry":{"type":"Point","coordinates":[137.8394,-18.3872]},"properties":{"d":"2026-09-15","t":"0516","frp":5.1,"b":332.7,"c":0,"s":"N20","n":0}},{"type":"Feature","geometry":{"type":"Point","coordinates":[137.8302,-18.3872]},"properties":{"d":"2026-09-15","t":"0516","frp":7.2,"b":350.4,"c":1,"s":"N20","n":0}},{"type":"Feature","geometry":{"type":"Point","coordinates":[137.7513,-18.3863]},"properties":{"d":"2026-09-15","t":"0516","frp":4.6,"b":345.4,"c":1,"s":"N20","n":0}},{"type":"Feature","geometry":{"type":"Point","coordinates":[137.816,-18.3861]},"properties":{"d":"2026-09-15","t":"0516","frp":7.3,"b":348.8,"c":1,"s":"N20","n":0}},{"type":"Feature","geometry":{"type":"Point","coordinates":[137.7879,-18.386]},"properties":{"d":"2026-09-15","t":"0516","frp":9.6,"b":338.5,"c":1,"s":"N20","n":0}},{"type":"Feature","geometry":{"type":"Point","coordinates":[137.7831,-18.3854]},"properties":{"d":"2026-09-15","t":"0516","frp":9.8,"b":334.9,"c":1,"s":"N20","n":0}},{"type":"Feature","geometry":{"type":"Point","coordinates":[137.7924,-18.385]},"properties":{"d":"2026-09-15","t":"0516","frp":3.9,"b":335.0,"c":1,"s":"N20","n":0}},{"type":"Feature","geometry":{"type":"Point","coordinates":[137.7645,-18.3849]},"properties":{"d":"2026-09-15","t":"0516","frp":2.7,"b":338.2,"c":1,"s":"N20","n":0}},{"type":"Feature","geometry":{"type":"Point","coordinates":[137.8156,-18.3843]},"properties":{"d":"2026-09-15","t":"0516","frp":7.8,"b":342.5,"c":1,"s":"N20","n":0}},{"type":"Feature","geometry":{"type":"Point","coordinates":[137.7643,-18.3834]},"properties":{"d":"2026-09-15","t":"0516","frp":3.3,"b":343.9,"c":1,"s":"N20","n":0}},{"type":"Feature","geometry":{"type":"Point","coordinates":[137.82,-18.3833]},"properties":{"d":"2026-09-15","t":"0516","frp":7.2,"b":331.4,"c":0,"s":"N20","n":0}},{"type":"Feature","geometry":{"type":"Point","coordinates":[137.8058,-18.3821]},"properties":{"d":"2026-09-15","t":"0516","frp":2.5,"b":333.1,"c":0,"s":"N20","n":0}},{"type":"Feature","geometry":{"type":"Point","coordinates":[137.7776,-18.3821]},"properties":{"d":"2026-09-15","t":"0516","frp":23.5,"b":352.6,"c":1,"s":"N20","n":0}},{"type":"Feature","geometry":{"type":"Point","coordinates":[137.7502,-18.3819]},"properties":{"d":"2026-09-15","t":"0516","frp":3.3,"b":338.1,"c":1,"s":"N20","n":0}},{"type":"Feature","geometry":{"type":"Point","coordinates":[137.7821,-18.3811]},"properties":{"d":"2026-09-15","t":"0516","frp":9.6,"b":340.6,"c":1,"s":"N20","n":0}},{"type":"Feature","geometry":{"type":"Point","coordinates":[137.7773,-18.3805]},"properties":{"d":"2026-09-15","t":"0516","frp":20.3,"b":351.9,"c":1,"s":"N20","n":0}},{"type":"Feature","geometry":{"type":"Point","coordinates":[137.7817,-18.3795]},"properties":{"d":"2026-09-15","t":"0516","frp":9.8,"b":353.3,"c":1,"s":"N20","n":0}},{"type":"Feature","geometry":{"type":"Point","coordinates":[137.8466,-18.3795]},"properties":{"d":"2026-09-15","t":"0516","frp":2.5,"b":337.1,"c":1,"s":"N20","n":0}},{"type":"Feature","geometry":{"type":"Point","coordinates":[137.7633,-18.379]},"properties":{"d":"2026-09-15","t":"0516","frp":2.1,"b":335.9,"c":1,"s":"N20","n":0}},{"type":"Feature","geometry":{"type":"Point","coordinates":[137.8462,-18.3775]},"properties":{"d":"2026-09-15","t":"0516","frp":5.2,"b":335.5,"c":0,"s":"N20","n":0}},{"type":"Feature","geometry":{"type":"Point","coordinates":[137.7445,-18.377]},"properties":{"d":"2026-09-15","t":"0516","frp":3.3,"b":337.4,"c":1,"s":"N20","n":0}},{"type":"Feature","geometry":{"type":"Point","coordinates":[137.7444,-18.3756]},"properties":{"d":"2026-09-15","t":"0516","frp":5.0,"b":334.5,"c":0,"s":"N20","n":0}},{"type":"Feature","geometry":{"type":"Point","coordinates":[137.8455,-18.3736]},"properties":{"d":"2026-09-15","t":"0516","frp":2.2,"b":333.5,"c":0,"s":"N20","n":0}},{"type":"Feature","geometry":{"type":"Point","coordinates":[137.864,-18.3735]},"properties":{"d":"2026-09-15","t":"0516","frp":3.6,"b":336.8,"c":1,"s":"N20","n":0}},{"type":"Feature","geometry":{"type":"Point","coordinates":[137.8633,-18.3697]},"properties":{"d":"2026-09-15","t":"0516","frp":9.4,"b":349.4,"c":1,"s":"N20","n":0}},{"type":"Feature","geometry":{"type":"Point","coordinates":[137.8721,-18.3679]},"properties":{"d":"2026-09-15","t":"0516","frp":7.2,"b":348.6,"c":1,"s":"N20","n":0}},{"type":"Feature","geometry":{"type":"Point","coordinates":[137.8766,-18.3669]},"properties":{"d":"2026-09-15","t":"0516","frp":7.2,"b":352.9,"c":1,"s":"N20","n":0}},{"type":"Feature","geometry":{"type":"Point","coordinates":[137.8716,-18.3657]},"properties":{"d":"2026-09-15","t":"0516","frp":7.9,"b":349.8,"c":1,"s":"N20","n":0}},{"type":"Feature","geometry":{"type":"Point","coordinates":[137.876,-18.3647]},"properties":{"d":"2026-09-15","t":"0516","frp":7.9,"b":355.2,"c":1,"s":"N20","n":0}},{"type":"Feature","geometry":{"type":"Point","coordinates":[137.8805,-18.3637]},"properties":{"d":"2026-09-15","t":"0516","frp":8.9,"b":333.8,"c":0,"s":"N20","n":0}},{"type":"Feature","geometry":{"type":"Point","coordinates":[137.8923,-18.3549]},"properties":{"d":"2026-09-15","t":"0516","frp":6.1,"b":342.0,"c":1,"s":"N20","n":0}},{"type":"Feature","geometry":{"type":"Point","coordinates":[137.8915,-18.3513]},"properties":{"d":"2026-09-15","t":"0516","frp":5.2,"b":337.3,"c":0,"s":"N20","n":0}},{"type":"Feature","geometry":{"type":"Point","coordinates":[137.896,-18.3504]},"properties":{"d":"2026-09-15","t":"0516","frp":3.7,"b":337.8,"c":1,"s":"N20","n":0}},{"type":"Feature","geometry":{"type":"Point","coordinates":[137.9004,-18.3494]},"properties":{"d":"2026-09-15","t":"0516","frp":3.7,"b":333.2,"c":0,"s":"N20","n":0}},{"type":"Feature","geometry":{"type":"Point","coordinates":[137.8953,-18.348]},"properties":{"d":"2026-09-15","t":"0516","frp":5.3,"b":335.1,"c":0,"s":"N20","n":0}},{"type":"Feature","geometry":{"type":"Point","coordinates":[137.8998,-18.347]},"properties":{"d":"2026-09-15","t":"0516","frp":5.3,"b":346.2,"c":1,"s":"N20","n":0}},{"type":"Feature","geometry":{"type":"Point","coordinates":[137.899,-18.3436]},"properties":{"d":"2026-09-15","t":"0516","frp":3.7,"b":333.9,"c":0,"s":"N20","n":0}},{"type":"Feature","geometry":{"type":"Point","coordinates":[137.9029,-18.3402]},"properties":{"d":"2026-09-15","t":"0516","frp":5.3,"b":337.8,"c":1,"s":"N20","n":0}},{"type":"Feature","geometry":{"type":"Point","coordinates":[137.9022,-18.3367]},"properties":{"d":"2026-09-15","t":"0516","frp":3.0,"b":337.4,"c":1,"s":"N20","n":0}},{"type":"Feature","geometry":{"type":"Point","coordinates":[137.9085,-18.323]},"properties":{"d":"2026-09-15","t":"0516","frp":3.7,"b":345.4,"c":1,"s":"N20","n":0}},{"type":"Feature","geometry":{"type":"Point","coordinates":[137.9026,-18.3181]},"properties":{"d":"2026-09-15","t":"0516","frp":6.8,"b":336.3,"c":0,"s":"N20","n":0}},{"type":"Feature","geometry":{"type":"Point","coordinates":[137.9072,-18.3171]},"properties":{"d":"2026-09-15","t":"0516","frp":3.7,"b":334.9,"c":1,"s":"N20","n":0}},{"type":"Feature","geometry":{"type":"Point","coordinates":[130.8729,-18.317]},"properties":{"d":"2026-09-15","t":"0516","frp":6.2,"b":341.8,"c":0,"s":"N20","n":0}},{"type":"Feature","geometry":{"type":"Point","coordinates":[130.8722,-18.3132]},"properties":{"d":"2026-09-15","t":"0516","frp":6.2,"b":342.3,"c":0,"s":"N20","n":0}},{"type":"Feature","geometry":{"type":"Point","coordinates":[130.8714,-18.3094]},"properties":{"d":"2026-09-15","t":"0516","frp":7.9,"b":345.0,"c":1,"s":"N20","n":0}},{"type":"Feature","geometry":{"type":"Point","coordinates":[130.8658,-18.3065]},"properties":{"d":"2026-09-15","t":"0516","frp":7.9,"b":345.9,"c":1,"s":"N20","n":0}},{"type":"Feature","geometry":{"type":"Point","coordinates":[130.865,-18.3027]},"properties":{"d":"2026-09-15","t":"0516","frp":3.9,"b":342.2,"c":1,"s":"N20","n":0}},{"type":"Feature","geometry":{"type":"Point","coordinates":[130.8594,-18.2997]},"properties":{"d":"2026-09-15","t":"0516","frp":14.5,"b":344.2,"c":1,"s":"N20","n":0}},{"type":"Feature","geometry":{"type":"Point","coordinates":[130.8538,-18.2968]},"properties":{"d":"2026-09-15","t":"0516","frp":5.6,"b":344.7,"c":1,"s":"N20","n":0}},{"type":"Feature","geometry":{"type":"Point","coordinates":[130.8509,-18.2816]},"properties":{"d":"2026-09-15","t":"0516","frp":6.9,"b":346.6,"c":1,"s":"N20","n":0}},{"type":"Feature","geometry":{"type":"Point","coordinates":[130.8501,-18.2778]},"properties":{"d":"2026-09-15","t":"0516","frp":6.9,"b":346.2,"c":1,"s":"N20","n":0}},{"type":"Feature","geometry":{"type":"Point","coordinates":[130.8486,-18.2702]},"properties":{"d":"2026-09-15","t":"0516","frp":17.0,"b":341.9,"c":0,"s":"N20","n":0}},{"type":"Feature","geometry":{"type":"Point","coordinates":[130.8465,-18.2587]},"properties":{"d":"2026-09-15","t":"0516","frp":10.8,"b":348.0,"c":1,"s":"N20","n":0}},{"type":"Feature","geometry":{"type":"Point","coordinates":[130.8408,-18.2558]},"properties":{"d":"2026-09-15","t":"0516","frp":15.1,"b":367.0,"c":2,"s":"N20","n":0}},{"type":"Feature","geometry":{"type":"Point","coordinates":[130.8352,-18.2529]},"properties":{"d":"2026-09-15","t":"0516","frp":13.9,"b":355.7,"c":1,"s":"N20","n":0}},{"type":"Feature","geometry":{"type":"Point","coordinates":[130.8345,-18.2491]},"properties":{"d":"2026-09-15","t":"0516","frp":13.9,"b":348.1,"c":1,"s":"N20","n":0}},{"type":"Feature","geometry":{"type":"Point","coordinates":[130.8281,-18.2424]},"properties":{"d":"2026-09-15","t":"0516","frp":8.1,"b":346.8,"c":1,"s":"N20","n":0}},{"type":"Feature","geometry":{"type":"Point","coordinates":[130.823,-18.2366]},"properties":{"d":"2026-09-15","t":"0516","frp":12.0,"b":342.8,"c":0,"s":"N20","n":0}},{"type":"Feature","geometry":{"type":"Point","coordinates":[130.8217,-18.2357]},"properties":{"d":"2026-09-15","t":"0516","frp":12.5,"b":341.5,"c":0,"s":"N20","n":0}},{"type":"Feature","geometry":{"type":"Point","coordinates":[130.8174,-18.2337]},"properties":{"d":"2026-09-15","t":"0516","frp":10.1,"b":340.2,"c":1,"s":"N20","n":0}},{"type":"Feature","geometry":{"type":"Point","coordinates":[130.8223,-18.2328]},"properties":{"d":"2026-09-15","t":"0516","frp":7.2,"b":345.9,"c":1,"s":"N20","n":0}},{"type":"Feature","geometry":{"type":"Point","coordinates":[130.8161,-18.2327]},"properties":{"d":"2026-09-15","t":"0516","frp":8.1,"b":339.4,"c":0,"s":"N20","n":0}},{"type":"Feature","geometry":{"type":"Point","coordinates":[130.821,-18.2319]},"properties":{"d":"2026-09-15","t":"0516","frp":12.0,"b":348.4,"c":1,"s":"N20","n":0}},{"type":"Feature","geometry":{"type":"Point","coordinates":[130.8166,-18.2299]},"properties":{"d":"2026-09-15","t":"0516","frp":10.1,"b":367.0,"c":2,"s":"N20","n":0}},{"type":"Feature","geometry":{"type":"Point","coordinates":[130.8154,-18.229]},"properties":{"d":"2026-09-15","t":"0516","frp":8.1,"b":351.7,"c":1,"s":"N20","n":0}},{"type":"Feature","geometry":{"type":"Point","coordinates":[130.811,-18.2269]},"properties":{"d":"2026-09-15","t":"0516","frp":21.8,"b":352.6,"c":1,"s":"N20","n":0}},{"type":"Feature","geometry":{"type":"Point","coordinates":[130.7998,-18.221]},"properties":{"d":"2026-09-15","t":"0516","frp":8.5,"b":349.1,"c":1,"s":"N20","n":0}},{"type":"Feature","geometry":{"type":"Point","coordinates":[130.7941,-18.2181]},"properties":{"d":"2026-09-15","t":"0516","frp":9.3,"b":351.2,"c":1,"s":"N20","n":0}},{"type":"Feature","geometry":{"type":"Point","coordinates":[130.7885,-18.2152]},"properties":{"d":"2026-09-15","t":"0516","frp":9.4,"b":348.9,"c":1,"s":"N20","n":0}},{"type":"Feature","geometry":{"type":"Point","coordinates":[130.7829,-18.2122]},"properties":{"d":"2026-09-15","t":"0516","frp":10.3,"b":350.7,"c":1,"s":"N20","n":0}},{"type":"Feature","geometry":{"type":"Point","coordinates":[130.7773,-18.2093]},"properties":{"d":"2026-09-15","t":"0516","frp":6.7,"b":343.7,"c":1,"s":"N20","n":0}},{"type":"Feature","geometry":{"type":"Point","coordinates":[130.7606,-18.2005]},"properties":{"d":"2026-09-15","t":"0516","frp":9.4,"b":348.6,"c":1,"s":"N20","n":0}},{"type":"Feature","geometry":{"type":"Point","coordinates":[130.7083,-18.1901]},"properties":{"d":"2026-09-15","t":"0516","frp":6.8,"b":346.1,"c":1,"s":"N20","n":0}},{"type":"Feature","geometry":{"type":"Point","coordinates":[130.7277,-18.1867]},"properties":{"d":"2026-09-15","t":"0516","frp":5.1,"b":342.1,"c":0,"s":"N20","n":0}},{"type":"Feature","geometry":{"type":"Point","coordinates":[130.6859,-18.1124]},"properties":{"d":"2026-09-15","t":"0516","frp":27.1,"b":355.0,"c":1,"s":"N20","n":0}},{"type":"Feature","geometry":{"type":"Point","coordinates":[130.6907,-18.1116]},"properties":{"d":"2026-09-15","t":"0516","frp":33.1,"b":367.0,"c":0,"s":"N20","n":0}},{"type":"Feature","geometry":{"type":"Point","coordinates":[130.6955,-18.1107]},"properties":{"d":"2026-09-15","t":"0516","frp":33.1,"b":344.9,"c":1,"s":"N20","n":0}},{"type":"Feature","geometry":{"type":"Point","coordinates":[130.7004,-18.1099]},"properties":{"d":"2026-09-15","t":"0516","frp":4.0,"b":343.6,"c":0,"s":"N20","n":0}},{"type":"Feature","geometry":{"type":"Point","coordinates":[130.7052,-18.109]},"properties":{"d":"2026-09-15","t":"0516","frp":4.0,"b":341.4,"c":0,"s":"N20","n":0}},{"type":"Feature","geometry":{"type":"Point","coordinates":[130.6988,-18.075]},"properties":{"d":"2026-09-15","t":"0516","frp":6.6,"b":351.8,"c":1,"s":"N20","n":0}},{"type":"Feature","geometry":{"type":"Point","coordinates":[130.6933,-18.072]},"properties":{"d":"2026-09-15","t":"0516","frp":6.6,"b":346.2,"c":1,"s":"N20","n":0}},{"type":"Feature","geometry":{"type":"Point","coordinates":[130.6877,-18.0691]},"properties":{"d":"2026-09-15","t":"0516","frp":6.4,"b":343.1,"c":0,"s":"N20","n":0}},{"type":"Feature","geometry":{"type":"Point","coordinates":[130.6926,-18.0682]},"properties":{"d":"2026-09-15","t":"0516","frp":3.3,"b":342.1,"c":1,"s":"N20","n":0}},{"type":"Feature","geometry":{"type":"Point","coordinates":[130.6822,-18.0662]},"properties":{"d":"2026-09-15","t":"0516","frp":6.4,"b":349.7,"c":1,"s":"N20","n":0}},{"type":"Feature","geometry":{"type":"Point","coordinates":[130.6766,-18.0633]},"properties":{"d":"2026-09-15","t":"0516","frp":7.2,"b":347.8,"c":1,"s":"N20","n":0}},{"type":"Feature","geometry":{"type":"Point","coordinates":[130.6711,-18.0603]},"properties":{"d":"2026-09-15","t":"0516","frp":7.2,"b":348.7,"c":1,"s":"N20","n":0}},{"type":"Feature","geometry":{"type":"Point","coordinates":[130.6704,-18.0566]},"properties":{"d":"2026-09-15","t":"0516","frp":5.1,"b":346.5,"c":1,"s":"N20","n":0}},{"type":"Feature","geometry":{"type":"Point","coordinates":[130.6599,-18.0545]},"properties":{"d":"2026-09-15","t":"0516","frp":17.9,"b":343.1,"c":0,"s":"N20","n":0}},{"type":"Feature","geometry":{"type":"Point","coordinates":[130.6648,-18.0537]},"properties":{"d":"2026-09-15","t":"0516","frp":17.9,"b":347.2,"c":1,"s":"N20","n":0}},{"type":"Feature","geometry":{"type":"Point","coordinates":[138.9417,-18.0418]},"properties":{"d":"2026-09-15","t":"0516","frp":5.1,"b":338.7,"c":1,"s":"N20","n":0}},{"type":"Feature","geometry":{"type":"Point","coordinates":[137.9751,-18.0415]},"properties":{"d":"2026-09-15","t":"0516","frp":6.1,"b":334.1,"c":1,"s":"N20","n":0}},{"type":"Feature","geometry":{"type":"Point","coordinates":[138.9392,-18.0395]},"properties":{"d":"2026-09-15","t":"0516","frp":6.3,"b":354.0,"c":1,"s":"N20","n":0}},{"type":"Feature","geometry":{"type":"Point","coordinates":[138.9349,-18.0367]},"properties":{"d":"2026-09-15","t":"0516","frp":11.1,"b":340.0,"c":1,"s":"N20","n":0}},{"type":"Feature","geometry":{"type":"Point","coordinates":[138.9402,-18.0355]},"properties":{"d":"2026-09-15","t":"0516","frp":5.1,"b":339.9,"c":1,"s":"N20","n":0}},{"type":"Feature","geometry":{"type":"Point","coordinates":[137.9784,-18.0345]},"properties":{"d":"2026-09-15","t":"0516","frp":5.2,"b":346.4,"c":1,"s":"N20","n":0}},{"type":"Feature","geometry":{"type":"Point","coordinates":[138.9323,-18.0344]},"properties":{"d":"2026-09-15","t":"0516","frp":6.3,"b":336.9,"c":1,"s":"N20","n":0}},{"type":"Feature","geometry":{"type":"Point","coordinates":[138.9376,-18.0332]},"properties":{"d":"2026-09-15","t":"0516","frp":6.3,"b":343.6,"c":1,"s":"N20","n":0}},{"type":"Feature","geometry":{"type":"Point","coordinates":[138.9229,-18.0328]},"properties":{"d":"2026-09-15","t":"0516","frp":60.0,"b":367.0,"c":2,"s":"N20","n":0}},{"type":"Feature","geometry":{"type":"Point","coordinates":[137.9751,-18.0326]},"properties":{"d":"2026-09-15","t":"0516","frp":4.9,"b":330.8,"c":1,"s":"N20","n":0}},{"type":"Feature","geometry":{"type":"Point","coordinates":[138.9282,-18.0316]},"properties":{"d":"2026-09-15","t":"0516","frp":12.3,"b":339.4,"c":1,"s":"N20","n":0}},{"type":"Feature","geometry":{"type":"Point","coordinates":[137.9797,-18.0316]},"properties":{"d":"2026-09-15","t":"0516","frp":5.3,"b":332.2,"c":1,"s":"N20","n":0}},{"type":"Feature","geometry":{"type":"Point","coordinates":[138.9203,-18.0304]},"properties":{"d":"2026-09-15","t":"0516","frp":42.7,"b":355.5,"c":1,"s":"N20","n":0}},{"type":"Feature","geometry":{"type":"Point","coordinates":[138.9335,-18.0304]},"properties":{"d":"2026-09-15","t":"0516","frp":12.3,"b":345.1,"c":1,"s":"N20","n":0}},{"type":"Feature","geometry":{"type":"Point","coordinates":[138.9255,-18.0293]},"properties":{"d":"2026-09-15","t":"0516","frp":42.7,"b":347.2,"c":1,"s":"N20","n":0}},{"type":"Feature","geometry":{"type":"Point","coordinates":[138.9308,-18.0281]},"properties":{"d":"2026-09-15","t":"0516","frp":5.6,"b":344.3,"c":1,"s":"N20","n":0}},{"type":"Feature","geometry":{"type":"Point","coordinates":[138.9161,-18.0278]},"properties":{"d":"2026-09-15","t":"0516","frp":60.0,"b":207.9,"c":0,"s":"N20","n":0}},{"type":"Feature","geometry":{"type":"Point","coordinates":[138.9214,-18.0266]},"properties":{"d":"2026-09-15","t":"0516","frp":60.0,"b":367.0,"c":2,"s":"N20","n":0}},{"type":"Feature","geometry":{"type":"Point","coordinates":[138.866,-18.0261]},"properties":{"d":"2026-09-15","t":"0516","frp":4.9,"b":331.6,"c":1,"s":"N20","n":0}},{"type":"Feature","geometry":{"type":"Point","coordinates":[138.9267,-18.0254]},"properties":{"d":"2026-09-15","t":"0516","frp":12.3,"b":344.3,"c":1,"s":"N20","n":0}},{"type":"Feature","geometry":{"type":"Point","coordinates":[138.9135,-18.0254]},"properties":{"d":"2026-09-15","t":"0516","frp":75.6,"b":349.5,"c":1,"s":"N20","n":0}},{"type":"Feature","geometry":{"type":"Point","coordinates":[138.9187,-18.0242]},"properties":{"d":"2026-09-15","t":"0516","frp":42.7,"b":367.0,"c":2,"s":"N20","n":0}},{"type":"Feature","geometry":{"type":"Point","coordinates":[138.8632,-18.0234]},"properties":{"d":"2026-09-15","t":"0516","frp":4.8,"b":343.8,"c":1,"s":"N20","n":0}},{"type":"Feature","geometry":{"type":"Point","coordinates":[138.924,-18.023]},"properties":{"d":"2026-09-15","t":"0516","frp":42.7,"b":341.8,"c":1,"s":"N20","n":0}},{"type":"Feature","geometry":{"type":"Point","coordinates":[138.9293,-18.0218]},"properties":{"d":"2026-09-15","t":"0516","frp":5.6,"b":333.3,"c":1,"s":"N20","n":0}},{"type":"Feature","geometry":{"type":"Point","coordinates":[138.8593,-18.021]},"properties":{"d":"2026-09-15","t":"0516","frp":11.4,"b":367.0,"c":2,"s":"N20","n":0}},{"type":"Feature","geometry":{"type":"Point","coordinates":[138.8564,-18.0183]},"properties":{"d":"2026-09-15","t":"0516","frp":7.7,"b":351.7,"c":1,"s":"N20","n":0}},{"type":"Feature","geometry":{"type":"Point","coordinates":[137.963,-18.0068]},"properties":{"d":"2026-09-15","t":"0516","frp":3.1,"b":335.1,"c":1,"s":"N20","n":0}},{"type":"Feature","geometry":{"type":"Point","coordinates":[137.9678,-18.0057]},"properties":{"d":"2026-09-15","t":"0516","frp":3.1,"b":341.8,"c":1,"s":"N20","n":0}},{"type":"Feature","geometry":{"type":"Point","coordinates":[137.9644,-18.0037]},"properties":{"d":"2026-09-15","t":"0516","frp":9.1,"b":349.7,"c":1,"s":"N20","n":0}},{"type":"Feature","geometry":{"type":"Point","coordinates":[130.7713,-17.9965]},"properties":{"d":"2026-09-15","t":"0516","frp":5.0,"b":345.4,"c":1,"s":"N20","n":0}},{"type":"Feature","geometry":{"type":"Point","coordinates":[130.7755,-17.9918]},"properties":{"d":"2026-09-15","t":"0516","frp":12.8,"b":349.0,"c":1,"s":"N20","n":0}},{"type":"Feature","geometry":{"type":"Point","coordinates":[130.7797,-17.9871]},"properties":{"d":"2026-09-15","t":"0516","frp":6.8,"b":351.2,"c":1,"s":"N20","n":0}},{"type":"Feature","geometry":{"type":"Point","coordinates":[130.7838,-17.9825]},"properties":{"d":"2026-09-15","t":"0516","frp":9.7,"b":344.3,"c":1,"s":"N20","n":0}},{"type":"Feature","geometry":{"type":"Point","coordinates":[130.788,-17.9778]},"properties":{"d":"2026-09-15","t":"0516","frp":5.5,"b":354.7,"c":1,"s":"N20","n":0}},{"type":"Feature","geometry":{"type":"Point","coordinates":[130.7929,-17.9769]},"properties":{"d":"2026-09-15","t":"0516","frp":5.5,"b":344.2,"c":0,"s":"N20","n":0}},{"type":"Feature","geometry":{"type":"Point","coordinates":[139.0071,-17.9714]},"properties":{"d":"2026-09-15","t":"0516","frp":3.0,"b":334.1,"c":1,"s":"N20","n":0}},{"type":"Feature","geometry":{"type":"Point","coordinates":[138.969,-17.9535]},"properties":{"d":"2026-09-15","t":"0516","frp":12.0,"b":367.0,"c":2,"s":"N20","n":0}},{"type":"Feature","geometry":{"type":"Point","coordinates":[130.8173,-17.945]},"properties":{"d":"2026-09-15","t":"0516","frp":10.0,"b":346.5,"c":1,"s":"N20","n":0}},{"type":"Feature","geometry":{"type":"Point","coordinates":[130.842,-17.9406]},"properties":{"d":"2026-09-15","t":"0516","frp":4.4,"b":348.2,"c":1,"s":"N20","n":0}},{"type":"Feature","geometry":{"type":"Point","coordinates":[130.8412,-17.9368]},"properties":{"d":"2026-09-15","t":"0516","frp":4.4,"b":341.0,"c":0,"s":"N20","n":0}},{"type":"Feature","geometry":{"type":"Point","coordinates":[130.825,-17.9318]},"properties":{"d":"2026-09-15","t":"0516","frp":18.9,"b":353.3,"c":1,"s":"N20","n":0}},{"type":"Feature","geometry":{"type":"Point","coordinates":[130.8143,-17.9298]},"properties":{"d":"2026-09-15","t":"0516","frp":10.5,"b":342.6,"c":0,"s":"N20","n":0}},{"type":"Feature","geometry":{"type":"Point","coordinates":[130.7834,-17.9274]},"properties":{"d":"2026-09-15","t":"0516","frp":5.4,"b":340.7,"c":0,"s":"N20","n":0}},{"type":"Feature","geometry":{"type":"Point","coordinates":[130.7777,-17.9245]},"properties":{"d":"2026-09-15","t":"0516","frp":5.4,"b":341.8,"c":1,"s":"N20","n":0}},{"type":"Feature","geometry":{"type":"Point","coordinates":[130.7826,-17.9236]},"properties":{"d":"2026-09-15","t":"0516","frp":5.4,"b":348.5,"c":1,"s":"N20","n":0}},{"type":"Feature","geometry":{"type":"Point","coordinates":[130.8079,-17.923]},"properties":{"d":"2026-09-15","t":"0516","frp":15.8,"b":348.9,"c":1,"s":"N20","n":0}},{"type":"Feature","geometry":{"type":"Point","coordinates":[130.7875,-17.9228]},"properties":{"d":"2026-09-15","t":"0516","frp":7.3,"b":342.1,"c":1,"s":"N20","n":0}},{"type":"Feature","geometry":{"type":"Point","coordinates":[130.8334,-17.9224]},"properties":{"d":"2026-09-15","t":"0516","frp":16.2,"b":354.3,"c":1,"s":"N20","n":0}},{"type":"Feature","geometry":{"type":"Point","coordinates":[130.7925,-17.9219]},"properties":{"d":"2026-09-15","t":"0516","frp":7.3,"b":345.7,"c":0,"s":"N20","n":0}},{"type":"Feature","geometry":{"type":"Point","coordinates":[130.7795,-17.9215]},"properties":{"d":"2026-09-15","t":"0516","frp":14.3,"b":355.4,"c":1,"s":"N20","n":0}},{"type":"Feature","geometry":{"type":"Point","coordinates":[130.7974,-17.921]},"properties":{"d":"2026-09-15","t":"0516","frp":37.0,"b":356.5,"c":1,"s":"N20","n":0}},{"type":"Feature","geometry":{"type":"Point","coordinates":[130.777,-17.9207]},"properties":{"d":"2026-09-15","t":"0516","frp":8.7,"b":339.4,"c":1,"s":"N20","n":0}},{"type":"Feature","geometry":{"type":"Point","coordinates":[130.7845,-17.9207]},"properties":{"d":"2026-09-15","t":"0516","frp":14.3,"b":356.4,"c":1,"s":"N20","n":0}},{"type":"Feature","geometry":{"type":"Point","coordinates":[130.8023,-17.9201]},"properties":{"d":"2026-09-15","t":"0516","frp":37.0,"b":352.6,"c":1,"s":"N20","n":0}},{"type":"Feature","geometry":{"type":"Point","coordinates":[130.7437,-17.9199]},"properties":{"d":"2026-09-15","t":"0516","frp":34.5,"b":351.0,"c":1,"s":"N20","n":0}},{"type":"Feature","geometry":{"type":"Point","coordinates":[130.7819,-17.9198]},"properties":{"d":"2026-09-15","t":"0516","frp":8.7,"b":367.0,"c":2,"s":"N20","n":0}},{"type":"Feature","geometry":{"type":"Point","coordinates":[130.7894,-17.9198]},"properties":{"d":"2026-09-15","t":"0516","frp":6.1,"b":350.7,"c":1,"s":"N20","n":0}},{"type":"Feature","geometry":{"type":"Point","coordinates":[130.8277,-17.9195]},"properties":{"d":"2026-09-15","t":"0516","frp":12.0,"b":348.4,"c":1,"s":"N20","n":0}},{"type":"Feature","geometry":{"type":"Point","coordinates":[130.7413,-17.9193]},"properties":{"d":"2026-09-15","t":"0516","frp":25.0,"b":352.2,"c":1,"s":"N20","n":0}},{"type":"Feature","geometry":{"type":"Point","coordinates":[130.7943,-17.919]},"properties":{"d":"2026-09-15","t":"0516","frp":6.1,"b":340.7,"c":1,"s":"N20","n":0}},{"type":"Feature","geometry":{"type":"Point","coordinates":[130.7868,-17.9189]},"properties":{"d":"2026-09-15","t":"0516","frp":15.3,"b":355.1,"c":1,"s":"N20","n":0}},{"type":"Feature","geometry":{"type":"Point","coordinates":[123.7388,-17.8059]},"properties":{"d":"2026-09-15","t":"0516","frp":77.6,"b":367.0,"c":0,"s":"N20","n":0}},{"type":"Feature","geometry":{"type":"Point","coordinates":[123.7429,-17.8054]},"properties":{"d":"2026-09-15","t":"0516","frp":16.9,"b":350.0,"c":1,"s":"N20","n":0}},{"type":"Feature","geometry":{"type":"Point","coordinates":[123.7342,-17.803]},"properties":{"d":"2026-09-15","t":"0516","frp":5.4,"b":344.7,"c":1,"s":"N20","n":0}},{"type":"Feature","geometry":{"type":"Point","coordinates":[123.7383,-17.8024]},"properties":{"d":"2026-09-15","t":"0516","frp":5.4,"b":352.0,"c":1,"s":"N20","n":0}},{"type":"Feature","geometry":{"type":"Point","coordinates":[123.7336,-17.7995]},"properties":{"d":"2026-09-15","t":"0516","frp":5.4,"b":349.5,"c":1,"s":"N20","n":0}},{"type":"Feature","geometry":{"type":"Point","coordinates":[123.7377,-17.7989]},"properties":{"d":"2026-09-15","t":"0516","frp":5.4,"b":338.4,"c":0,"s":"N20","n":0}},{"type":"Feature","geometry":{"type":"Point","coordinates":[123.7418,-17.7983]},"properties":{"d":"2026-09-15","t":"0516","frp":8.4,"b":340.6,"c":0,"s":"N20","n":0}},{"type":"Feature","geometry":{"type":"Point","coordinates":[123.8567,-17.7608]},"properties":{"d":"2026-09-15","t":"0516","frp":89.8,"b":367.0,"c":0,"s":"N20","n":0}},{"type":"Feature","geometry":{"type":"Point","coordinates":[123.8608,-17.7602]},"properties":{"d":"2026-09-15","t":"0516","frp":32.9,"b":349.6,"c":1,"s":"N20","n":0}},{"type":"Feature","geometry":{"type":"Point","coordinates":[138.8259,-17.7029]},"properties":{"d":"2026-09-15","t":"0516","frp":5.0,"b":338.8,"c":1,"s":"N20","n":0}},{"type":"Feature","geometry":{"type":"Point","coordinates":[138.8099,-17.6641]},"properties":{"d":"2026-09-15","t":"0516","frp":4.3,"b":335.4,"c":1,"s":"N20","n":0}},{"type":"Feature","geometry":{"type":"Point","coordinates":[138.8152,-17.6629]},"properties":{"d":"2026-09-15","t":"0516","frp":11.6,"b":367.0,"c":2,"s":"N20","n":0}},{"type":"Feature","geometry":{"type":"Point","coordinates":[130.8727,-17.4595]},"properties":{"d":"2026-09-15","t":"0516","frp":6.7,"b":339.7,"c":0,"s":"N20","n":0}},{"type":"Feature","geometry":{"type":"Point","coordinates":[130.8777,-17.4586]},"properties":{"d":"2026-09-15","t":"0516","frp":6.7,"b":355.0,"c":1,"s":"N20","n":0}},{"type":"Feature","geometry":{"type":"Point","coordinates":[130.8751,-17.4577]},"properties":{"d":"2026-09-15","t":"0516","frp":10.4,"b":367.0,"c":2,"s":"N20","n":0}},{"type":"Feature","geometry":{"type":"Point","coordinates":[130.8827,-17.4577]},"properties":{"d":"2026-09-15","t":"0516","frp":7.7,"b":367.0,"c":2,"s":"N20","n":0}},{"type":"Feature","geometry":{"type":"Point","coordinates":[130.8801,-17.4569]},"properties":{"d":"2026-09-15","t":"0516","frp":10.4,"b":367.0,"c":2,"s":"N20","n":0}},{"type":"Feature","geometry":{"type":"Point","coordinates":[130.8877,-17.4568]},"properties":{"d":"2026-09-15","t":"0516","frp":7.7,"b":337.1,"c":1,"s":"N20","n":0}},{"type":"Feature","geometry":{"type":"Point","coordinates":[130.8851,-17.456]},"properties":{"d":"2026-09-15","t":"0516","frp":11.4,"b":367.0,"c":2,"s":"N20","n":0}},{"type":"Feature","geometry":{"type":"Point","coordinates":[130.7045,-17.4558]},"properties":{"d":"2026-09-15","t":"0516","frp":9.7,"b":346.7,"c":1,"s":"N20","n":0}},{"type":"Feature","geometry":{"type":"Point","coordinates":[130.872,-17.4556]},"properties":{"d":"2026-09-15","t":"0516","frp":6.7,"b":341.8,"c":0,"s":"N20","n":0}},{"type":"Feature","geometry":{"type":"Point","coordinates":[130.8743,-17.4539]},"properties":{"d":"2026-09-15","t":"0516","frp":9.1,"b":342.9,"c":1,"s":"N20","n":0}},{"type":"Feature","geometry":{"type":"Point","coordinates":[130.6938,-17.4537]},"properties":{"d":"2026-09-15","t":"0516","frp":4.2,"b":337.8,"c":0,"s":"N20","n":0}},{"type":"Feature","geometry":{"type":"Point","coordinates":[130.887,-17.4529]},"properties":{"d":"2026-09-15","t":"0516","frp":7.7,"b":351.0,"c":1,"s":"N20","n":0}},{"type":"Feature","geometry":{"type":"Point","coordinates":[130.6988,-17.4529]},"properties":{"d":"2026-09-15","t":"0516","frp":2.8,"b":338.9,"c":0,"s":"N20","n":0}},{"type":"Feature","geometry":{"type":"Point","coordinates":[130.892,-17.452]},"properties":{"d":"2026-09-15","t":"0516","frp":2.3,"b":340.9,"c":1,"s":"N20","n":0}},{"type":"Feature","geometry":{"type":"Point","coordinates":[130.8894,-17.4512]},"properties":{"d":"2026-09-15","t":"0516","frp":12.2,"b":352.3,"c":1,"s":"N20","n":0}},{"type":"Feature","geometry":{"type":"Point","coordinates":[130.8686,-17.4509]},"properties":{"d":"2026-09-15","t":"0516","frp":8.7,"b":342.5,"c":0,"s":"N20","n":0}},{"type":"Feature","geometry":{"type":"Point","coordinates":[130.6881,-17.4508]},"properties":{"d":"2026-09-15","t":"0516","frp":4.2,"b":345.1,"c":1,"s":"N20","n":0}},{"type":"Feature","geometry":{"type":"Point","coordinates":[130.6222,-17.4506]},"properties":{"d":"2026-09-15","t":"0516","frp":9.7,"b":338.5,"c":0,"s":"N20","n":0}},{"type":"Feature","geometry":{"type":"Point","coordinates":[130.8945,-17.4504]},"properties":{"d":"2026-09-15","t":"0516","frp":5.2,"b":343.8,"c":1,"s":"N20","n":0}},{"type":"Feature","geometry":{"type":"Point","coordinates":[130.5915,-17.4481]},"properties":{"d":"2026-09-15","t":"0516","frp":20.5,"b":346.1,"c":1,"s":"N20","n":0}},{"type":"Feature","geometry":{"type":"Point","coordinates":[130.8937,-17.4465]},"properties":{"d":"2026-09-15","t":"0516","frp":5.2,"b":343.8,"c":0,"s":"N20","n":0}},{"type":"Feature","geometry":{"type":"Point","coordinates":[130.6013,-17.4464]},"properties":{"d":"2026-09-15","t":"0516","frp":5.3,"b":336.7,"c":0,"s":"N20","n":0}},{"type":"Feature","geometry":{"type":"Point","coordinates":[130.8622,-17.4441]},"properties":{"d":"2026-09-15","t":"0516","frp":8.8,"b":343.5,"c":0,"s":"N20","n":0}},{"type":"Feature","geometry":{"type":"Point","coordinates":[130.5957,-17.4435]},"properties":{"d":"2026-09-15","t":"0516","frp":5.3,"b":345.8,"c":1,"s":"N20","n":0}},{"type":"Feature","geometry":{"type":"Point","coordinates":[130.8672,-17.4432]},"properties":{"d":"2026-09-15","t":"0516","frp":8.8,"b":347.5,"c":1,"s":"N20","n":0}},{"type":"Feature","geometry":{"type":"Point","coordinates":[130.8464,-17.4428]},"properties":{"d":"2026-09-15","t":"0516","frp":12.9,"b":345.3,"c":1,"s":"N20","n":0}},{"type":"Feature","geometry":{"type":"Point","coordinates":[130.6006,-17.4426]},"properties":{"d":"2026-09-15","t":"0516","frp":5.3,"b":338.7,"c":0,"s":"N20","n":0}},{"type":"Feature","geometry":{"type":"Point","coordinates":[130.8514,-17.4419]},"properties":{"d":"2026-09-15","t":"0516","frp":14.6,"b":352.0,"c":1,"s":"N20","n":0}},{"type":"Feature","geometry":{"type":"Point","coordinates":[130.6055,-17.4418]},"properties":{"d":"2026-09-15","t":"0516","frp":4.9,"b":347.8,"c":1,"s":"N20","n":0}},{"type":"Feature","geometry":{"type":"Point","coordinates":[130.898,-17.4417]},"properties":{"d":"2026-09-15","t":"0516","frp":8.9,"b":341.1,"c":0,"s":"N20","n":0}},{"type":"Feature","geometry":{"type":"Point","coordinates":[130.8823,-17.4405]},"properties":{"d":"2026-09-15","t":"0516","frp":7.3,"b":345.0,"c":0,"s":"N20","n":0}},{"type":"Feature","geometry":{"type":"Point","coordinates":[130.8873,-17.4396]},"properties":{"d":"2026-09-15","t":"0516","frp":7.3,"b":341.1,"c":0,"s":"N20","n":0}},{"type":"Feature","geometry":{"type":"Point","coordinates":[130.6047,-17.438]},"properties":{"d":"2026-09-15","t":"0516","frp":2.7,"b":337.8,"c":0,"s":"N20","n":0}},{"type":"Feature","geometry":{"type":"Point","coordinates":[130.8815,-17.4367]},"properties":{"d":"2026-09-15","t":"0516","frp":13.3,"b":354.1,"c":1,"s":"N20","n":0}},{"type":"Feature","geometry":{"type":"Point","coordinates":[130.8607,-17.4363]},"properties":{"d":"2026-09-15","t":"0516","frp":9.4,"b":346.8,"c":1,"s":"N20","n":0}},{"type":"Feature","geometry":{"type":"Point","coordinates":[130.6396,-17.4357]},"properties":{"d":"2026-09-15","t":"0516","frp":7.9,"b":348.7,"c":1,"s":"N20","n":0}},{"type":"Feature","geometry":{"type":"Point","coordinates":[130.5741,-17.4355]},"properties":{"d":"2026-09-15","t":"0516","frp":7.0,"b":346.2,"c":1,"s":"N20","n":0}},{"type":"Feature","geometry":{"type":"Point","coordinates":[130.8499,-17.4342]},"properties":{"d":"2026-09-15","t":"0516","frp":16.4,"b":351.6,"c":1,"s":"N20","n":0}},{"type":"Feature","geometry":{"type":"Point","coordinates":[130.855,-17.4334]},"properties":{"d":"2026-09-15","t":"0516","frp":16.4,"b":342.2,"c":1,"s":"N20","n":0}},{"type":"Feature","geometry":{"type":"Point","coordinates":[130.6339,-17.4328]},"properties":{"d":"2026-09-15","t":"0516","frp":13.6,"b":347.9,"c":1,"s":"N20","n":0}},{"type":"Feature","geometry":{"type":"Point","coordinates":[130.5685,-17.4326]},"properties":{"d":"2026-09-15","t":"0516","frp":11.0,"b":348.9,"c":1,"s":"N20","n":0}},{"type":"Feature","geometry":{"type":"Point","coordinates":[130.6388,-17.4319]},"properties":{"d":"2026-09-15","t":"0516","frp":13.6,"b":337.4,"c":0,"s":"N20","n":0}},{"type":"Feature","geometry":{"type":"Point","coordinates":[130.5734,-17.4318]},"properties":{"d":"2026-09-15","t":"0516","frp":7.0,"b":343.0,"c":1,"s":"N20","n":0}},{"type":"Feature","geometry":{"type":"Point","coordinates":[130.6332,-17.429]},"properties":{"d":"2026-09-15","t":"0516","frp":13.6,"b":345.5,"c":1,"s":"N20","n":0}},{"type":"Feature","geometry":{"type":"Point","coordinates":[130.6325,-17.4252]},"properties":{"d":"2026-09-15","t":"0516","frp":6.6,"b":339.2,"c":0,"s":"N20","n":0}},{"type":"Feature","geometry":{"type":"Point","coordinates":[130.6269,-17.4222]},"properties":{"d":"2026-09-15","t":"0516","frp":10.3,"b":342.4,"c":0,"s":"N20","n":0}},{"type":"Feature","geometry":{"type":"Point","coordinates":[130.5865,-17.4216]},"properties":{"d":"2026-09-15","t":"0516","frp":17.1,"b":355.6,"c":1,"s":"N20","n":0}},{"type":"Feature","geometry":{"type":"Point","coordinates":[130.8628,-17.42]},"properties":{"d":"2026-09-15","t":"0516","frp":8.2,"b":342.4,"c":0,"s":"N20","n":0}},{"type":"Feature","geometry":{"type":"Point","coordinates":[130.5962,-17.4198]},"properties":{"d":"2026-09-15","t":"0516","frp":10.4,"b":345.0,"c":1,"s":"N20","n":0}},{"type":"Feature","geometry":{"type":"Point","coordinates":[130.6213,-17.4193]},"properties":{"d":"2026-09-15","t":"0516","frp":6.5,"b":349.5,"c":1,"s":"N20","n":0}},{"type":"Feature","geometry":{"type":"Point","coordinates":[130.6011,-17.419]},"properties":{"d":"2026-09-15","t":"0516","frp":13.3,"b":355.2,"c":1,"s":"N20","n":0}},{"type":"Feature","geometry":{"type":"Point","coordinates":[130.6059,-17.4181]},"properties":{"d":"2026-09-15","t":"0516","frp":13.3,"b":343.5,"c":0,"s":"N20","n":0}},{"type":"Feature","geometry":{"type":"Point","coordinates":[130.5858,-17.4178]},"properties":{"d":"2026-09-15","t":"0516","frp":234.7,"b":367.0,"c":0,"s":"N20","n":0}},{"type":"Feature","geometry":{"type":"Point","coordinates":[130.5907,-17.4169]},"properties":{"d":"2026-09-15","t":"0516","frp":28.6,"b":353.7,"c":1,"s":"N20","n":0}},{"type":"Feature","geometry":{"type":"Point","coordinates":[130.6157,-17.4164]},"properties":{"d":"2026-09-15","t":"0516","frp":20.4,"b":356.2,"c":1,"s":"N20","n":0}},{"type":"Feature","geometry":{"type":"Point","coordinates":[130.8621,-17.4161]},"properties":{"d":"2026-09-15","t":"0516","frp":7.7,"b":347.3,"c":1,"s":"N20","n":0}},{"type":"Feature","geometry":{"type":"Point","coordinates":[130.5955,-17.416]},"properties":{"d":"2026-09-15","t":"0516","frp":28.6,"b":353.9,"c":1,"s":"N20","n":0}},{"type":"Feature","geometry":{"type":"Point","coordinates":[130.6207,-17.4155]},"properties":{"d":"2026-09-15","t":"0516","frp":6.5,"b":340.3,"c":1,"s":"N20","n":0}},{"type":"Feature","geometry":{"type":"Point","coordinates":[130.6004,-17.4152]},"properties":{"d":"2026-09-15","t":"0516","frp":24.2,"b":353.6,"c":1,"s":"N20","n":0}},{"type":"Feature","geometry":{"type":"Point","coordinates":[130.6052,-17.4143]},"properties":{"d":"2026-09-15","t":"0516","frp":24.2,"b":356.1,"c":1,"s":"N20","n":0}},{"type":"Feature","geometry":{"type":"Point","coordinates":[130.6101,-17.4134]},"properties":{"d":"2026-09-15","t":"0516","frp":10.0,"b":350.5,"c":1,"s":"N20","n":0}},{"type":"Feature","geometry":{"type":"Point","coordinates":[130.5899,-17.4131]},"properties":{"d":"2026-09-15","t":"0516","frp":28.6,"b":337.2,"c":0,"s":"N20","n":0}},{"type":"Feature","geometry":{"type":"Point","coordinates":[130.7016,-17.4129]},"properties":{"d":"2026-09-15","t":"0516","frp":2.5,"b":335.6,"c":0,"s":"N20","n":0}},{"type":"Feature","geometry":{"type":"Point","coordinates":[130.9254,-17.3929]},"properties":{"d":"2026-09-15","t":"0516","frp":18.1,"b":347.7,"c":1,"s":"N20","n":0}},{"type":"Feature","geometry":{"type":"Point","coordinates":[130.8937,-17.3906]},"properties":{"d":"2026-09-15","t":"0516","frp":19.0,"b":349.9,"c":1,"s":"N20","n":0}},{"type":"Feature","geometry":{"type":"Point","coordinates":[130.9247,-17.3891]},"properties":{"d":"2026-09-15","t":"0516","frp":16.9,"b":348.1,"c":1,"s":"N20","n":0}},{"type":"Feature","geometry":{"type":"Point","coordinates":[130.9189,-17.3861]},"properties":{"d":"2026-09-15","t":"0516","frp":33.8,"b":355.0,"c":1,"s":"N20","n":0}},{"type":"Feature","geometry":{"type":"Point","coordinates":[130.9081,-17.384]},"properties":{"d":"2026-09-15","t":"0516","frp":9.0,"b":346.4,"c":1,"s":"N20","n":0}},{"type":"Feature","geometry":{"type":"Point","coordinates":[130.9132,-17.3831]},"properties":{"d":"2026-09-15","t":"0516","frp":21.9,"b":355.0,"c":1,"s":"N20","n":0}},{"type":"Feature","geometry":{"type":"Point","coordinates":[128.8988,-17.0531]},"properties":{"d":"2026-09-15","t":"0516","frp":11.1,"b":348.8,"c":1,"s":"N20","n":0}},{"type":"Feature","geometry":{"type":"Point","coordinates":[128.9029,-17.0524]},"properties":{"d":"2026-09-15","t":"0516","frp":4.5,"b":341.9,"c":0,"s":"N20","n":0}},{"type":"Feature","geometry":{"type":"Point","coordinates":[128.9063,-17.0482]},"properties":{"d":"2026-09-15","t":"0516","frp":18.6,"b":356.3,"c":1,"s":"N20","n":0}},{"type":"Feature","geometry":{"type":"Point","coordinates":[124.0772,-16.773]},"properties":{"d":"2026-09-15","t":"0516","frp":42.5,"b":347.5,"c":1,"s":"N20","n":0}},{"type":"Feature","geometry":{"type":"Point","coordinates":[135.5405,-16.707]},"properties":{"d":"2026-09-15","t":"0516","frp":9.5,"b":367.0,"c":2,"s":"N20","n":0}},{"type":"Feature","geometry":{"type":"Point","coordinates":[136.8158,-16.5433]},"properties":{"d":"2026-09-15","t":"0516","frp":8.8,"b":333.4,"c":1,"s":"N20","n":0}},{"type":"Feature","geometry":{"type":"Point","coordinates":[136.8144,-16.5423]},"properties":{"d":"2026-09-15","t":"0516","frp":8.6,"b":335.4,"c":1,"s":"N20","n":0}},{"type":"Feature","geometry":{"type":"Point","coordinates":[136.8145,-16.5376]},"properties":{"d":"2026-09-15","t":"0516","frp":8.8,"b":367.0,"c":2,"s":"N20","n":0}},{"type":"Feature","geometry":{"type":"Point","coordinates":[136.8186,-16.5368]},"properties":{"d":"2026-09-15","t":"0516","frp":11.0,"b":367.0,"c":2,"s":"N20","n":0}},{"type":"Feature","geometry":{"type":"Point","coordinates":[136.8131,-16.5366]},"properties":{"d":"2026-09-15","t":"0516","frp":8.6,"b":367.0,"c":2,"s":"N20","n":0}},{"type":"Feature","geometry":{"type":"Point","coordinates":[136.8226,-16.5359]},"properties":{"d":"2026-09-15","t":"0516","frp":11.0,"b":367.0,"c":2,"s":"N20","n":0}},{"type":"Feature","geometry":{"type":"Point","coordinates":[136.8171,-16.5357]},"properties":{"d":"2026-09-15","t":"0516","frp":13.1,"b":367.0,"c":2,"s":"N20","n":0}},{"type":"Feature","geometry":{"type":"Point","coordinates":[136.8266,-16.535]},"properties":{"d":"2026-09-15","t":"0516","frp":8.1,"b":340.3,"c":1,"s":"N20","n":0}},{"type":"Feature","geometry":{"type":"Point","coordinates":[136.8212,-16.5349]},"properties":{"d":"2026-09-15","t":"0516","frp":13.1,"b":355.5,"c":1,"s":"N20","n":0}},{"type":"Feature","geometry":{"type":"Point","coordinates":[136.8252,-16.5341]},"properties":{"d":"2026-09-15","t":"0516","frp":10.0,"b":349.2,"c":1,"s":"N20","n":0}},{"type":"Feature","geometry":{"type":"Point","coordinates":[136.8133,-16.5319]},"properties":{"d":"2026-09-15","t":"0516","frp":5.4,"b":332.4,"c":1,"s":"N20","n":0}},{"type":"Feature","geometry":{"type":"Point","coordinates":[136.8078,-16.5317]},"properties":{"d":"2026-09-15","t":"0516","frp":4.7,"b":332.5,"c":1,"s":"N20","n":0}},{"type":"Feature","geometry":{"type":"Point","coordinates":[136.8173,-16.5311]},"properties":{"d":"2026-09-15","t":"0516","frp":8.0,"b":333.2,"c":1,"s":"N20","n":0}},{"type":"Feature","geometry":{"type":"Point","coordinates":[136.8159,-16.53]},"properties":{"d":"2026-09-15","t":"0516","frp":6.2,"b":332.1,"c":1,"s":"N20","n":0}},{"type":"Feature","geometry":{"type":"Point","coordinates":[136.8456,-16.5299]},"properties":{"d":"2026-09-15","t":"0516","frp":4.5,"b":330.6,"c":1,"s":"N20","n":0}},{"type":"Feature","geometry":{"type":"Point","coordinates":[136.808,-16.5271]},"properties":{"d":"2026-09-15","t":"0516","frp":5.4,"b":334.1,"c":1,"s":"N20","n":0}},{"type":"Feature","geometry":{"type":"Point","coordinates":[136.8065,-16.526]},"properties":{"d":"2026-09-15","t":"0516","frp":4.7,"b":330.1,"c":0,"s":"N20","n":0}},{"type":"Feature","geometry":{"type":"Point","coordinates":[136.8108,-16.5205]},"properties":{"d":"2026-09-15","t":"0516","frp":4.5,"b":332.9,"c":1,"s":"N20","n":0}},{"type":"Feature","geometry":{"type":"Point","coordinates":[123.0256,-16.4598]},"properties":{"d":"2026-09-15","t":"0516","frp":5.9,"b":341.7,"c":1,"s":"N20","n":0}},{"type":"Feature","geometry":{"type":"Point","coordinates":[123.0299,-16.4592]},"properties":{"d":"2026-09-15","t":"0516","frp":5.9,"b":348.5,"c":1,"s":"N20","n":0}},{"type":"Feature","geometry":{"type":"Point","coordinates":[123.0341,-16.4586]},"properties":{"d":"2026-09-15","t":"0516","frp":5.7,"b":330.8,"c":1,"s":"N20","n":0}},{"type":"Feature","geometry":{"type":"Point","coordinates":[123.0425,-16.4574]},"properties":{"d":"2026-09-15","t":"0516","frp":23.9,"b":350.6,"c":1,"s":"N20","n":0}},{"type":"Feature","geometry":{"type":"Point","coordinates":[123.0251,-16.4562]},"properties":{"d":"2026-09-15","t":"0516","frp":5.9,"b":343.5,"c":1,"s":"N20","n":0}},{"type":"Feature","geometry":{"type":"Point","coordinates":[123.0156,-16.4502]},"properties":{"d":"2026-09-15","t":"0516","frp":4.9,"b":340.3,"c":1,"s":"N20","n":0}},{"type":"Feature","geometry":{"type":"Point","coordinates":[130.3772,-16.2265]},"properties":{"d":"2026-09-15","t":"0516","frp":11.1,"b":347.8,"c":1,"s":"N20","n":0}},{"type":"Feature","geometry":{"type":"Point","coordinates":[130.3619,-16.2252]},"properties":{"d":"2026-09-15","t":"0516","frp":22.1,"b":347.7,"c":1,"s":"N20","n":0}},{"type":"Feature","geometry":{"type":"Point","coordinates":[130.413,-16.2243]},"properties":{"d":"2026-09-15","t":"0516","frp":7.8,"b":346.4,"c":1,"s":"N20","n":0}},{"type":"Feature","geometry":{"type":"Point","coordinates":[130.3613,-16.2214]},"properties":{"d":"2026-09-15","t":"0516","frp":10.1,"b":344.7,"c":1,"s":"N20","n":0}},{"type":"Feature","geometry":{"type":"Point","coordinates":[130.3498,-16.2115]},"properties":{"d":"2026-09-15","t":"0516","frp":6.8,"b":350.5,"c":1,"s":"N20","n":0}},{"type":"Feature","geometry":{"type":"Point","coordinates":[130.3345,-16.2102]},"properties":{"d":"2026-09-15","t":"0516","frp":8.9,"b":342.3,"c":0,"s":"N20","n":0}},{"type":"Feature","geometry":{"type":"Point","coordinates":[130.329,-16.2073]},"properties":{"d":"2026-09-15","t":"0516","frp":8.9,"b":346.7,"c":1,"s":"N20","n":0}},{"type":"Feature","geometry":{"type":"Point","coordinates":[130.3555,-16.1869]},"properties":{"d":"2026-09-15","t":"0516","frp":6.7,"b":340.4,"c":0,"s":"N20","n":0}},{"type":"Feature","geometry":{"type":"Point","coordinates":[130.3195,-16.1853]},"properties":{"d":"2026-09-15","t":"0516","frp":2.4,"b":333.7,"c":1,"s":"N20","n":0}},{"type":"Feature","geometry":{"type":"Point","coordinates":[130.4555,-16.1813]},"properties":{"d":"2026-09-15","t":"0516","frp":10.9,"b":355.3,"c":1,"s":"N20","n":0}},{"type":"Feature","geometry":{"type":"Point","coordinates":[130.4454,-16.1791]},"properties":{"d":"2026-09-15","t":"0516","frp":11.3,"b":340.2,"c":0,"s":"N20","n":0}},{"type":"Feature","geometry":{"type":"Point","coordinates":[130.4596,-16.1766]},"properties":{"d":"2026-09-15","t":"0516","frp":10.9,"b":343.9,"c":0,"s":"N20","n":0}},{"type":"Feature","geometry":{"type":"Point","coordinates":[130.4584,-16.1688]},"properties":{"d":"2026-09-15","t":"0516","frp":7.5,"b":340.2,"c":0,"s":"N20","n":0}},{"type":"Feature","geometry":{"type":"Point","coordinates":[130.4629,-16.1641]},"properties":{"d":"2026-09-15","t":"0516","frp":7.2,"b":339.9,"c":0,"s":"N20","n":0}},{"type":"Feature","geometry":{"type":"Point","coordinates":[130.4971,-16.1581]},"properties":{"d":"2026-09-15","t":"0516","frp":8.1,"b":343.9,"c":0,"s":"N20","n":0}},{"type":"Feature","geometry":{"type":"Point","coordinates":[130.4914,-16.1551]},"properties":{"d":"2026-09-15","t":"0516","frp":8.1,"b":345.6,"c":0,"s":"N20","n":0}},{"type":"Feature","geometry":{"type":"Point","coordinates":[130.5068,-16.1524]},"properties":{"d":"2026-09-15","t":"0516","frp":9.4,"b":340.2,"c":0,"s":"N20","n":0}},{"type":"Feature","geometry":{"type":"Point","coordinates":[130.5427,-16.1261]},"properties":{"d":"2026-09-15","t":"0516","frp":13.2,"b":354.1,"c":1,"s":"N20","n":0}},{"type":"Feature","geometry":{"type":"Point","coordinates":[130.5223,-16.1257]},"properties":{"d":"2026-09-15","t":"0516","frp":4.2,"b":336.5,"c":1,"s":"N20","n":0}},{"type":"Feature","geometry":{"type":"Point","coordinates":[130.5477,-16.1252]},"properties":{"d":"2026-09-15","t":"0516","frp":7.4,"b":339.2,"c":0,"s":"N20","n":0}},{"type":"Feature","geometry":{"type":"Point","coordinates":[130.5875,-16.0814]},"properties":{"d":"2026-09-15","t":"0516","frp":6.6,"b":339.9,"c":0,"s":"N20","n":0}},{"type":"Feature","geometry":{"type":"Point","coordinates":[130.5867,-16.0775]},"properties":{"d":"2026-09-15","t":"0516","frp":6.6,"b":341.6,"c":1,"s":"N20","n":0}},{"type":"Feature","geometry":{"type":"Point","coordinates":[130.62,-16.0276]},"properties":{"d":"2026-09-15","t":"0516","frp":15.5,"b":351.8,"c":1,"s":"N20","n":0}},{"type":"Feature","geometry":{"type":"Point","coordinates":[130.6244,-16.0228]},"properties":{"d":"2026-09-15","t":"0516","frp":9.8,"b":339.7,"c":0,"s":"N20","n":0}},{"type":"Feature","geometry":{"type":"Point","coordinates":[130.6157,-16.0043]},"properties":{"d":"2026-09-15","t":"0516","frp":11.9,"b":347.7,"c":1,"s":"N20","n":0}},{"type":"Feature","geometry":{"type":"Point","coordinates":[130.3973,-15.9856]},"properties":{"d":"2026-09-15","t":"0516","frp":6.7,"b":342.0,"c":1,"s":"N20","n":0}},{"type":"Feature","geometry":{"type":"Point","coordinates":[130.4957,-15.7068]},"properties":{"d":"2026-09-15","t":"0516","frp":8.1,"b":346.8,"c":1,"s":"N20","n":0}},{"type":"Feature","geometry":{"type":"Point","coordinates":[130.495,-15.703]},"properties":{"d":"2026-09-15","t":"0516","frp":8.1,"b":344.7,"c":1,"s":"N20","n":0}},{"type":"Feature","geometry":{"type":"Point","coordinates":[130.4942,-15.6991]},"properties":{"d":"2026-09-15","t":"0516","frp":7.7,"b":339.6,"c":0,"s":"N20","n":0}},{"type":"Feature","geometry":{"type":"Point","coordinates":[130.4926,-15.6914]},"properties":{"d":"2026-09-15","t":"0516","frp":10.9,"b":339.5,"c":0,"s":"N20","n":0}},{"type":"Feature","geometry":{"type":"Point","coordinates":[130.4918,-15.6875]},"properties":{"d":"2026-09-15","t":"0516","frp":10.9,"b":350.7,"c":1,"s":"N20","n":0}},{"type":"Feature","geometry":{"type":"Point","coordinates":[130.4891,-15.6874]},"properties":{"d":"2026-09-15","t":"0516","frp":18.5,"b":353.4,"c":1,"s":"N20","n":0}},{"type":"Feature","geometry":{"type":"Point","coordinates":[130.5377,-15.6429]},"properties":{"d":"2026-09-15","t":"0516","frp":10.2,"b":338.4,"c":0,"s":"N20","n":0}},{"type":"Feature","geometry":{"type":"Point","coordinates":[130.5318,-15.6399]},"properties":{"d":"2026-09-15","t":"0516","frp":12.3,"b":342.9,"c":0,"s":"N20","n":0}},{"type":"Feature","geometry":{"type":"Point","coordinates":[130.5113,-15.6394]},"properties":{"d":"2026-09-15","t":"0516","frp":4.2,"b":339.4,"c":0,"s":"N20","n":0}},{"type":"Feature","geometry":{"type":"Point","coordinates":[130.537,-15.639]},"properties":{"d":"2026-09-15","t":"0516","frp":12.3,"b":336.6,"c":0,"s":"N20","n":0}},{"type":"Feature","geometry":{"type":"Point","coordinates":[130.526,-15.6369]},"properties":{"d":"2026-09-15","t":"0516","frp":16.6,"b":349.8,"c":1,"s":"N20","n":0}},{"type":"Feature","geometry":{"type":"Point","coordinates":[130.5311,-15.636]},"properties":{"d":"2026-09-15","t":"0516","frp":12.3,"b":352.1,"c":1,"s":"N20","n":0}},{"type":"Feature","geometry":{"type":"Point","coordinates":[130.5203,-15.6339]},"properties":{"d":"2026-09-15","t":"0516","frp":6.8,"b":342.6,"c":0,"s":"N20","n":0}},{"type":"Feature","geometry":{"type":"Point","coordinates":[130.5253,-15.633]},"properties":{"d":"2026-09-15","t":"0516","frp":6.8,"b":338.5,"c":0,"s":"N20","n":0}},{"type":"Feature","geometry":{"type":"Point","coordinates":[130.5145,-15.6309]},"properties":{"d":"2026-09-15","t":"0516","frp":13.7,"b":351.1,"c":1,"s":"N20","n":0}},{"type":"Feature","geometry":{"type":"Point","coordinates":[130.5195,-15.63]},"properties":{"d":"2026-09-15","t":"0516","frp":6.8,"b":350.1,"c":1,"s":"N20","n":0}},{"type":"Feature","geometry":{"type":"Point","coordinates":[130.5088,-15.6278]},"properties":{"d":"2026-09-15","t":"0516","frp":21.9,"b":352.9,"c":1,"s":"N20","n":0}},{"type":"Feature","geometry":{"type":"Point","coordinates":[130.5138,-15.627]},"properties":{"d":"2026-09-15","t":"0516","frp":21.9,"b":354.5,"c":1,"s":"N20","n":0}},{"type":"Feature","geometry":{"type":"Point","coordinates":[130.5083,-15.6239]},"properties":{"d":"2026-09-15","t":"0516","frp":21.9,"b":339.6,"c":0,"s":"N20","n":0}},{"type":"Feature","geometry":{"type":"Point","coordinates":[134.1008,-15.6131]},"properties":{"d":"2026-09-15","t":"0516","frp":7.3,"b":342.8,"c":1,"s":"N20","n":0}},{"type":"Feature","geometry":{"type":"Point","coordinates":[134.0885,-15.6104]},"properties":{"d":"2026-09-15","t":"0516","frp":9.7,"b":345.3,"c":1,"s":"N20","n":0}},{"type":"Feature","geometry":{"type":"Point","coordinates":[134.0998,-15.6082]},"properties":{"d":"2026-09-15","t":"0516","frp":8.1,"b":341.2,"c":1,"s":"N20","n":0}},{"type":"Feature","geometry":{"type":"Point","coordinates":[134.0876,-15.6055]},"properties":{"d":"2026-09-15","t":"0516","frp":9.7,"b":351.4,"c":1,"s":"N20","n":0}},{"type":"Feature","geometry":{"type":"Point","coordinates":[134.0932,-15.6044]},"properties":{"d":"2026-09-15","t":"0516","frp":8.1,"b":348.4,"c":1,"s":"N20","n":0}},{"type":"Feature","geometry":{"type":"Point","coordinates":[134.1071,-15.5864]},"properties":{"d":"2026-09-15","t":"0516","frp":17.4,"b":367.0,"c":2,"s":"N20","n":0}},{"type":"Feature","geometry":{"type":"Point","coordinates":[134.1128,-15.5853]},"properties":{"d":"2026-09-15","t":"0516","frp":10.9,"b":348.6,"c":1,"s":"N20","n":0}},{"type":"Feature","geometry":{"type":"Point","coordinates":[134.1006,-15.5826]},"properties":{"d":"2026-09-15","t":"0516","frp":17.4,"b":339.3,"c":1,"s":"N20","n":0}},{"type":"Feature","geometry":{"type":"Point","coordinates":[134.1118,-15.5804]},"properties":{"d":"2026-09-15","t":"0516","frp":10.9,"b":343.8,"c":1,"s":"N20","n":0}},{"type":"Feature","geometry":{"type":"Point","coordinates":[134.1175,-15.5793]},"properties":{"d":"2026-09-15","t":"0516","frp":10.9,"b":367.0,"c":2,"s":"N20","n":0}},{"type":"Feature","geometry":{"type":"Point","coordinates":[134.1165,-15.5744]},"properties":{"d":"2026-09-15","t":"0516","frp":6.5,"b":353.5,"c":1,"s":"N20","n":0}},{"type":"Feature","geometry":{"type":"Point","coordinates":[134.0691,-15.5735]},"properties":{"d":"2026-09-15","t":"0516","frp":8.0,"b":338.4,"c":0,"s":"N20","n":0}},{"type":"Feature","geometry":{"type":"Point","coordinates":[134.0987,-15.5728]},"properties":{"d":"2026-09-15","t":"0516","frp":9.0,"b":344.6,"c":1,"s":"N20","n":0}},{"type":"Feature","geometry":{"type":"Point","coordinates":[134.0668,-15.5717]},"properties":{"d":"2026-09-15","t":"0516","frp":75.0,"b":336.6,"c":0,"s":"N20","n":0}},{"type":"Feature","geometry":{"type":"Point","coordinates":[134.0964,-15.5712]},"properties":{"d":"2026-09-15","t":"0516","frp":11.0,"b":345.0,"c":1,"s":"N20","n":0}},{"type":"Feature","geometry":{"type":"Point","coordinates":[134.1099,-15.5706]},"properties":{"d":"2026-09-15","t":"0516","frp":6.5,"b":343.1,"c":0,"s":"N20","n":0}},{"type":"Feature","geometry":{"type":"Point","coordinates":[134.0862,-15.5702]},"properties":{"d":"2026-09-15","t":"0516","frp":30.5,"b":355.1,"c":1,"s":"N20","n":0}},{"type":"Feature","geometry":{"type":"Point","coordinates":[134.0782,-15.5696]},"properties":{"d":"2026-09-15","t":"0516","frp":116.9,"b":367.0,"c":0,"s":"N20","n":0}},{"type":"Feature","geometry":{"type":"Point","coordinates":[134.1156,-15.5695]},"properties":{"d":"2026-09-15","t":"0516","frp":6.5,"b":336.3,"c":0,"s":"N20","n":0}},{"type":"Feature","geometry":{"type":"Point","coordinates":[134.1077,-15.5691]},"properties":{"d":"2026-09-15","t":"0516","frp":7.8,"b":340.9,"c":0,"s":"N20","n":0}},{"type":"Feature","geometry":{"type":"Point","coordinates":[134.0919,-15.5691]},"properties":{"d":"2026-09-15","t":"0516","frp":30.5,"b":346.8,"c":1,"s":"N20","n":0}},{"type":"Feature","geometry":{"type":"Point","coordinates":[134.0839,-15.5685]},"properties":{"d":"2026-09-15","t":"0516","frp":116.9,"b":348.9,"c":0,"s":"N20","n":0}},{"type":"Feature","geometry":{"type":"Point","coordinates":[134.1134,-15.568]},"properties":{"d":"2026-09-15","t":"0516","frp":3.8,"b":338.9,"c":1,"s":"N20","n":0}},{"type":"Feature","geometry":{"type":"Point","coordinates":[134.0977,-15.5679]},"properties":{"d":"2026-09-15","t":"0516","frp":8.7,"b":344.8,"c":1,"s":"N20","n":0}},{"type":"Feature","geometry":{"type":"Point","coordinates":[134.0896,-15.5674]},"properties":{"d":"2026-09-15","t":"0516","frp":11.0,"b":354.6,"c":1,"s":"N20","n":0}},{"type":"Feature","geometry":{"type":"Point","coordinates":[134.0795,-15.5664]},"properties":{"d":"2026-09-15","t":"0516","frp":233.6,"b":351.3,"c":1,"s":"N20","n":0}},{"type":"Feature","geometry":{"type":"Point","coordinates":[134.0954,-15.5663]},"properties":{"d":"2026-09-15","t":"0516","frp":11.0,"b":342.7,"c":0,"s":"N20","n":0}},{"type":"Feature","geometry":{"type":"Point","coordinates":[134.0715,-15.5658]},"properties":{"d":"2026-09-15","t":"0516","frp":7.9,"b":335.4,"c":0,"s":"N20","n":0}},{"type":"Feature","geometry":{"type":"Point","coordinates":[134.1011,-15.5653]},"properties":{"d":"2026-09-15","t":"0516","frp":7.8,"b":345.8,"c":1,"s":"N20","n":0}},{"type":"Feature","geometry":{"type":"Point","coordinates":[134.0771,-15.5647]},"properties":{"d":"2026-09-15","t":"0516","frp":8.8,"b":343.4,"c":1,"s":"N20","n":0}},{"type":"Feature","geometry":{"type":"Point","coordinates":[134.0909,-15.5642]},"properties":{"d":"2026-09-15","t":"0516","frp":30.5,"b":340.8,"c":0,"s":"N20","n":0}},{"type":"Feature","geometry":{"type":"Point","coordinates":[134.0967,-15.563]},"properties":{"d":"2026-09-15","t":"0516","frp":8.7,"b":346.0,"c":1,"s":"N20","n":0}},{"type":"Feature","geometry":{"type":"Point","coordinates":[134.0729,-15.5627]},"properties":{"d":"2026-09-15","t":"0516","frp":15.8,"b":343.9,"c":1,"s":"N20","n":0}},{"type":"Feature","geometry":{"type":"Point","coordinates":[134.0785,-15.5616]},"properties":{"d":"2026-09-15","t":"0516","frp":15.8,"b":340.3,"c":0,"s":"N20","n":0}},{"type":"Feature","geometry":{"type":"Point","coordinates":[134.0944,-15.5615]},"properties":{"d":"2026-09-15","t":"0516","frp":11.5,"b":344.1,"c":1,"s":"N20","n":0}},{"type":"Feature","geometry":{"type":"Point","coordinates":[134.0705,-15.5609]},"properties":{"d":"2026-09-15","t":"0516","frp":7.9,"b":349.3,"c":1,"s":"N20","n":0}},{"type":"Feature","geometry":{"type":"Point","coordinates":[134.0842,-15.5604]},"properties":{"d":"2026-09-15","t":"0516","frp":8.0,"b":341.6,"c":0,"s":"N20","n":0}},{"type":"Feature","geometry":{"type":"Point","coordinates":[134.0762,-15.5598]},"properties":{"d":"2026-09-15","t":"0516","frp":8.8,"b":345.8,"c":1,"s":"N20","n":0}},{"type":"Feature","geometry":{"type":"Point","coordinates":[134.0899,-15.5593]},"properties":{"d":"2026-09-15","t":"0516","frp":8.0,"b":356.1,"c":1,"s":"N20","n":0}},{"type":"Feature","geometry":{"type":"Point","coordinates":[134.0819,-15.5587]},"properties":{"d":"2026-09-15","t":"0516","frp":8.8,"b":348.0,"c":1,"s":"N20","n":0}},{"type":"Feature","geometry":{"type":"Point","coordinates":[134.0719,-15.5578]},"properties":{"d":"2026-09-15","t":"0516","frp":15.8,"b":354.3,"c":1,"s":"N20","n":0}},{"type":"Feature","geometry":{"type":"Point","coordinates":[134.0876,-15.5577]},"properties":{"d":"2026-09-15","t":"0516","frp":11.5,"b":351.7,"c":1,"s":"N20","n":0}},{"type":"Feature","geometry":{"type":"Point","coordinates":[134.0776,-15.5567]},"properties":{"d":"2026-09-15","t":"0516","frp":15.8,"b":353.6,"c":1,"s":"N20","n":0}},{"type":"Feature","geometry":{"type":"Point","coordinates":[134.0696,-15.556]},"properties":{"d":"2026-09-15","t":"0516","frp":26.4,"b":350.0,"c":1,"s":"N20","n":0}},{"type":"Feature","geometry":{"type":"Point","coordinates":[134.0832,-15.5555]},"properties":{"d":"2026-09-15","t":"0516","frp":8.0,"b":346.9,"c":1,"s":"N20","n":0}},{"type":"Feature","geometry":{"type":"Point","coordinates":[134.0752,-15.5549]},"properties":{"d":"2026-09-15","t":"0516","frp":16.5,"b":367.0,"c":2,"s":"N20","n":0}},{"type":"Feature","geometry":{"type":"Point","coordinates":[134.0809,-15.5539]},"properties":{"d":"2026-09-15","t":"0516","frp":16.5,"b":347.1,"c":1,"s":"N20","n":0}},{"type":"Feature","geometry":{"type":"Point","coordinates":[134.071,-15.5529]},"properties":{"d":"2026-09-15","t":"0516","frp":8.0,"b":344.2,"c":1,"s":"N20","n":0}},{"type":"Feature","geometry":{"type":"Point","coordinates":[134.0766,-15.5518]},"properties":{"d":"2026-09-15","t":"0516","frp":8.0,"b":350.5,"c":1,"s":"N20","n":0}},{"type":"Feature","geometry":{"type":"Point","coordinates":[134.3279,-15.5224]},"properties":{"d":"2026-09-15","t":"0516","frp":3.7,"b":335.2,"c":1,"s":"N20","n":0}},{"type":"Feature","geometry":{"type":"Point","coordinates":[134.3321,-15.5213]},"properties":{"d":"2026-09-15","t":"0516","frp":11.8,"b":342.0,"c":1,"s":"N20","n":0}},{"type":"Feature","geometry":{"type":"Point","coordinates":[134.3337,-15.5212]},"properties":{"d":"2026-09-15","t":"0516","frp":3.7,"b":338.9,"c":1,"s":"N20","n":0}},{"type":"Feature","geometry":{"type":"Point","coordinates":[134.3873,-15.5209]},"properties":{"d":"2026-09-15","t":"0516","frp":69.3,"b":335.3,"c":0,"s":"N20","n":0}},{"type":"Feature","geometry":{"type":"Point","coordinates":[134.3628,-15.5206]},"properties":{"d":"2026-09-15","t":"0516","frp":4.7,"b":347.5,"c":1,"s":"N20","n":0}},{"type":"Feature","geometry":{"type":"Point","coordinates":[134.3396,-15.52]},"properties":{"d":"2026-09-15","t":"0516","frp":75.8,"b":335.5,"c":1,"s":"N20","n":0}},{"type":"Feature","geometry":{"type":"Point","coordinates":[134.3657,-15.52]},"properties":{"d":"2026-09-15","t":"0516","frp":4.7,"b":367.0,"c":2,"s":"N20","n":0}},{"type":"Feature","geometry":{"type":"Point","coordinates":[134.3687,-15.5195]},"properties":{"d":"2026-09-15","t":"0516","frp":5.1,"b":355.6,"c":1,"s":"N20","n":0}},{"type":"Feature","geometry":{"type":"Point","coordinates":[134.3438,-15.5191]},"properties":{"d":"2026-09-15","t":"0516","frp":12.4,"b":355.4,"c":1,"s":"N20","n":0}},{"type":"Feature","geometry":{"type":"Point","coordinates":[134.3455,-15.5189]},"properties":{"d":"2026-09-15","t":"0516","frp":75.8,"b":354.6,"c":1,"s":"N20","n":0}},{"type":"Feature","geometry":{"type":"Point","coordinates":[134.3716,-15.5189]},"properties":{"d":"2026-09-15","t":"0516","frp":5.1,"b":340.5,"c":1,"s":"N20","n":0}},{"type":"Feature","geometry":{"type":"Point","coordinates":[134.3745,-15.5183]},"properties":{"d":"2026-09-15","t":"0516","frp":15.6,"b":350.5,"c":1,"s":"N20","n":0}},{"type":"Feature","geometry":{"type":"Point","coordinates":[134.3498,-15.5179]},"properties":{"d":"2026-09-15","t":"0516","frp":12.4,"b":355.9,"c":1,"s":"N20","n":0}},{"type":"Feature","geometry":{"type":"Point","coordinates":[134.3514,-15.5177]},"properties":{"d":"2026-09-15","t":"0516","frp":10.0,"b":353.9,"c":1,"s":"N20","n":0}},{"type":"Feature","geometry":{"type":"Point","coordinates":[134.3775,-15.5177]},"properties":{"d":"2026-09-15","t":"0516","frp":15.6,"b":352.4,"c":1,"s":"N20","n":0}},{"type":"Feature","geometry":{"type":"Point","coordinates":[134.3573,-15.5165]},"properties":{"d":"2026-09-15","t":"0516","frp":10.0,"b":343.4,"c":1,"s":"N20","n":0}},{"type":"Feature","geometry":{"type":"Point","coordinates":[134.3617,-15.5157]},"properties":{"d":"2026-09-15","t":"0516","frp":7.2,"b":367.0,"c":2,"s":"N20","n":0}},{"type":"Feature","geometry":{"type":"Point","coordinates":[134.3893,-15.5154]},"properties":{"d":"2026-09-15","t":"0516","frp":69.3,"b":313.8,"c":0,"s":"N20","n":0}},{"type":"Feature","geometry":{"type":"Point","coordinates":[134.3647,-15.5151]},"properties":{"d":"2026-09-15","t":"0516","frp":7.2,"b":344.8,"c":1,"s":"N20","n":0}},{"type":"Feature","geometry":{"type":"Point","coordinates":[134.3923,-15.5148]},"properties":{"d":"2026-09-15","t":"0516","frp":40.5,"b":367.0,"c":2,"s":"N20","n":0}},{"type":"Feature","geometry":{"type":"Point","coordinates":[134.3953,-15.5142]},"properties":{"d":"2026-09-15","t":"0516","frp":40.5,"b":354.8,"c":1,"s":"N20","n":0}},{"type":"Feature","geometry":{"type":"Point","coordinates":[134.3427,-15.5141]},"properties":{"d":"2026-09-15","t":"0516","frp":45.2,"b":355.1,"c":1,"s":"N20","n":0}},{"type":"Feature","geometry":{"type":"Point","coordinates":[134.3444,-15.5139]},"properties":{"d":"2026-09-15","t":"0516","frp":75.8,"b":356.2,"c":1,"s":"N20","n":0}},{"type":"Feature","geometry":{"type":"Point","coordinates":[134.3982,-15.5136]},"properties":{"d":"2026-09-15","t":"0516","frp":8.6,"b":367.0,"c":2,"s":"N20","n":0}},{"type":"Feature","geometry":{"type":"Point","coordinates":[134.4011,-15.513]},"properties":{"d":"2026-09-15","t":"0516","frp":8.6,"b":343.7,"c":1,"s":"N20","n":0}},{"type":"Feature","geometry":{"type":"Point","coordinates":[134.3487,-15.513]},"properties":{"d":"2026-09-15","t":"0516","frp":45.2,"b":341.2,"c":1,"s":"N20","n":0}},{"type":"Feature","geometry":{"type":"Point","coordinates":[134.3504,-15.5127]},"properties":{"d":"2026-09-15","t":"0516","frp":10.0,"b":338.0,"c":1,"s":"N20","n":0}},{"type":"Feature","geometry":{"type":"Point","coordinates":[134.4041,-15.5124]},"properties":{"d":"2026-09-15","t":"0516","frp":5.6,"b":350.2,"c":1,"s":"N20","n":0}},{"type":"Feature","geometry":{"type":"Point","coordinates":[134.4071,-15.5118]},"properties":{"d":"2026-09-15","t":"0516","frp":5.6,"b":355.4,"c":1,"s":"N20","n":0}},{"type":"Feature","geometry":{"type":"Point","coordinates":[134.41,-15.5113]},"properties":{"d":"2026-09-15","t":"0516","frp":5.9,"b":367.0,"c":2,"s":"N20","n":0}},{"type":"Feature","geometry":{"type":"Point","coordinates":[134.413,-15.5107]},"properties":{"d":"2026-09-15","t":"0516","frp":5.9,"b":367.0,"c":2,"s":"N20","n":0}},{"type":"Feature","geometry":{"type":"Point","coordinates":[134.3374,-15.5101]},"properties":{"d":"2026-09-15","t":"0516","frp":4.8,"b":331.0,"c":1,"s":"N20","n":0}},{"type":"Feature","geometry":{"type":"Point","coordinates":[134.3416,-15.5091]},"properties":{"d":"2026-09-15","t":"0516","frp":45.2,"b":346.7,"c":1,"s":"N20","n":0}},{"type":"Feature","geometry":{"type":"Point","coordinates":[134.3434,-15.509]},"properties":{"d":"2026-09-15","t":"0516","frp":4.8,"b":342.8,"c":1,"s":"N20","n":0}},{"type":"Feature","geometry":{"type":"Point","coordinates":[134.3626,-15.5051]},"properties":{"d":"2026-09-15","t":"0516","frp":5.9,"b":335.1,"c":0,"s":"N20","n":0}},{"type":"Feature","geometry":{"type":"Point","coordinates":[134.2317,-15.5045]},"properties":{"d":"2026-09-15","t":"0516","frp":10.0,"b":343.0,"c":1,"s":"N20","n":0}},{"type":"Feature","geometry":{"type":"Point","coordinates":[134.4179,-15.5045]},"properties":{"d":"2026-09-15","t":"0516","frp":3.2,"b":341.4,"c":1,"s":"N20","n":0}},{"type":"Feature","geometry":{"type":"Point","coordinates":[134.4209,-15.5039]},"properties":{"d":"2026-09-15","t":"0516","frp":4.4,"b":340.7,"c":1,"s":"N20","n":0}},{"type":"Feature","geometry":{"type":"Point","coordinates":[134.2375,-15.5034]},"properties":{"d":"2026-09-15","t":"0516","frp":10.0,"b":352.1,"c":1,"s":"N20","n":0}},{"type":"Feature","geometry":{"type":"Point","coordinates":[134.2247,-15.5007]},"properties":{"d":"2026-09-15","t":"0516","frp":4.7,"b":334.3,"c":1,"s":"N20","n":0}},{"type":"Feature","geometry":{"type":"Point","coordinates":[134.2307,-15.4996]},"properties":{"d":"2026-09-15","t":"0516","frp":10.0,"b":346.6,"c":1,"s":"N20","n":0}},{"type":"Feature","geometry":{"type":"Point","coordinates":[134.3922,-15.4992]},"properties":{"d":"2026-09-15","t":"0516","frp":6.6,"b":340.5,"c":1,"s":"N20","n":0}},{"type":"Feature","geometry":{"type":"Point","coordinates":[134.3936,-15.4992]},"properties":{"d":"2026-09-15","t":"0516","frp":5.3,"b":367.0,"c":2,"s":"N20","n":0}},{"type":"Feature","geometry":{"type":"Point","coordinates":[134.3951,-15.4986]},"properties":{"d":"2026-09-15","t":"0516","frp":4.6,"b":367.0,"c":2,"s":"N20","n":0}},{"type":"Feature","geometry":{"type":"Point","coordinates":[134.3965,-15.4986]},"properties":{"d":"2026-09-15","t":"0516","frp":5.3,"b":354.5,"c":1,"s":"N20","n":0}},{"type":"Feature","geometry":{"type":"Point","coordinates":[134.3981,-15.498]},"properties":{"d":"2026-09-15","t":"0516","frp":4.6,"b":333.9,"c":1,"s":"N20","n":0}},{"type":"Feature","geometry":{"type":"Point","coordinates":[134.4353,-15.4912]},"properties":{"d":"2026-09-15","t":"0516","frp":9.6,"b":367.0,"c":2,"s":"N20","n":0}},{"type":"Feature","geometry":{"type":"Point","coordinates":[134.4338,-15.4909]},"properties":{"d":"2026-09-15","t":"0516","frp":5.6,"b":355.7,"c":1,"s":"N20","n":0}},{"type":"Feature","geometry":{"type":"Point","coordinates":[134.4383,-15.4906]},"properties":{"d":"2026-09-15","t":"0516","frp":9.6,"b":367.0,"c":2,"s":"N20","n":0}},{"type":"Feature","geometry":{"type":"Point","coordinates":[134.4367,-15.4903]},"properties":{"d":"2026-09-15","t":"0516","frp":10.3,"b":367.0,"c":2,"s":"N20","n":0}},{"type":"Feature","geometry":{"type":"Point","coordinates":[134.4412,-15.49]},"properties":{"d":"2026-09-15","t":"0516","frp":7.9,"b":355.9,"c":1,"s":"N20","n":0}},{"type":"Feature","geometry":{"type":"Point","coordinates":[134.4397,-15.4897]},"properties":{"d":"2026-09-15","t":"0516","frp":10.3,"b":367.0,"c":2,"s":"N20","n":0}},{"type":"Feature","geometry":{"type":"Point","coordinates":[134.4442,-15.4895]},"properties":{"d":"2026-09-15","t":"0516","frp":7.9,"b":367.0,"c":2,"s":"N20","n":0}},{"type":"Feature","geometry":{"type":"Point","coordinates":[134.4427,-15.4891]},"properties":{"d":"2026-09-15","t":"0516","frp":9.0,"b":367.0,"c":2,"s":"N20","n":0}},{"type":"Feature","geometry":{"type":"Point","coordinates":[134.4472,-15.4889]},"properties":{"d":"2026-09-15","t":"0516","frp":7.1,"b":367.0,"c":2,"s":"N20","n":0}},{"type":"Feature","geometry":{"type":"Point","coordinates":[134.4457,-15.4885]},"properties":{"d":"2026-09-15","t":"0516","frp":9.0,"b":367.0,"c":2,"s":"N20","n":0}},{"type":"Feature","geometry":{"type":"Point","coordinates":[134.4486,-15.4879]},"properties":{"d":"2026-09-15","t":"0516","frp":7.9,"b":367.0,"c":2,"s":"N20","n":0}},{"type":"Feature","geometry":{"type":"Point","coordinates":[134.4064,-15.4863]},"properties":{"d":"2026-09-15","t":"0516","frp":2.8,"b":335.4,"c":1,"s":"N20","n":0}},{"type":"Feature","geometry":{"type":"Point","coordinates":[134.4492,-15.4833]},"properties":{"d":"2026-09-15","t":"0516","frp":14.6,"b":367.0,"c":2,"s":"N20","n":0}},{"type":"Feature","geometry":{"type":"Point","coordinates":[134.4476,-15.4829]},"properties":{"d":"2026-09-15","t":"0516","frp":7.9,"b":344.8,"c":1,"s":"N20","n":0}},{"type":"Feature","geometry":{"type":"Point","coordinates":[134.4521,-15.4827]},"properties":{"d":"2026-09-15","t":"0516","frp":9.1,"b":367.0,"c":2,"s":"N20","n":0}},{"type":"Feature","geometry":{"type":"Point","coordinates":[134.4506,-15.4823]},"properties":{"d":"2026-09-15","t":"0516","frp":7.9,"b":367.0,"c":2,"s":"N20","n":0}},{"type":"Feature","geometry":{"type":"Point","coordinates":[134.4552,-15.4822]},"properties":{"d":"2026-09-15","t":"0516","frp":9.1,"b":367.0,"c":2,"s":"N20","n":0}},{"type":"Feature","geometry":{"type":"Point","coordinates":[134.4536,-15.4817]},"properties":{"d":"2026-09-15","t":"0516","frp":19.5,"b":356.1,"c":1,"s":"N20","n":0}},{"type":"Feature","geometry":{"type":"Point","coordinates":[134.3925,-15.4786]},"properties":{"d":"2026-09-15","t":"0516","frp":4.2,"b":344.5,"c":1,"s":"N20","n":0}},{"type":"Feature","geometry":{"type":"Point","coordinates":[134.3955,-15.4781]},"properties":{"d":"2026-09-15","t":"0516","frp":4.1,"b":339.4,"c":1,"s":"N20","n":0}},{"type":"Feature","geometry":{"type":"Point","coordinates":[134.2385,-15.4775]},"properties":{"d":"2026-09-15","t":"0516","frp":4.5,"b":334.2,"c":1,"s":"N20","n":0}},{"type":"Feature","geometry":{"type":"Point","coordinates":[134.4542,-15.4771]},"properties":{"d":"2026-09-15","t":"0516","frp":9.1,"b":367.0,"c":2,"s":"N20","n":0}},{"type":"Feature","geometry":{"type":"Point","coordinates":[134.4573,-15.4765]},"properties":{"d":"2026-09-15","t":"0516","frp":6.2,"b":343.1,"c":1,"s":"N20","n":0}},{"type":"Feature","geometry":{"type":"Point","coordinates":[134.4665,-15.4748]},"properties":{"d":"2026-09-15","t":"0516","frp":1.6,"b":336.6,"c":1,"s":"N20","n":0}},{"type":"Feature","geometry":{"type":"Point","coordinates":[134.4695,-15.4742]},"properties":{"d":"2026-09-15","t":"0516","frp":1.9,"b":337.6,"c":1,"s":"N20","n":0}},{"type":"Feature","geometry":{"type":"Point","coordinates":[134.4716,-15.4686]},"properties":{"d":"2026-09-15","t":"0516","frp":4.5,"b":343.4,"c":1,"s":"N20","n":0}},{"type":"Feature","geometry":{"type":"Point","coordinates":[134.4746,-15.468]},"properties":{"d":"2026-09-15","t":"0516","frp":3.9,"b":343.8,"c":1,"s":"N20","n":0}},{"type":"Feature","geometry":{"type":"Point","coordinates":[134.4777,-15.4674]},"properties":{"d":"2026-09-15","t":"0516","frp":3.9,"b":348.2,"c":1,"s":"N20","n":0}},{"type":"Feature","geometry":{"type":"Point","coordinates":[134.4807,-15.4668]},"properties":{"d":"2026-09-15","t":"0516","frp":5.6,"b":346.0,"c":1,"s":"N20","n":0}},{"type":"Feature","geometry":{"type":"Point","coordinates":[134.4837,-15.4662]},"properties":{"d":"2026-09-15","t":"0516","frp":5.6,"b":367.0,"c":2,"s":"N20","n":0}},{"type":"Feature","geometry":{"type":"Point","coordinates":[134.4867,-15.4656]},"properties":{"d":"2026-09-15","t":"0516","frp":7.3,"b":367.0,"c":2,"s":"N20","n":0}},{"type":"Feature","geometry":{"type":"Point","coordinates":[134.4332,-15.4656]},"properties":{"d":"2026-09-15","t":"0516","frp":2.7,"b":337.3,"c":1,"s":"N20","n":0}},{"type":"Feature","geometry":{"type":"Point","coordinates":[134.4897,-15.465]},"properties":{"d":"2026-09-15","t":"0516","frp":7.3,"b":351.6,"c":1,"s":"N20","n":0}},{"type":"Feature","geometry":{"type":"Point","coordinates":[134.4927,-15.4645]},"properties":{"d":"2026-09-15","t":"0516","frp":6.3,"b":348.1,"c":1,"s":"N20","n":0}},{"type":"Feature","geometry":{"type":"Point","coordinates":[134.4958,-15.4639]},"properties":{"d":"2026-09-15","t":"0516","frp":6.3,"b":354.0,"c":1,"s":"N20","n":0}},{"type":"Feature","geometry":{"type":"Point","coordinates":[134.4978,-15.4583]},"properties":{"d":"2026-09-15","t":"0516","frp":7.3,"b":352.8,"c":1,"s":"N20","n":0}},{"type":"Feature","geometry":{"type":"Point","coordinates":[134.4908,-15.4544]},"properties":{"d":"2026-09-15","t":"0516","frp":3.9,"b":338.7,"c":1,"s":"N20","n":0}},{"type":"Feature","geometry":{"type":"Point","coordinates":[134.4938,-15.4538]},"properties":{"d":"2026-09-15","t":"0516","frp":3.9,"b":343.3,"c":1,"s":"N20","n":0}},{"type":"Feature","geometry":{"type":"Point","coordinates":[134.4968,-15.4532]},"properties":{"d":"2026-09-15","t":"0516","frp":6.1,"b":348.2,"c":1,"s":"N20","n":0}},{"type":"Feature","geometry":{"type":"Point","coordinates":[134.4624,-15.4234]},"properties":{"d":"2026-09-15","t":"0516","frp":1.1,"b":332.1,"c":1,"s":"N20","n":0}},{"type":"Feature","geometry":{"type":"Point","coordinates":[134.5626,-15.3425]},"properties":{"d":"2026-09-15","t":"0516","frp":1.5,"b":331.9,"c":1,"s":"N20","n":0}},{"type":"Feature","geometry":{"type":"Point","coordinates":[134.5503,-15.3291]},"properties":{"d":"2026-09-15","t":"0516","frp":5.8,"b":367.0,"c":2,"s":"N20","n":0}},{"type":"Feature","geometry":{"type":"Point","coordinates":[134.5431,-15.3253]},"properties":{"d":"2026-09-15","t":"0516","frp":4.1,"b":337.7,"c":1,"s":"N20","n":0}},{"type":"Feature","geometry":{"type":"Point","coordinates":[134.5462,-15.3247]},"properties":{"d":"2026-09-15","t":"0516","frp":4.1,"b":347.0,"c":1,"s":"N20","n":0}},{"type":"Feature","geometry":{"type":"Point","coordinates":[134.4955,-15.2049]},"properties":{"d":"2026-09-15","t":"0516","frp":26.9,"b":344.1,"c":1,"s":"N20","n":0}},{"type":"Feature","geometry":{"type":"Point","coordinates":[134.4986,-15.2043]},"properties":{"d":"2026-09-15","t":"0516","frp":23.1,"b":367.0,"c":2,"s":"N20","n":0}},{"type":"Feature","geometry":{"type":"Point","coordinates":[134.4854,-15.2016]},"properties":{"d":"2026-09-15","t":"0516","frp":10.2,"b":367.0,"c":2,"s":"N20","n":0}},{"type":"Feature","geometry":{"type":"Point","coordinates":[134.5756,-14.8316]},"properties":{"d":"2026-09-15","t":"0516","frp":5.6,"b":340.9,"c":1,"s":"N20","n":0}},{"type":"Feature","geometry":{"type":"Point","coordinates":[134.5744,-14.8265]},"properties":{"d":"2026-09-15","t":"0516","frp":5.6,"b":367.0,"c":2,"s":"N20","n":0}},{"type":"Feature","geometry":{"type":"Point","coordinates":[134.5698,-14.8221]},"properties":{"d":"2026-09-15","t":"0516","frp":6.2,"b":342.7,"c":1,"s":"N20","n":0}},{"type":"Feature","geometry":{"type":"Point","coordinates":[134.573,-14.8215]},"properties":{"d":"2026-09-15","t":"0516","frp":6.2,"b":367.0,"c":2,"s":"N20","n":0}},{"type":"Feature","geometry":{"type":"Point","coordinates":[134.5665,-14.8204]},"properties":{"d":"2026-09-15","t":"0516","frp":8.2,"b":340.9,"c":1,"s":"N20","n":0}},{"type":"Feature","geometry":{"type":"Point","coordinates":[134.5697,-14.8198]},"properties":{"d":"2026-09-15","t":"0516","frp":8.2,"b":354.6,"c":1,"s":"N20","n":0}},{"type":"Feature","geometry":{"type":"Point","coordinates":[134.5729,-14.8192]},"properties":{"d":"2026-09-15","t":"0516","frp":9.0,"b":367.0,"c":2,"s":"N20","n":0}},{"type":"Feature","geometry":{"type":"Point","coordinates":[134.5623,-14.8183]},"properties":{"d":"2026-09-15","t":"0516","frp":3.4,"b":338.8,"c":1,"s":"N20","n":0}},{"type":"Feature","geometry":{"type":"Point","coordinates":[134.5655,-14.8177]},"properties":{"d":"2026-09-15","t":"0516","frp":3.4,"b":335.6,"c":1,"s":"N20","n":0}},{"type":"Feature","geometry":{"type":"Point","coordinates":[134.5686,-14.817]},"properties":{"d":"2026-09-15","t":"0516","frp":6.2,"b":340.5,"c":1,"s":"N20","n":0}},{"type":"Feature","geometry":{"type":"Point","coordinates":[134.596,-14.7028]},"properties":{"d":"2026-09-15","t":"0516","frp":1.6,"b":331.6,"c":0,"s":"N20","n":0}},{"type":"Feature","geometry":{"type":"Point","coordinates":[134.5936,-14.7016]},"properties":{"d":"2026-09-15","t":"0516","frp":3.4,"b":333.1,"c":0,"s":"N20","n":0}},{"type":"Feature","geometry":{"type":"Point","coordinates":[132.3646,-14.6998]},"properties":{"d":"2026-09-15","t":"0516","frp":52.6,"b":346.7,"c":1,"s":"N20","n":0}},{"type":"Feature","geometry":{"type":"Point","coordinates":[134.7354,-14.6858]},"properties":{"d":"2026-09-15","t":"0516","frp":4.3,"b":332.4,"c":0,"s":"N20","n":0}},{"type":"Feature","geometry":{"type":"Point","coordinates":[134.7386,-14.6851]},"properties":{"d":"2026-09-15","t":"0516","frp":3.6,"b":355.3,"c":1,"s":"N20","n":0}},{"type":"Feature","geometry":{"type":"Point","coordinates":[134.7408,-14.6793]},"properties":{"d":"2026-09-15","t":"0516","frp":2.9,"b":336.8,"c":1,"s":"N20","n":0}},{"type":"Feature","geometry":{"type":"Point","coordinates":[134.7387,-14.6791]},"properties":{"d":"2026-09-15","t":"0516","frp":1.8,"b":331.6,"c":0,"s":"N20","n":0}},{"type":"Feature","geometry":{"type":"Point","coordinates":[135.5311,-14.5711]},"properties":{"d":"2026-09-15","t":"0516","frp":3.1,"b":338.8,"c":1,"s":"N20","n":0}},{"type":"Feature","geometry":{"type":"Point","coordinates":[135.2734,-14.4526]},"properties":{"d":"2026-09-15","t":"0516","frp":3.4,"b":331.6,"c":0,"s":"N20","n":0}},{"type":"Feature","geometry":{"type":"Point","coordinates":[136.433,-14.0459]},"properties":{"d":"2026-09-15","t":"0516","frp":9.8,"b":339.9,"c":1,"s":"N20","n":0}},{"type":"Feature","geometry":{"type":"Point","coordinates":[136.6766,-13.937]},"properties":{"d":"2026-09-15","t":"0516","frp":6.5,"b":334.6,"c":1,"s":"N20","n":0}},{"type":"Feature","geometry":{"type":"Point","coordinates":[136.5964,-13.9348]},"properties":{"d":"2026-09-15","t":"0516","frp":4.9,"b":343.8,"c":1,"s":"N20","n":0}},{"type":"Feature","geometry":{"type":"Point","coordinates":[136.4823,-13.9335]},"properties":{"d":"2026-09-15","t":"0516","frp":8.6,"b":345.6,"c":1,"s":"N20","n":0}},{"type":"Feature","geometry":{"type":"Point","coordinates":[136.4867,-13.9327]},"properties":{"d":"2026-09-15","t":"0516","frp":6.5,"b":331.7,"c":1,"s":"N20","n":0}},{"type":"Feature","geometry":{"type":"Point","coordinates":[136.4809,-13.9277]},"properties":{"d":"2026-09-15","t":"0516","frp":3.6,"b":331.2,"c":1,"s":"N20","n":0}},{"type":"Feature","geometry":{"type":"Point","coordinates":[136.5767,-13.9265]},"properties":{"d":"2026-09-15","t":"0516","frp":7.9,"b":367.0,"c":2,"s":"N20","n":0}},{"type":"Feature","geometry":{"type":"Point","coordinates":[136.581,-13.9256]},"properties":{"d":"2026-09-15","t":"0516","frp":7.9,"b":330.2,"c":1,"s":"N20","n":0}},{"type":"Feature","geometry":{"type":"Point","coordinates":[136.6908,-13.9155]},"properties":{"d":"2026-09-15","t":"0516","frp":9.2,"b":352.8,"c":1,"s":"N20","n":0}},{"type":"Feature","geometry":{"type":"Point","coordinates":[136.6952,-13.9146]},"properties":{"d":"2026-09-15","t":"0516","frp":10.9,"b":337.4,"c":1,"s":"N20","n":0}},{"type":"Feature","geometry":{"type":"Point","coordinates":[136.7042,-13.9128]},"properties":{"d":"2026-09-15","t":"0516","frp":7.3,"b":333.7,"c":1,"s":"N20","n":0}},{"type":"Feature","geometry":{"type":"Point","coordinates":[136.477,-13.9102]},"properties":{"d":"2026-09-15","t":"0516","frp":10.5,"b":348.2,"c":1,"s":"N20","n":0}},{"type":"Feature","geometry":{"type":"Point","coordinates":[136.6894,-13.9096]},"properties":{"d":"2026-09-15","t":"0516","frp":9.0,"b":367.0,"c":2,"s":"N20","n":0}},{"type":"Feature","geometry":{"type":"Point","coordinates":[136.6939,-13.9087]},"properties":{"d":"2026-09-15","t":"0516","frp":7.8,"b":333.4,"c":1,"s":"N20","n":0}},{"type":"Feature","geometry":{"type":"Point","coordinates":[136.6026,-13.8966]},"properties":{"d":"2026-09-15","t":"0516","frp":4.4,"b":333.5,"c":1,"s":"N20","n":0}},{"type":"Feature","geometry":{"type":"Point","coordinates":[136.4921,-13.8948]},"properties":{"d":"2026-09-15","t":"0516","frp":6.0,"b":338.6,"c":1,"s":"N20","n":0}},{"type":"Feature","geometry":{"type":"Point","coordinates":[136.4964,-13.8939]},"properties":{"d":"2026-09-15","t":"0516","frp":5.2,"b":335.3,"c":1,"s":"N20","n":0}},{"type":"Feature","geometry":{"type":"Point","coordinates":[136.4891,-13.8914]},"properties":{"d":"2026-09-15","t":"0516","frp":7.7,"b":342.8,"c":1,"s":"N20","n":0}},{"type":"Feature","geometry":{"type":"Point","coordinates":[136.4933,-13.8906]},"properties":{"d":"2026-09-15","t":"0516","frp":7.1,"b":346.9,"c":1,"s":"N20","n":0}},{"type":"Feature","geometry":{"type":"Point","coordinates":[136.4866,-13.8899]},"properties":{"d":"2026-09-15","t":"0516","frp":5.6,"b":331.4,"c":1,"s":"N20","n":0}},{"type":"Feature","geometry":{"type":"Point","coordinates":[136.4909,-13.889]},"properties":{"d":"2026-09-15","t":"0516","frp":5.6,"b":334.9,"c":1,"s":"N20","n":0}},{"type":"Feature","geometry":{"type":"Point","coordinates":[136.4833,-13.8865]},"properties":{"d":"2026-09-15","t":"0516","frp":7.7,"b":352.9,"c":1,"s":"N20","n":0}},{"type":"Feature","geometry":{"type":"Point","coordinates":[136.4806,-13.885]},"properties":{"d":"2026-09-15","t":"0516","frp":8.5,"b":351.6,"c":1,"s":"N20","n":0}},{"type":"Feature","geometry":{"type":"Point","coordinates":[136.208,-13.7309]},"properties":{"d":"2026-09-15","t":"0516","frp":4.5,"b":334.4,"c":1,"s":"N20","n":0}},{"type":"Feature","geometry":{"type":"Point","coordinates":[123.3184,-13.9653]},"properties":{"d":"2026-09-15","t":"0518","frp":14.6,"b":333.8,"c":1,"s":"N20","n":0}},{"type":"Feature","geometry":{"type":"Point","coordinates":[123.2988,-13.9399]},"properties":{"d":"2026-09-15","t":"0518","frp":2.5,"b":331.4,"c":1,"s":"N20","n":0}},{"type":"Feature","geometry":{"type":"Point","coordinates":[134.506,-13.7543]},"properties":{"d":"2026-09-15","t":"0518","frp":14.9,"b":356.4,"c":0,"s":"N20","n":0}},{"type":"Feature","geometry":{"type":"Point","coordinates":[134.5092,-13.7537]},"properties":{"d":"2026-09-15","t":"0518","frp":3.2,"b":334.2,"c":1,"s":"N20","n":0}},{"type":"Feature","geometry":{"type":"Point","coordinates":[134.5018,-13.7498]},"properties":{"d":"2026-09-15","t":"0518","frp":6.3,"b":351.4,"c":1,"s":"N20","n":0}},{"type":"Feature","geometry":{"type":"Point","coordinates":[134.505,-13.7491]},"properties":{"d":"2026-09-15","t":"0518","frp":6.3,"b":353.9,"c":1,"s":"N20","n":0}},{"type":"Feature","geometry":{"type":"Point","coordinates":[134.5023,-13.749]},"properties":{"d":"2026-09-15","t":"0518","frp":5.3,"b":345.5,"c":1,"s":"N20","n":0}},{"type":"Feature","geometry":{"type":"Point","coordinates":[135.5617,-13.5456]},"properties":{"d":"2026-09-15","t":"0518","frp":7.8,"b":339.7,"c":1,"s":"N20","n":0}},{"type":"Feature","geometry":{"type":"Point","coordinates":[135.5591,-13.5443]},"properties":{"d":"2026-09-15","t":"0518","frp":7.5,"b":342.9,"c":1,"s":"N20","n":0}},{"type":"Feature","geometry":{"type":"Point","coordinates":[135.5631,-13.5435]},"properties":{"d":"2026-09-15","t":"0518","frp":7.7,"b":346.4,"c":1,"s":"N20","n":0}},{"type":"Feature","geometry":{"type":"Point","coordinates":[135.5606,-13.54]},"properties":{"d":"2026-09-15","t":"0518","frp":7.8,"b":367.0,"c":2,"s":"N20","n":0}},{"type":"Feature","geometry":{"type":"Point","coordinates":[135.5646,-13.5393]},"properties":{"d":"2026-09-15","t":"0518","frp":7.8,"b":341.7,"c":1,"s":"N20","n":0}},{"type":"Feature","geometry":{"type":"Point","coordinates":[135.5579,-13.5387]},"properties":{"d":"2026-09-15","t":"0518","frp":5.4,"b":344.3,"c":1,"s":"N20","n":0}},{"type":"Feature","geometry":{"type":"Point","coordinates":[135.562,-13.5379]},"properties":{"d":"2026-09-15","t":"0518","frp":6.3,"b":348.6,"c":1,"s":"N20","n":0}},{"type":"Feature","geometry":{"type":"Point","coordinates":[135.5659,-13.5371]},"properties":{"d":"2026-09-15","t":"0518","frp":6.3,"b":338.0,"c":1,"s":"N20","n":0}},{"type":"Feature","geometry":{"type":"Point","coordinates":[135.5826,-13.5067]},"properties":{"d":"2026-09-15","t":"0518","frp":8.6,"b":342.8,"c":1,"s":"N20","n":0}},{"type":"Feature","geometry":{"type":"Point","coordinates":[135.6265,-13.4398]},"properties":{"d":"2026-09-15","t":"0518","frp":4.6,"b":338.7,"c":1,"s":"N20","n":0}},{"type":"Feature","geometry":{"type":"Point","coordinates":[135.6215,-13.4349]},"properties":{"d":"2026-09-15","t":"0518","frp":4.6,"b":330.1,"c":0,"s":"N20","n":0}},{"type":"Feature","geometry":{"type":"Point","coordinates":[135.6254,-13.4342]},"properties":{"d":"2026-09-15","t":"0518","frp":4.6,"b":351.2,"c":1,"s":"N20","n":0}},{"type":"Feature","geometry":{"type":"Point","coordinates":[135.5307,-13.432]},"properties":{"d":"2026-09-15","t":"0518","frp":4.2,"b":340.2,"c":1,"s":"N20","n":0}},{"type":"Feature","geometry":{"type":"Point","coordinates":[135.5312,-13.4299]},"properties":{"d":"2026-09-15","t":"0518","frp":3.5,"b":340.5,"c":1,"s":"N20","n":0}},{"type":"Feature","geometry":{"type":"Point","coordinates":[136.363,-13.2845]},"properties":{"d":"2026-09-15","t":"0518","frp":4.0,"b":331.6,"c":1,"s":"N20","n":0}},{"type":"Feature","geometry":{"type":"Point","coordinates":[136.3582,-13.2818]},"properties":{"d":"2026-09-15","t":"0518","frp":10.0,"b":331.6,"c":1,"s":"N20","n":0}},{"type":"Feature","geometry":{"type":"Point","coordinates":[136.3625,-13.2809]},"properties":{"d":"2026-09-15","t":"0518","frp":6.2,"b":347.5,"c":1,"s":"N20","n":0}},{"type":"Feature","geometry":{"type":"Point","coordinates":[136.367,-13.28]},"properties":{"d":"2026-09-15","t":"0518","frp":6.2,"b":334.5,"c":1,"s":"N20","n":0}},{"type":"Feature","geometry":{"type":"Point","coordinates":[136.3619,-13.2786]},"properties":{"d":"2026-09-15","t":"0518","frp":7.6,"b":338.2,"c":1,"s":"N20","n":0}},{"type":"Feature","geometry":{"type":"Point","coordinates":[136.3663,-13.2777]},"properties":{"d":"2026-09-15","t":"0518","frp":7.6,"b":367.0,"c":2,"s":"N20","n":0}},{"type":"Feature","geometry":{"type":"Point","coordinates":[136.3614,-13.275]},"properties":{"d":"2026-09-15","t":"0518","frp":6.2,"b":353.0,"c":1,"s":"N20","n":0}},{"type":"Feature","geometry":{"type":"Point","coordinates":[136.3658,-13.2741]},"properties":{"d":"2026-09-15","t":"0518","frp":6.2,"b":343.4,"c":1,"s":"N20","n":0}},{"type":"Feature","geometry":{"type":"Point","coordinates":[136.3608,-13.2727]},"properties":{"d":"2026-09-15","t":"0518","frp":7.6,"b":351.0,"c":1,"s":"N20","n":0}},{"type":"Feature","geometry":{"type":"Point","coordinates":[136.3559,-13.2699]},"properties":{"d":"2026-09-15","t":"0518","frp":5.5,"b":339.3,"c":1,"s":"N20","n":0}},{"type":"Feature","geometry":{"type":"Point","coordinates":[136.3553,-13.2677]},"properties":{"d":"2026-09-15","t":"0518","frp":5.2,"b":348.9,"c":1,"s":"N20","n":0}},{"type":"Feature","geometry":{"type":"Point","coordinates":[136.3504,-13.2649]},"properties":{"d":"2026-09-15","t":"0518","frp":5.5,"b":338.9,"c":1,"s":"N20","n":0}},{"type":"Feature","geometry":{"type":"Point","coordinates":[136.3547,-13.264]},"properties":{"d":"2026-09-15","t":"0518","frp":5.5,"b":347.2,"c":1,"s":"N20","n":0}},{"type":"Feature","geometry":{"type":"Point","coordinates":[136.3498,-13.2627]},"properties":{"d":"2026-09-15","t":"0518","frp":5.2,"b":344.1,"c":1,"s":"N20","n":0}},{"type":"Feature","geometry":{"type":"Point","coordinates":[136.3541,-13.2618]},"properties":{"d":"2026-09-15","t":"0518","frp":5.2,"b":336.8,"c":1,"s":"N20","n":0}},{"type":"Feature","geometry":{"type":"Point","coordinates":[136.3448,-13.2599]},"properties":{"d":"2026-09-15","t":"0518","frp":13.7,"b":352.7,"c":1,"s":"N20","n":0}},{"type":"Feature","geometry":{"type":"Point","coordinates":[136.3492,-13.259]},"properties":{"d":"2026-09-15","t":"0518","frp":6.6,"b":334.1,"c":1,"s":"N20","n":0}},{"type":"Feature","geometry":{"type":"Point","coordinates":[136.34,-13.2586]},"properties":{"d":"2026-09-15","t":"0518","frp":6.9,"b":338.7,"c":1,"s":"N20","n":0}},{"type":"Feature","geometry":{"type":"Point","coordinates":[136.3443,-13.2577]},"properties":{"d":"2026-09-15","t":"0518","frp":6.9,"b":352.7,"c":1,"s":"N20","n":0}},{"type":"Feature","geometry":{"type":"Point","coordinates":[136.335,-13.2557]},"properties":{"d":"2026-09-15","t":"0518","frp":9.8,"b":338.1,"c":1,"s":"N20","n":0}},{"type":"Feature","geometry":{"type":"Point","coordinates":[136.3393,-13.2549]},"properties":{"d":"2026-09-15","t":"0518","frp":13.7,"b":355.3,"c":1,"s":"N20","n":0}},{"type":"Feature","geometry":{"type":"Point","coordinates":[136.3345,-13.2536]},"properties":{"d":"2026-09-15","t":"0518","frp":11.3,"b":340.7,"c":1,"s":"N20","n":0}},{"type":"Feature","geometry":{"type":"Point","coordinates":[136.3388,-13.2527]},"properties":{"d":"2026-09-15","t":"0518","frp":6.9,"b":347.5,"c":1,"s":"N20","n":0}},{"type":"Feature","geometry":{"type":"Point","coordinates":[136.3494,-13.0492]},"properties":{"d":"2026-09-15","t":"0518","frp":3.5,"b":332.9,"c":1,"s":"N20","n":0}},{"type":"Feature","geometry":{"type":"Point","coordinates":[136.3489,-13.0465]},"properties":{"d":"2026-09-15","t":"0518","frp":4.9,"b":336.9,"c":1,"s":"N20","n":0}},{"type":"Feature","geometry":{"type":"Point","coordinates":[136.3532,-13.0456]},"properties":{"d":"2026-09-15","t":"0518","frp":3.8,"b":338.9,"c":1,"s":"N20","n":0}},{"type":"Feature","geometry":{"type":"Point","coordinates":[136.3601,-13.0348]},"properties":{"d":"2026-09-15","t":"0518","frp":10.8,"b":345.4,"c":1,"s":"N20","n":0}},{"type":"Feature","geometry":{"type":"Point","coordinates":[136.3597,-13.032]},"properties":{"d":"2026-09-15","t":"0518","frp":10.2,"b":345.7,"c":1,"s":"N20","n":0}},{"type":"Feature","geometry":{"type":"Point","coordinates":[132.1852,-12.8414]},"properties":{"d":"2026-09-15","t":"0518","frp":8.0,"b":350.4,"c":1,"s":"N20","n":0}},{"type":"Feature","geometry":{"type":"Point","coordinates":[132.1899,-12.8406]},"properties":{"d":"2026-09-15","t":"0518","frp":8.0,"b":355.1,"c":1,"s":"N20","n":0}},{"type":"Feature","geometry":{"type":"Point","coordinates":[132.1945,-12.8397]},"properties":{"d":"2026-09-15","t":"0518","frp":8.4,"b":338.1,"c":0,"s":"N20","n":0}},{"type":"Feature","geometry":{"type":"Point","coordinates":[132.1798,-12.8377]},"properties":{"d":"2026-09-15","t":"0518","frp":11.2,"b":351.0,"c":1,"s":"N20","n":0}},{"type":"Feature","geometry":{"type":"Point","coordinates":[132.1844,-12.8369]},"properties":{"d":"2026-09-15","t":"0518","frp":8.7,"b":343.7,"c":0,"s":"N20","n":0}},{"type":"Feature","geometry":{"type":"Point","coordinates":[132.1891,-12.836]},"properties":{"d":"2026-09-15","t":"0518","frp":8.7,"b":345.3,"c":1,"s":"N20","n":0}},{"type":"Feature","geometry":{"type":"Point","coordinates":[132.2032,-12.8334]},"properties":{"d":"2026-09-15","t":"0518","frp":13.2,"b":343.4,"c":1,"s":"N20","n":0}},{"type":"Feature","geometry":{"type":"Point","coordinates":[132.1828,-12.8278]},"properties":{"d":"2026-09-15","t":"0518","frp":11.7,"b":346.1,"c":1,"s":"N20","n":0}},{"type":"Feature","geometry":{"type":"Point","coordinates":[132.168,-12.8258]},"properties":{"d":"2026-09-15","t":"0518","frp":64.3,"b":351.4,"c":1,"s":"N20","n":0}},{"type":"Feature","geometry":{"type":"Point","coordinates":[132.1759,-12.7634]},"properties":{"d":"2026-09-15","t":"0518","frp":6.4,"b":344.2,"c":1,"s":"N20","n":0}},{"type":"Feature","geometry":{"type":"Point","coordinates":[132.1771,-12.7625]},"properties":{"d":"2026-09-15","t":"0518","frp":13.6,"b":344.0,"c":1,"s":"N20","n":0}},{"type":"Feature","geometry":{"type":"Point","coordinates":[132.1751,-12.7588]},"properties":{"d":"2026-09-15","t":"0518","frp":6.4,"b":344.9,"c":1,"s":"N20","n":0}},{"type":"Feature","geometry":{"type":"Point","coordinates":[132.1762,-12.758]},"properties":{"d":"2026-09-15","t":"0518","frp":9.6,"b":342.9,"c":1,"s":"N20","n":0}},{"type":"Feature","geometry":{"type":"Point","coordinates":[132.1706,-12.7543]},"properties":{"d":"2026-09-15","t":"0518","frp":9.6,"b":348.1,"c":1,"s":"N20","n":0}},{"type":"Feature","geometry":{"type":"Point","coordinates":[132.1603,-12.7515]},"properties":{"d":"2026-09-15","t":"0518","frp":31.6,"b":349.1,"c":1,"s":"N20","n":0}},{"type":"Feature","geometry":{"type":"Point","coordinates":[132.1651,-12.7506]},"properties":{"d":"2026-09-15","t":"0518","frp":31.6,"b":355.9,"c":1,"s":"N20","n":0}},{"type":"Feature","geometry":{"type":"Point","coordinates":[132.1548,-12.7478]},"properties":{"d":"2026-09-15","t":"0518","frp":17.0,"b":334.1,"c":0,"s":"N20","n":0}},{"type":"Feature","geometry":{"type":"Point","coordinates":[132.1595,-12.7469]},"properties":{"d":"2026-09-15","t":"0518","frp":31.6,"b":349.4,"c":1,"s":"N20","n":0}},{"type":"Feature","geometry":{"type":"Point","coordinates":[132.0234,-12.7389]},"properties":{"d":"2026-09-15","t":"0518","frp":11.4,"b":347.9,"c":1,"s":"N20","n":0}},{"type":"Feature","geometry":{"type":"Point","coordinates":[132.9733,-12.7125]},"properties":{"d":"2026-09-15","t":"0518","frp":7.6,"b":336.8,"c":1,"s":"N20","n":0}},{"type":"Feature","geometry":{"type":"Point","coordinates":[132.9672,-12.7087]},"properties":{"d":"2026-09-15","t":"0518","frp":7.6,"b":334.8,"c":1,"s":"N20","n":0}},{"type":"Feature","geometry":{"type":"Point","coordinates":[132.9725,-12.7078]},"properties":{"d":"2026-09-15","t":"0518","frp":7.6,"b":350.5,"c":1,"s":"N20","n":0}},{"type":"Feature","geometry":{"type":"Point","coordinates":[132.9778,-12.7068]},"properties":{"d":"2026-09-15","t":"0518","frp":6.6,"b":341.3,"c":1,"s":"N20","n":0}},{"type":"Feature","geometry":{"type":"Point","coordinates":[132.9769,-12.702]},"properties":{"d":"2026-09-15","t":"0518","frp":20.9,"b":344.7,"c":1,"s":"N20","n":0}},{"type":"Feature","geometry":{"type":"Point","coordinates":[132.9867,-12.6952]},"properties":{"d":"2026-09-15","t":"0518","frp":4.6,"b":333.4,"c":0,"s":"N20","n":0}},{"type":"Feature","geometry":{"type":"Point","coordinates":[132.9723,-12.678]},"properties":{"d":"2026-09-15","t":"0518","frp":12.7,"b":345.8,"c":1,"s":"N20","n":0}},{"type":"Feature","geometry":{"type":"Point","coordinates":[132.9229,-12.6773]},"properties":{"d":"2026-09-15","t":"0518","frp":14.4,"b":345.0,"c":1,"s":"N20","n":0}},{"type":"Feature","geometry":{"type":"Point","coordinates":[132.9168,-12.6735]},"properties":{"d":"2026-09-15","t":"0518","frp":6.8,"b":342.5,"c":1,"s":"N20","n":0}},{"type":"Feature","geometry":{"type":"Point","coordinates":[132.9221,-12.6725]},"properties":{"d":"2026-09-15","t":"0518","frp":6.8,"b":340.3,"c":1,"s":"N20","n":0}},{"type":"Feature","geometry":{"type":"Point","coordinates":[132.9802,-12.6617]},"properties":{"d":"2026-09-15","t":"0518","frp":25.1,"b":347.0,"c":1,"s":"N20","n":0}},{"type":"Feature","geometry":{"type":"Point","coordinates":[132.9784,-12.6521]},"properties":{"d":"2026-09-15","t":"0518","frp":7.7,"b":342.1,"c":1,"s":"N20","n":0}},{"type":"Feature","geometry":{"type":"Point","coordinates":[132.9775,-12.6473]},"properties":{"d":"2026-09-15","t":"0518","frp":7.7,"b":336.6,"c":0,"s":"N20","n":0}},{"type":"Feature","geometry":{"type":"Point","coordinates":[134.2961,-12.6456]},"properties":{"d":"2026-09-15","t":"0518","frp":3.9,"b":332.5,"c":1,"s":"N20","n":0}},{"type":"Feature","geometry":{"type":"Point","coordinates":[134.2994,-12.645]},"properties":{"d":"2026-09-15","t":"0518","frp":6.2,"b":344.9,"c":1,"s":"N20","n":0}},{"type":"Feature","geometry":{"type":"Point","coordinates":[132.981,-12.6367]},"properties":{"d":"2026-09-15","t":"0518","frp":16.5,"b":348.9,"c":1,"s":"N20","n":0}},{"type":"Feature","geometry":{"type":"Point","coordinates":[132.9864,-12.6357]},"properties":{"d":"2026-09-15","t":"0518","frp":8.2,"b":338.4,"c":1,"s":"N20","n":0}},{"type":"Feature","geometry":{"type":"Point","coordinates":[132.9827,-12.6323]},"properties":{"d":"2026-09-15","t":"0518","frp":12.3,"b":343.7,"c":1,"s":"N20","n":0}},{"type":"Feature","geometry":{"type":"Point","coordinates":[132.9854,-12.6309]},"properties":{"d":"2026-09-15","t":"0518","frp":6.0,"b":333.4,"c":1,"s":"N20","n":0}},{"type":"Feature","geometry":{"type":"Point","coordinates":[136.1784,-12.6268]},"properties":{"d":"2026-09-15","t":"0518","frp":3.6,"b":332.7,"c":1,"s":"N20","n":0}},{"type":"Feature","geometry":{"type":"Point","coordinates":[132.9844,-12.6261]},"properties":{"d":"2026-09-15","t":"0518","frp":6.0,"b":341.3,"c":1,"s":"N20","n":0}},{"type":"Feature","geometry":{"type":"Point","coordinates":[132.986,-12.6218]},"properties":{"d":"2026-09-15","t":"0518","frp":8.3,"b":338.1,"c":1,"s":"N20","n":0}},{"type":"Feature","geometry":{"type":"Point","coordinates":[132.9832,-12.6214]},"properties":{"d":"2026-09-15","t":"0518","frp":8.9,"b":337.9,"c":1,"s":"N20","n":0}},{"type":"Feature","geometry":{"type":"Point","coordinates":[134.5301,-12.5842]},"properties":{"d":"2026-09-15","t":"0518","frp":6.4,"b":355.3,"c":1,"s":"N20","n":0}},{"type":"Feature","geometry":{"type":"Point","coordinates":[134.5335,-12.5835]},"properties":{"d":"2026-09-15","t":"0518","frp":6.4,"b":367.0,"c":2,"s":"N20","n":0}},{"type":"Feature","geometry":{"type":"Point","coordinates":[134.5368,-12.5829]},"properties":{"d":"2026-09-15","t":"0518","frp":4.1,"b":335.2,"c":1,"s":"N20","n":0}},{"type":"Feature","geometry":{"type":"Point","coordinates":[134.5402,-12.5822]},"properties":{"d":"2026-09-15","t":"0518","frp":4.1,"b":341.7,"c":1,"s":"N20","n":0}},{"type":"Feature","geometry":{"type":"Point","coordinates":[134.5188,-12.5809]},"properties":{"d":"2026-09-15","t":"0518","frp":5.2,"b":336.8,"c":1,"s":"N20","n":0}},{"type":"Feature","geometry":{"type":"Point","coordinates":[134.5222,-12.5802]},"properties":{"d":"2026-09-15","t":"0518","frp":6.7,"b":332.3,"c":1,"s":"N20","n":0}},{"type":"Feature","geometry":{"type":"Point","coordinates":[134.5324,-12.5782]},"properties":{"d":"2026-09-15","t":"0518","frp":6.4,"b":338.1,"c":1,"s":"N20","n":0}},{"type":"Feature","geometry":{"type":"Point","coordinates":[134.5042,-12.5782]},"properties":{"d":"2026-09-15","t":"0518","frp":4.9,"b":341.4,"c":1,"s":"N20","n":0}},{"type":"Feature","geometry":{"type":"Point","coordinates":[134.5358,-12.5776]},"properties":{"d":"2026-09-15","t":"0518","frp":4.1,"b":352.1,"c":1,"s":"N20","n":0}},{"type":"Feature","geometry":{"type":"Point","coordinates":[134.5075,-12.5775]},"properties":{"d":"2026-09-15","t":"0518","frp":7.1,"b":336.0,"c":1,"s":"N20","n":0}},{"type":"Feature","geometry":{"type":"Point","coordinates":[134.5391,-12.5769]},"properties":{"d":"2026-09-15","t":"0518","frp":4.1,"b":336.3,"c":1,"s":"N20","n":0}},{"type":"Feature","geometry":{"type":"Point","coordinates":[134.4997,-12.5735]},"properties":{"d":"2026-09-15","t":"0518","frp":4.9,"b":367.0,"c":2,"s":"N20","n":0}},{"type":"Feature","geometry":{"type":"Point","coordinates":[134.5314,-12.5729]},"properties":{"d":"2026-09-15","t":"0518","frp":5.8,"b":338.9,"c":1,"s":"N20","n":0}},{"type":"Feature","geometry":{"type":"Point","coordinates":[134.5031,-12.5729]},"properties":{"d":"2026-09-15","t":"0518","frp":4.9,"b":332.9,"c":1,"s":"N20","n":0}},{"type":"Feature","geometry":{"type":"Point","coordinates":[134.5055,-12.5669]},"properties":{"d":"2026-09-15","t":"0518","frp":7.9,"b":339.1,"c":1,"s":"N20","n":0}},{"type":"Feature","geometry":{"type":"Point","coordinates":[134.5089,-12.5663]},"properties":{"d":"2026-09-15","t":"0518","frp":7.9,"b":367.0,"c":2,"s":"N20","n":0}},{"type":"Feature","geometry":{"type":"Point","coordinates":[130.976,-12.5658]},"properties":{"d":"2026-09-15","t":"0518","frp":5.8,"b":344.3,"c":1,"s":"N20","n":0}},{"type":"Feature","geometry":{"type":"Point","coordinates":[134.5123,-12.5656]},"properties":{"d":"2026-09-15","t":"0518","frp":4.8,"b":332.4,"c":1,"s":"N20","n":0}},{"type":"Feature","geometry":{"type":"Point","coordinates":[134.2845,-12.5613]},"properties":{"d":"2026-09-15","t":"0518","frp":3.2,"b":338.0,"c":1,"s":"N20","n":0}},{"type":"Feature","geometry":{"type":"Point","coordinates":[136.2082,-12.5471]},"properties":{"d":"2026-09-15","t":"0518","frp":4.5,"b":336.8,"c":1,"s":"N20","n":0}},{"type":"Feature","geometry":{"type":"Point","coordinates":[136.2045,-12.5443]},"properties":{"d":"2026-09-15","t":"0518","frp":10.6,"b":337.1,"c":1,"s":"N20","n":0}},{"type":"Feature","geometry":{"type":"Point","coordinates":[136.2089,-12.5434]},"properties":{"d":"2026-09-15","t":"0518","frp":9.1,"b":367.0,"c":2,"s":"N20","n":0}},{"type":"Feature","geometry":{"type":"Point","coordinates":[136.2134,-12.5425]},"properties":{"d":"2026-09-15","t":"0518","frp":9.1,"b":347.1,"c":1,"s":"N20","n":0}},{"type":"Feature","geometry":{"type":"Point","coordinates":[136.207,-12.5412]},"properties":{"d":"2026-09-15","t":"0518","frp":8.8,"b":352.8,"c":1,"s":"N20","n":0}},{"type":"Feature","geometry":{"type":"Point","coordinates":[136.2114,-12.5403]},"properties":{"d":"2026-09-15","t":"0518","frp":8.8,"b":353.5,"c":1,"s":"N20","n":0}},{"type":"Feature","geometry":{"type":"Point","coordinates":[134.2649,-12.5271]},"properties":{"d":"2026-09-15","t":"0518","frp":6.3,"b":333.5,"c":1,"s":"N20","n":0}},{"type":"Feature","geometry":{"type":"Point","coordinates":[134.2682,-12.5264]},"properties":{"d":"2026-09-15","t":"0518","frp":7.8,"b":348.2,"c":1,"s":"N20","n":0}},{"type":"Feature","geometry":{"type":"Point","coordinates":[134.2572,-12.5231]},"properties":{"d":"2026-09-15","t":"0518","frp":9.3,"b":351.9,"c":1,"s":"N20","n":0}},{"type":"Feature","geometry":{"type":"Point","coordinates":[134.2606,-12.5225]},"properties":{"d":"2026-09-15","t":"0518","frp":6.3,"b":345.9,"c":1,"s":"N20","n":0}},{"type":"Feature","geometry":{"type":"Point","coordinates":[134.2529,-12.5185]},"properties":{"d":"2026-09-15","t":"0518","frp":4.1,"b":333.6,"c":1,"s":"N20","n":0}},{"type":"Feature","geometry":{"type":"Point","coordinates":[130.688,-12.5044]},"properties":{"d":"2026-09-15","t":"0518","frp":20.9,"b":338.9,"c":1,"s":"N20","n":0}},{"type":"Feature","geometry":{"type":"Point","coordinates":[135.8407,-12.5014]},"properties":{"d":"2026-09-15","t":"0518","frp":7.1,"b":330.4,"c":1,"s":"N20","n":0}},{"type":"Feature","geometry":{"type":"Point","coordinates":[134.3759,-12.5002]},"properties":{"d":"2026-09-15","t":"0518","frp":4.0,"b":338.0,"c":1,"s":"N20","n":0}},{"type":"Feature","geometry":{"type":"Point","coordinates":[130.6872,-12.5002]},"properties":{"d":"2026-09-15","t":"0518","frp":16.9,"b":342.6,"c":1,"s":"N20","n":0}},{"type":"Feature","geometry":{"type":"Point","coordinates":[135.8492,-12.4998]},"properties":{"d":"2026-09-15","t":"0518","frp":4.7,"b":334.4,"c":1,"s":"N20","n":0}},{"type":"Feature","geometry":{"type":"Point","coordinates":[130.691,-12.4995]},"properties":{"d":"2026-09-15","t":"0518","frp":16.9,"b":349.5,"c":1,"s":"N20","n":0}},{"type":"Feature","geometry":{"type":"Point","coordinates":[131.3294,-12.4977]},"properties":{"d":"2026-09-15","t":"0518","frp":4.1,"b":333.3,"c":0,"s":"N20","n":0}},{"type":"Feature","geometry":{"type":"Point","coordinates":[135.8335,-12.4966]},"properties":{"d":"2026-09-15","t":"0518","frp":10.6,"b":343.6,"c":1,"s":"N20","n":0}},{"type":"Feature","geometry":{"type":"Point","coordinates":[135.8353,-12.4965]},"properties":{"d":"2026-09-15","t":"0518","frp":13.2,"b":352.2,"c":1,"s":"N20","n":0}},{"type":"Feature","geometry":{"type":"Point","coordinates":[135.8378,-12.4958]},"properties":{"d":"2026-09-15","t":"0518","frp":10.6,"b":335.9,"c":1,"s":"N20","n":0}},{"type":"Feature","geometry":{"type":"Point","coordinates":[134.3783,-12.4943]},"properties":{"d":"2026-09-15","t":"0518","frp":3.4,"b":335.7,"c":1,"s":"N20","n":0}},{"type":"Feature","geometry":{"type":"Point","coordinates":[131.3286,-12.4934]},"properties":{"d":"2026-09-15","t":"0518","frp":5.7,"b":333.9,"c":0,"s":"N20","n":0}},{"type":"Feature","geometry":{"type":"Point","coordinates":[130.6901,-12.4933]},"properties":{"d":"2026-09-15","t":"0518","frp":5.2,"b":343.5,"c":1,"s":"N20","n":0}},{"type":"Feature","geometry":{"type":"Point","coordinates":[131.3286,-12.4917]},"properties":{"d":"2026-09-15","t":"0518","frp":5.5,"b":342.9,"c":1,"s":"N20","n":0}},{"type":"Feature","geometry":{"type":"Point","coordinates":[135.83,-12.4915]},"properties":{"d":"2026-09-15","t":"0518","frp":13.2,"b":352.5,"c":1,"s":"N20","n":0}},{"type":"Feature","geometry":{"type":"Point","coordinates":[130.6896,-12.4913]},"properties":{"d":"2026-09-15","t":"0518","frp":8.5,"b":338.0,"c":1,"s":"N20","n":0}},{"type":"Feature","geometry":{"type":"Point","coordinates":[135.8325,-12.4908]},"properties":{"d":"2026-09-15","t":"0518","frp":10.6,"b":367.0,"c":2,"s":"N20","n":0}},{"type":"Feature","geometry":{"type":"Point","coordinates":[135.8343,-12.4907]},"properties":{"d":"2026-09-15","t":"0518","frp":13.2,"b":367.0,"c":2,"s":"N20","n":0}},{"type":"Feature","geometry":{"type":"Point","coordinates":[135.8367,-12.49]},"properties":{"d":"2026-09-15","t":"0518","frp":10.6,"b":367.0,"c":2,"s":"N20","n":0}},{"type":"Feature","geometry":{"type":"Point","coordinates":[130.6972,-12.4899]},"properties":{"d":"2026-09-15","t":"0518","frp":5.2,"b":337.6,"c":1,"s":"N20","n":0}},{"type":"Feature","geometry":{"type":"Point","coordinates":[135.8078,-12.4899]},"properties":{"d":"2026-09-15","t":"0518","frp":4.7,"b":335.1,"c":1,"s":"N20","n":0}},{"type":"Feature","geometry":{"type":"Point","coordinates":[135.8386,-12.4898]},"properties":{"d":"2026-09-15","t":"0518","frp":15.0,"b":367.0,"c":2,"s":"N20","n":0}},{"type":"Feature","geometry":{"type":"Point","coordinates":[135.841,-12.4891]},"properties":{"d":"2026-09-15","t":"0518","frp":10.8,"b":355.0,"c":1,"s":"N20","n":0}},{"type":"Feature","geometry":{"type":"Point","coordinates":[135.8428,-12.489]},"properties":{"d":"2026-09-15","t":"0518","frp":15.0,"b":333.3,"c":1,"s":"N20","n":0}},{"type":"Feature","geometry":{"type":"Point","coordinates":[130.6812,-12.4885]},"properties":{"d":"2026-09-15","t":"0518","frp":10.8,"b":347.7,"c":1,"s":"N20","n":0}},{"type":"Feature","geometry":{"type":"Point","coordinates":[131.3321,-12.4884]},"properties":{"d":"2026-09-15","t":"0518","frp":5.7,"b":342.3,"c":1,"s":"N20","n":0}},{"type":"Feature","geometry":{"type":"Point","coordinates":[135.8452,-12.4882]},"properties":{"d":"2026-09-15","t":"0518","frp":10.8,"b":333.0,"c":1,"s":"N20","n":0}},{"type":"Feature","geometry":{"type":"Point","coordinates":[130.7087,-12.4878]},"properties":{"d":"2026-09-15","t":"0518","frp":5.4,"b":344.4,"c":1,"s":"N20","n":0}},{"type":"Feature","geometry":{"type":"Point","coordinates":[130.685,-12.4878]},"properties":{"d":"2026-09-15","t":"0518","frp":8.5,"b":355.2,"c":1,"s":"N20","n":0}},{"type":"Feature","geometry":{"type":"Point","coordinates":[130.6498,-12.4874]},"properties":{"d":"2026-09-15","t":"0518","frp":4.8,"b":347.2,"c":1,"s":"N20","n":0}},{"type":"Feature","geometry":{"type":"Point","coordinates":[131.3278,-12.4874]},"properties":{"d":"2026-09-15","t":"0518","frp":5.5,"b":337.2,"c":1,"s":"N20","n":0}},{"type":"Feature","geometry":{"type":"Point","coordinates":[130.7009,-12.4872]},"properties":{"d":"2026-09-15","t":"0518","frp":21.8,"b":355.9,"c":1,"s":"N20","n":0}},{"type":"Feature","geometry":{"type":"Point","coordinates":[130.6536,-12.4868]},"properties":{"d":"2026-09-15","t":"0518","frp":7.3,"b":345.0,"c":1,"s":"N20","n":0}},{"type":"Feature","geometry":{"type":"Point","coordinates":[130.681,-12.4863]},"properties":{"d":"2026-09-15","t":"0518","frp":15.3,"b":353.0,"c":1,"s":"N20","n":0}},{"type":"Feature","geometry":{"type":"Point","coordinates":[130.7085,-12.4858]},"properties":{"d":"2026-09-15","t":"0518","frp":4.5,"b":340.4,"c":1,"s":"N20","n":0}},{"type":"Feature","geometry":{"type":"Point","coordinates":[130.6848,-12.4857]},"properties":{"d":"2026-09-15","t":"0518","frp":5.2,"b":351.0,"c":1,"s":"N20","n":0}},{"type":"Feature","geometry":{"type":"Point","coordinates":[130.7003,-12.4851]},"properties":{"d":"2026-09-15","t":"0518","frp":28.3,"b":342.5,"c":1,"s":"N20","n":0}},{"type":"Feature","geometry":{"type":"Point","coordinates":[130.6887,-12.485]},"properties":{"d":"2026-09-15","t":"0518","frp":5.2,"b":333.2,"c":1,"s":"N20","n":0}},{"type":"Feature","geometry":{"type":"Point","coordinates":[131.3271,-12.4848]},"properties":{"d":"2026-09-15","t":"0518","frp":5.1,"b":336.5,"c":0,"s":"N20","n":0}},{"type":"Feature","geometry":{"type":"Point","coordinates":[130.6727,-12.4835]},"properties":{"d":"2026-09-15","t":"0518","frp":4.3,"b":338.8,"c":1,"s":"N20","n":0}},{"type":"Feature","geometry":{"type":"Point","coordinates":[130.6491,-12.4833]},"properties":{"d":"2026-09-15","t":"0518","frp":156.8,"b":367.0,"c":2,"s":"N20","n":0}},{"type":"Feature","geometry":{"type":"Point","coordinates":[131.3271,-12.4831]},"properties":{"d":"2026-09-15","t":"0518","frp":5.0,"b":343.9,"c":1,"s":"N20","n":0}},{"type":"Feature","geometry":{"type":"Point","coordinates":[130.7001,-12.483]},"properties":{"d":"2026-09-15","t":"0518","frp":5.5,"b":338.9,"c":1,"s":"N20","n":0}},{"type":"Feature","geometry":{"type":"Point","coordinates":[130.6529,-12.4826]},"properties":{"d":"2026-09-15","t":"0518","frp":28.3,"b":354.7,"c":1,"s":"N20","n":0}},{"type":"Feature","geometry":{"type":"Point","coordinates":[130.6567,-12.482]},"properties":{"d":"2026-09-15","t":"0518","frp":28.3,"b":343.3,"c":1,"s":"N20","n":0}},{"type":"Feature","geometry":{"type":"Point","coordinates":[130.6841,-12.4815]},"properties":{"d":"2026-09-15","t":"0518","frp":5.2,"b":341.3,"c":1,"s":"N20","n":0}},{"type":"Feature","geometry":{"type":"Point","coordinates":[130.6879,-12.4809]},"properties":{"d":"2026-09-15","t":"0518","frp":5.2,"b":332.6,"c":1,"s":"N20","n":0}},{"type":"Feature","geometry":{"type":"Point","coordinates":[131.3263,-12.4805]},"properties":{"d":"2026-09-15","t":"0518","frp":5.1,"b":344.6,"c":1,"s":"N20","n":0}},{"type":"Feature","geometry":{"type":"Point","coordinates":[131.3263,-12.4787]},"properties":{"d":"2026-09-15","t":"0518","frp":5.0,"b":344.1,"c":1,"s":"N20","n":0}},{"type":"Feature","geometry":{"type":"Point","coordinates":[130.6521,-12.4785]},"properties":{"d":"2026-09-15","t":"0518","frp":28.3,"b":351.0,"c":1,"s":"N20","n":0}},{"type":"Feature","geometry":{"type":"Point","coordinates":[132.9063,-12.4782]},"properties":{"d":"2026-09-15","t":"0518","frp":19.3,"b":348.1,"c":1,"s":"N20","n":0}},{"type":"Feature","geometry":{"type":"Point","coordinates":[130.6559,-12.4779]},"properties":{"d":"2026-09-15","t":"0518","frp":28.3,"b":339.2,"c":1,"s":"N20","n":0}},{"type":"Feature","geometry":{"type":"Point","coordinates":[131.3213,-12.4752]},"properties":{"d":"2026-09-15","t":"0518","frp":3.1,"b":333.9,"c":1,"s":"N20","n":0}},{"type":"Feature","geometry":{"type":"Point","coordinates":[131.3205,-12.4709]},"properties":{"d":"2026-09-15","t":"0518","frp":3.1,"b":342.2,"c":1,"s":"N20","n":0}},{"type":"Feature","geometry":{"type":"Point","coordinates":[131.3156,-12.4673]},"properties":{"d":"2026-09-15","t":"0518","frp":3.9,"b":336.4,"c":1,"s":"N20","n":0}},{"type":"Feature","geometry":{"type":"Point","coordinates":[131.3106,-12.4637]},"properties":{"d":"2026-09-15","t":"0518","frp":5.5,"b":343.9,"c":1,"s":"N20","n":0}},{"type":"Feature","geometry":{"type":"Point","coordinates":[131.3056,-12.4601]},"properties":{"d":"2026-09-15","t":"0518","frp":8.3,"b":345.1,"c":1,"s":"N20","n":0}},{"type":"Feature","geometry":{"type":"Point","coordinates":[130.6828,-12.4306]},"properties":{"d":"2026-09-15","t":"0518","frp":3.6,"b":345.5,"c":1,"s":"N20","n":0}},{"type":"Feature","geometry":{"type":"Point","coordinates":[130.6867,-12.4299]},"properties":{"d":"2026-09-15","t":"0518","frp":3.6,"b":330.6,"c":0,"s":"N20","n":0}},{"type":"Feature","geometry":{"type":"Point","coordinates":[130.6821,-12.4264]},"properties":{"d":"2026-09-15","t":"0518","frp":5.8,"b":334.6,"c":1,"s":"N20","n":0}},{"type":"Feature","geometry":{"type":"Point","coordinates":[136.8057,-12.381]},"properties":{"d":"2026-09-15","t":"0518","frp":13.2,"b":349.4,"c":1,"s":"N20","n":0}},{"type":"Feature","geometry":{"type":"Point","coordinates":[136.8105,-12.38]},"properties":{"d":"2026-09-15","t":"0518","frp":14.3,"b":338.9,"c":1,"s":"N20","n":0}},{"type":"Feature","geometry":{"type":"Point","coordinates":[136.6706,-12.3764]},"properties":{"d":"2026-09-15","t":"0518","frp":4.3,"b":330.7,"c":1,"s":"N20","n":0}},{"type":"Feature","geometry":{"type":"Point","coordinates":[136.6499,-12.3743]},"properties":{"d":"2026-09-15","t":"0518","frp":8.8,"b":367.0,"c":2,"s":"N20","n":0}},{"type":"Feature","geometry":{"type":"Point","coordinates":[136.655,-12.3732]},"properties":{"d":"2026-09-15","t":"0518","frp":8.8,"b":342.6,"c":1,"s":"N20","n":0}},{"type":"Feature","geometry":{"type":"Point","coordinates":[136.6636,-12.3651]},"properties":{"d":"2026-09-15","t":"0518","frp":14.5,"b":337.9,"c":1,"s":"N20","n":0}},{"type":"Feature","geometry":{"type":"Point","coordinates":[136.6409,-12.3634]},"properties":{"d":"2026-09-15","t":"0518","frp":15.3,"b":367.0,"c":2,"s":"N20","n":0}},{"type":"Feature","geometry":{"type":"Point","coordinates":[136.6425,-12.3631]},"properties":{"d":"2026-09-15","t":"0518","frp":17.6,"b":367.0,"c":2,"s":"N20","n":0}},{"type":"Feature","geometry":{"type":"Point","coordinates":[136.6455,-12.3625]},"properties":{"d":"2026-09-15","t":"0518","frp":15.1,"b":337.1,"c":1,"s":"N20","n":0}},{"type":"Feature","geometry":{"type":"Point","coordinates":[136.6557,-12.3605]},"properties":{"d":"2026-09-15","t":"0518","frp":19.1,"b":352.4,"c":1,"s":"N20","n":0}},{"type":"Feature","geometry":{"type":"Point","coordinates":[136.6574,-12.3601]},"properties":{"d":"2026-09-15","t":"0518","frp":14.5,"b":356.1,"c":1,"s":"N20","n":0}},{"type":"Feature","geometry":{"type":"Point","coordinates":[136.6606,-12.3595]},"properties":{"d":"2026-09-15","t":"0518","frp":19.1,"b":367.0,"c":2,"s":"N20","n":0}},{"type":"Feature","geometry":{"type":"Point","coordinates":[136.6624,-12.359]},"properties":{"d":"2026-09-15","t":"0518","frp":14.5,"b":348.0,"c":1,"s":"N20","n":0}},{"type":"Feature","geometry":{"type":"Point","coordinates":[134.6635,-12.3585]},"properties":{"d":"2026-09-15","t":"0518","frp":8.5,"b":367.0,"c":2,"s":"N20","n":0}},{"type":"Feature","geometry":{"type":"Point","coordinates":[134.6604,-12.3424]},"properties":{"d":"2026-09-15","t":"0518","frp":3.5,"b":332.2,"c":1,"s":"N20","n":0}},{"type":"Feature","geometry":{"type":"Point","coordinates":[136.6568,-12.3412]},"properties":{"d":"2026-09-15","t":"0518","frp":10.4,"b":350.3,"c":1,"s":"N20","n":0}},{"type":"Feature","geometry":{"type":"Point","coordinates":[136.6586,-12.3408]},"properties":{"d":"2026-09-15","t":"0518","frp":8.2,"b":350.1,"c":1,"s":"N20","n":0}},{"type":"Feature","geometry":{"type":"Point","coordinates":[136.7891,-12.2766]},"properties":{"d":"2026-09-15","t":"0518","frp":6.7,"b":340.1,"c":1,"s":"N20","n":0}},{"type":"Feature","geometry":{"type":"Point","coordinates":[136.816,-12.2327]},"properties":{"d":"2026-09-15","t":"0518","frp":3.2,"b":333.7,"c":1,"s":"N20","n":0}},{"type":"Feature","geometry":{"type":"Point","coordinates":[134.6561,-12.1959]},"properties":{"d":"2026-09-15","t":"0518","frp":7.7,"b":337.1,"c":1,"s":"N20","n":0}},{"type":"Feature","geometry":{"type":"Point","coordinates":[134.6465,-12.1957]},"properties":{"d":"2026-09-15","t":"0518","frp":2.6,"b":331.8,"c":1,"s":"N20","n":0}},{"type":"Feature","geometry":{"type":"Point","coordinates":[134.6596,-12.1952]},"properties":{"d":"2026-09-15","t":"0518","frp":10.4,"b":332.8,"c":1,"s":"N20","n":0}},{"type":"Feature","geometry":{"type":"Point","coordinates":[134.65,-12.195]},"properties":{"d":"2026-09-15","t":"0518","frp":4.1,"b":340.4,"c":1,"s":"N20","n":0}},{"type":"Feature","geometry":{"type":"Point","coordinates":[134.6632,-12.1945]},"properties":{"d":"2026-09-15","t":"0518","frp":10.4,"b":367.0,"c":2,"s":"N20","n":0}},{"type":"Feature","geometry":{"type":"Point","coordinates":[134.6535,-12.1944]},"properties":{"d":"2026-09-15","t":"0518","frp":4.1,"b":336.4,"c":1,"s":"N20","n":0}},{"type":"Feature","geometry":{"type":"Point","coordinates":[134.657,-12.1937]},"properties":{"d":"2026-09-15","t":"0518","frp":11.1,"b":336.9,"c":1,"s":"N20","n":0}},{"type":"Feature","geometry":{"type":"Point","coordinates":[134.6702,-12.1931]},"properties":{"d":"2026-09-15","t":"0518","frp":11.1,"b":337.2,"c":1,"s":"N20","n":0}},{"type":"Feature","geometry":{"type":"Point","coordinates":[134.6605,-12.193]},"properties":{"d":"2026-09-15","t":"0518","frp":11.1,"b":353.3,"c":1,"s":"N20","n":0}},{"type":"Feature","geometry":{"type":"Point","coordinates":[134.6641,-12.1924]},"properties":{"d":"2026-09-15","t":"0518","frp":14.1,"b":367.0,"c":2,"s":"N20","n":0}},{"type":"Feature","geometry":{"type":"Point","coordinates":[134.6481,-12.1918]},"properties":{"d":"2026-09-15","t":"0518","frp":4.6,"b":332.9,"c":1,"s":"N20","n":0}},{"type":"Feature","geometry":{"type":"Point","coordinates":[134.6676,-12.1917]},"properties":{"d":"2026-09-15","t":"0518","frp":14.1,"b":341.4,"c":1,"s":"N20","n":0}},{"type":"Feature","geometry":{"type":"Point","coordinates":[134.2906,-12.1915]},"properties":{"d":"2026-09-15","t":"0518","frp":3.9,"b":367.0,"c":2,"s":"N20","n":0}},{"type":"Feature","geometry":{"type":"Point","coordinates":[134.6711,-12.191]},"properties":{"d":"2026-09-15","t":"0518","frp":4.3,"b":337.1,"c":1,"s":"N20","n":0}},{"type":"Feature","geometry":{"type":"Point","coordinates":[134.6622,-12.1891]},"properties":{"d":"2026-09-15","t":"0518","frp":12.6,"b":367.0,"c":2,"s":"N20","n":0}},{"type":"Feature","geometry":{"type":"Point","coordinates":[134.6657,-12.1884]},"properties":{"d":"2026-09-15","t":"0518","frp":11.3,"b":343.1,"c":1,"s":"N20","n":0}},{"type":"Feature","geometry":{"type":"Point","coordinates":[133.9131,-12.1875]},"properties":{"d":"2026-09-15","t":"0518","frp":1.9,"b":336.4,"c":1,"s":"N20","n":0}},{"type":"Feature","geometry":{"type":"Point","coordinates":[134.2864,-12.1869]},"properties":{"d":"2026-09-15","t":"0518","frp":23.4,"b":355.7,"c":1,"s":"N20","n":0}},{"type":"Feature","geometry":{"type":"Point","coordinates":[134.2897,-12.1863]},"properties":{"d":"2026-09-15","t":"0518","frp":23.4,"b":367.0,"c":2,"s":"N20","n":0}},{"type":"Feature","geometry":{"type":"Point","coordinates":[134.293,-12.1856]},"properties":{"d":"2026-09-15","t":"0518","frp":25.6,"b":367.0,"c":2,"s":"N20","n":0}},{"type":"Feature","geometry":{"type":"Point","coordinates":[134.2963,-12.185]},"properties":{"d":"2026-09-15","t":"0518","frp":25.6,"b":367.0,"c":2,"s":"N20","n":0}},{"type":"Feature","geometry":{"type":"Point","coordinates":[134.2996,-12.1843]},"properties":{"d":"2026-09-15","t":"0518","frp":4.3,"b":336.7,"c":1,"s":"N20","n":0}},{"type":"Feature","geometry":{"type":"Point","coordinates":[134.303,-12.1837]},"properties":{"d":"2026-09-15","t":"0518","frp":4.3,"b":340.4,"c":1,"s":"N20","n":0}},{"type":"Feature","geometry":{"type":"Point","coordinates":[134.3063,-12.1831]},"properties":{"d":"2026-09-15","t":"0518","frp":16.8,"b":337.9,"c":1,"s":"N20","n":0}},{"type":"Feature","geometry":{"type":"Point","coordinates":[134.3097,-12.1824]},"properties":{"d":"2026-09-15","t":"0518","frp":16.8,"b":356.3,"c":1,"s":"N20","n":0}},{"type":"Feature","geometry":{"type":"Point","coordinates":[134.2853,-12.1816]},"properties":{"d":"2026-09-15","t":"0518","frp":23.4,"b":343.6,"c":1,"s":"N20","n":0}},{"type":"Feature","geometry":{"type":"Point","coordinates":[134.2886,-12.181]},"properties":{"d":"2026-09-15","t":"0518","frp":23.4,"b":367.0,"c":2,"s":"N20","n":0}},{"type":"Feature","geometry":{"type":"Point","coordinates":[134.2987,-12.1791]},"properties":{"d":"2026-09-15","t":"0518","frp":4.3,"b":337.9,"c":1,"s":"N20","n":0}},{"type":"Feature","geometry":{"type":"Point","coordinates":[134.302,-12.1784]},"properties":{"d":"2026-09-15","t":"0518","frp":4.3,"b":334.6,"c":1,"s":"N20","n":0}},{"type":"Feature","geometry":{"type":"Point","coordinates":[134.3054,-12.1778]},"properties":{"d":"2026-09-15","t":"0518","frp":16.8,"b":335.6,"c":1,"s":"N20","n":0}},{"type":"Feature","geometry":{"type":"Point","coordinates":[134.2843,-12.1764]},"properties":{"d":"2026-09-15","t":"0518","frp":11.5,"b":354.6,"c":1,"s":"N20","n":0}},{"type":"Feature","geometry":{"type":"Point","coordinates":[134.2876,-12.1757]},"properties":{"d":"2026-09-15","t":"0518","frp":11.5,"b":367.0,"c":2,"s":"N20","n":0}},{"type":"Feature","geometry":{"type":"Point","coordinates":[134.3278,-12.168]},"properties":{"d":"2026-09-15","t":"0518","frp":8.0,"b":367.0,"c":2,"s":"N20","n":0}},{"type":"Feature","geometry":{"type":"Point","coordinates":[134.3312,-12.1673]},"properties":{"d":"2026-09-15","t":"0518","frp":4.7,"b":336.0,"c":1,"s":"N20","n":0}},{"type":"Feature","geometry":{"type":"Point","coordinates":[133.6046,-12.1577]},"properties":{"d":"2026-09-15","t":"0518","frp":3.4,"b":333.5,"c":0,"s":"N20","n":0}},{"type":"Feature","geometry":{"type":"Point","coordinates":[133.6076,-12.1572]},"properties":{"d":"2026-09-15","t":"0518","frp":3.4,"b":340.6,"c":1,"s":"N20","n":0}},{"type":"Feature","geometry":{"type":"Point","coordinates":[133.6388,-12.1566]},"properties":{"d":"2026-09-15","t":"0518","frp":6.8,"b":337.4,"c":1,"s":"N20","n":0}},{"type":"Feature","geometry":{"type":"Point","coordinates":[133.6287,-12.1532]},"properties":{"d":"2026-09-15","t":"0518","frp":28.6,"b":345.8,"c":1,"s":"N20","n":0}},{"type":"Feature","geometry":{"type":"Point","coordinates":[133.6317,-12.1527]},"properties":{"d":"2026-09-15","t":"0518","frp":28.6,"b":367.0,"c":2,"s":"N20","n":0}},{"type":"Feature","geometry":{"type":"Point","coordinates":[133.6347,-12.1521]},"properties":{"d":"2026-09-15","t":"0518","frp":6.8,"b":367.0,"c":2,"s":"N20","n":0}},{"type":"Feature","geometry":{"type":"Point","coordinates":[133.6377,-12.1516]},"properties":{"d":"2026-09-15","t":"0518","frp":6.8,"b":339.7,"c":1,"s":"N20","n":0}},{"type":"Feature","geometry":{"type":"Point","coordinates":[133.6307,-12.1477]},"properties":{"d":"2026-09-15","t":"0518","frp":5.7,"b":367.0,"c":2,"s":"N20","n":0}},{"type":"Feature","geometry":{"type":"Point","coordinates":[133.6337,-12.1471]},"properties":{"d":"2026-09-15","t":"0518","frp":2.5,"b":334.4,"c":1,"s":"N20","n":0}},{"type":"Feature","geometry":{"type":"Point","coordinates":[134.3562,-12.1422]},"properties":{"d":"2026-09-15","t":"0518","frp":17.1,"b":352.7,"c":1,"s":"N20","n":0}},{"type":"Feature","geometry":{"type":"Point","coordinates":[134.3596,-12.1415]},"properties":{"d":"2026-09-15","t":"0518","frp":9.8,"b":367.0,"c":2,"s":"N20","n":0}},{"type":"Feature","geometry":{"type":"Point","coordinates":[134.3576,-12.1402]},"properties":{"d":"2026-09-15","t":"0518","frp":22.7,"b":354.9,"c":1,"s":"N20","n":0}},{"type":"Feature","geometry":{"type":"Point","coordinates":[134.3611,-12.1395]},"properties":{"d":"2026-09-15","t":"0518","frp":15.1,"b":353.7,"c":1,"s":"N20","n":0}},{"type":"Feature","geometry":{"type":"Point","coordinates":[133.9559,-12.1366]},"properties":{"d":"2026-09-15","t":"0518","frp":3.0,"b":334.4,"c":1,"s":"N20","n":0}},{"type":"Feature","geometry":{"type":"Point","coordinates":[134.3586,-12.1362]},"properties":{"d":"2026-09-15","t":"0518","frp":9.8,"b":333.8,"c":1,"s":"N20","n":0}},{"type":"Feature","geometry":{"type":"Point","coordinates":[133.9486,-12.1327]},"properties":{"d":"2026-09-15","t":"0518","frp":5.8,"b":348.2,"c":1,"s":"N20","n":0}},{"type":"Feature","geometry":{"type":"Point","coordinates":[133.9518,-12.1321]},"properties":{"d":"2026-09-15","t":"0518","frp":7.4,"b":347.8,"c":1,"s":"N20","n":0}},{"type":"Feature","geometry":{"type":"Point","coordinates":[133.9477,-12.1275]},"properties":{"d":"2026-09-15","t":"0518","frp":5.8,"b":367.0,"c":2,"s":"N20","n":0}},{"type":"Feature","geometry":{"type":"Point","coordinates":[136.8128,-12.1254]},"properties":{"d":"2026-09-15","t":"0518","frp":15.6,"b":367.0,"c":2,"s":"N20","n":0}},{"type":"Feature","geometry":{"type":"Point","coordinates":[134.3554,-12.1204]},"properties":{"d":"2026-09-15","t":"0518","frp":5.5,"b":330.0,"c":1,"s":"N20","n":0}},{"type":"Feature","geometry":{"type":"Point","coordinates":[134.3588,-12.1197]},"properties":{"d":"2026-09-15","t":"0518","frp":5.5,"b":367.0,"c":2,"s":"N20","n":0}},{"type":"Feature","geometry":{"type":"Point","coordinates":[134.2845,-12.0954]},"properties":{"d":"2026-09-15","t":"0518","frp":2.0,"b":340.6,"c":1,"s":"N20","n":0}},{"type":"Feature","geometry":{"type":"Point","coordinates":[134.2909,-12.0406]},"properties":{"d":"2026-09-15","t":"0518","frp":3.1,"b":335.1,"c":1,"s":"N20","n":0}},{"type":"Feature","geometry":{"type":"Point","coordinates":[134.2915,-12.0393]},"properties":{"d":"2026-09-15","t":"0518","frp":3.0,"b":333.5,"c":1,"s":"N20","n":0}},{"type":"Feature","geometry":{"type":"Point","coordinates":[135.6554,-11.9736]},"properties":{"d":"2026-09-15","t":"0518","frp":4.8,"b":331.6,"c":1,"s":"N20","n":0}},{"type":"Feature","geometry":{"type":"Point","coordinates":[133.9435,-11.9652]},"properties":{"d":"2026-09-15","t":"0518","frp":2.9,"b":332.3,"c":1,"s":"N20","n":0}},{"type":"Feature","geometry":{"type":"Point","coordinates":[133.9393,-11.9606]},"properties":{"d":"2026-09-15","t":"0518","frp":2.9,"b":334.0,"c":1,"s":"N20","n":0}},{"type":"Feature","geometry":{"type":"Point","coordinates":[133.9425,-11.96]},"properties":{"d":"2026-09-15","t":"0518","frp":2.3,"b":331.3,"c":1,"s":"N20","n":0}},{"type":"Feature","geometry":{"type":"Point","coordinates":[133.9457,-11.9594]},"properties":{"d":"2026-09-15","t":"0518","frp":2.3,"b":339.2,"c":1,"s":"N20","n":0}},{"type":"Feature","geometry":{"type":"Point","coordinates":[132.7865,-11.8047]},"properties":{"d":"2026-09-15","t":"0518","frp":9.2,"b":344.7,"c":1,"s":"N20","n":0}},{"type":"Feature","geometry":{"type":"Point","coordinates":[132.791,-11.7989]},"properties":{"d":"2026-09-15","t":"0518","frp":5.8,"b":336.3,"c":1,"s":"N20","n":0}},{"type":"Feature","geometry":{"type":"Point","coordinates":[132.7873,-11.7957]},"properties":{"d":"2026-09-15","t":"0518","frp":12.9,"b":330.4,"c":0,"s":"N20","n":0}},{"type":"Feature","geometry":{"type":"Point","coordinates":[132.7901,-11.7941]},"properties":{"d":"2026-09-15","t":"0518","frp":5.8,"b":337.8,"c":1,"s":"N20","n":0}},{"type":"Feature","geometry":{"type":"Point","coordinates":[132.7918,-11.7899]},"properties":{"d":"2026-09-15","t":"0518","frp":9.5,"b":346.8,"c":1,"s":"N20","n":0}},{"type":"Feature","geometry":{"type":"Point","coordinates":[132.7892,-11.7893]},"properties":{"d":"2026-09-15","t":"0518","frp":6.6,"b":331.0,"c":0,"s":"N20","n":0}},{"type":"Feature","geometry":{"type":"Point","coordinates":[132.7945,-11.7883]},"properties":{"d":"2026-09-15","t":"0518","frp":7.9,"b":340.5,"c":1,"s":"N20","n":0}},{"type":"Feature","geometry":{"type":"Point","coordinates":[132.7908,-11.7851]},"properties":{"d":"2026-09-15","t":"0518","frp":9.5,"b":333.2,"c":1,"s":"N20","n":0}},{"type":"Feature","geometry":{"type":"Point","coordinates":[132.7883,-11.7845]},"properties":{"d":"2026-09-15","t":"0518","frp":6.6,"b":345.1,"c":1,"s":"N20","n":0}},{"type":"Feature","geometry":{"type":"Point","coordinates":[132.7792,-11.7822]},"properties":{"d":"2026-09-15","t":"0518","frp":8.2,"b":339.4,"c":1,"s":"N20","n":0}},{"type":"Feature","geometry":{"type":"Point","coordinates":[132.782,-11.7807]},"properties":{"d":"2026-09-15","t":"0518","frp":8.0,"b":338.1,"c":1,"s":"N20","n":0}},{"type":"Feature","geometry":{"type":"Point","coordinates":[133.7884,-11.7564]},"properties":{"d":"2026-09-15","t":"0518","frp":2.4,"b":331.9,"c":1,"s":"N20","n":0}},{"type":"Feature","geometry":{"type":"Point","coordinates":[133.7873,-11.7512]},"properties":{"d":"2026-09-15","t":"0518","frp":4.6,"b":350.2,"c":1,"s":"N20","n":0}},{"type":"Feature","geometry":{"type":"Point","coordinates":[133.7864,-11.7461]},"properties":{"d":"2026-09-15","t":"0518","frp":4.6,"b":342.6,"c":1,"s":"N20","n":0}},{"type":"Feature","geometry":{"type":"Point","coordinates":[133.7895,-11.7455]},"properties":{"d":"2026-09-15","t":"0518","frp":4.6,"b":345.6,"c":1,"s":"N20","n":0}},{"type":"Feature","geometry":{"type":"Point","coordinates":[130.6867,-11.6124]},"properties":{"d":"2026-09-15","t":"0518","frp":9.9,"b":345.4,"c":1,"s":"N20","n":0}},{"type":"Feature","geometry":{"type":"Point","coordinates":[130.6906,-11.6118]},"properties":{"d":"2026-09-15","t":"0518","frp":9.9,"b":330.3,"c":0,"s":"N20","n":0}},{"type":"Feature","geometry":{"type":"Point","coordinates":[130.6821,-11.6089]},"properties":{"d":"2026-09-15","t":"0518","frp":6.0,"b":342.9,"c":1,"s":"N20","n":0}},{"type":"Feature","geometry":{"type":"Point","coordinates":[130.686,-11.6082]},"properties":{"d":"2026-09-15","t":"0518","frp":8.7,"b":347.0,"c":1,"s":"N20","n":0}},{"type":"Feature","geometry":{"type":"Point","coordinates":[130.6899,-11.6075]},"properties":{"d":"2026-09-15","t":"0518","frp":8.7,"b":340.7,"c":1,"s":"N20","n":0}},{"type":"Feature","geometry":{"type":"Point","coordinates":[130.6814,-11.6047]},"properties":{"d":"2026-09-15","t":"0518","frp":6.0,"b":338.1,"c":0,"s":"N20","n":0}},{"type":"Feature","geometry":{"type":"Point","coordinates":[130.6853,-11.604]},"properties":{"d":"2026-09-15","t":"0518","frp":8.7,"b":341.5,"c":1,"s":"N20","n":0}},{"type":"Feature","geometry":{"type":"Point","coordinates":[130.6892,-11.6033]},"properties":{"d":"2026-09-15","t":"0518","frp":8.7,"b":341.3,"c":1,"s":"N20","n":0}},{"type":"Feature","geometry":{"type":"Point","coordinates":[130.524,-11.5504]},"properties":{"d":"2026-09-15","t":"0518","frp":13.6,"b":344.9,"c":1,"s":"N20","n":0}},{"type":"Feature","geometry":{"type":"Point","coordinates":[130.5279,-11.5497]},"properties":{"d":"2026-09-15","t":"0518","frp":13.6,"b":367.0,"c":2,"s":"N20","n":0}},{"type":"Feature","geometry":{"type":"Point","coordinates":[130.5317,-11.5491]},"properties":{"d":"2026-09-15","t":"0518","frp":13.9,"b":346.9,"c":1,"s":"N20","n":0}},{"type":"Feature","geometry":{"type":"Point","coordinates":[130.5433,-11.547]},"properties":{"d":"2026-09-15","t":"0518","frp":23.1,"b":350.7,"c":1,"s":"N20","n":0}},{"type":"Feature","geometry":{"type":"Point","coordinates":[132.6319,-11.5179]},"properties":{"d":"2026-09-15","t":"0518","frp":8.8,"b":350.0,"c":1,"s":"N20","n":0}},{"type":"Feature","geometry":{"type":"Point","coordinates":[131.355,-11.4879]},"properties":{"d":"2026-09-15","t":"0518","frp":3.1,"b":335.3,"c":1,"s":"N20","n":0}},{"type":"Feature","geometry":{"type":"Point","coordinates":[131.3578,-11.4783]},"properties":{"d":"2026-09-15","t":"0518","frp":7.1,"b":345.9,"c":1,"s":"N20","n":0}},{"type":"Feature","geometry":{"type":"Point","coordinates":[131.3622,-11.4775]},"properties":{"d":"2026-09-15","t":"0518","frp":4.6,"b":341.6,"c":1,"s":"N20","n":0}},{"type":"Feature","geometry":{"type":"Point","coordinates":[131.3614,-11.4731]},"properties":{"d":"2026-09-15","t":"0518","frp":3.5,"b":335.5,"c":1,"s":"N20","n":0}},{"type":"Feature","geometry":{"type":"Point","coordinates":[131.3606,-11.4688]},"properties":{"d":"2026-09-15","t":"0518","frp":3.5,"b":337.0,"c":1,"s":"N20","n":0}},{"type":"Feature","geometry":{"type":"Point","coordinates":[131.3642,-11.4636]},"properties":{"d":"2026-09-15","t":"0518","frp":10.5,"b":351.3,"c":1,"s":"N20","n":0}},{"type":"Feature","geometry":{"type":"Point","coordinates":[130.7958,-11.4634]},"properties":{"d":"2026-09-15","t":"0518","frp":12.5,"b":348.5,"c":1,"s":"N20","n":0}},{"type":"Feature","geometry":{"type":"Point","coordinates":[130.7989,-11.4585]},"properties":{"d":"2026-09-15","t":"0518","frp":5.7,"b":341.6,"c":1,"s":"N20","n":0}},{"type":"Feature","geometry":{"type":"Point","coordinates":[130.7941,-11.455]},"properties":{"d":"2026-09-15","t":"0518","frp":13.3,"b":336.6,"c":0,"s":"N20","n":0}},{"type":"Feature","geometry":{"type":"Point","coordinates":[131.3627,-11.4548]},"properties":{"d":"2026-09-15","t":"0518","frp":7.2,"b":343.7,"c":1,"s":"N20","n":0}},{"type":"Feature","geometry":{"type":"Point","coordinates":[130.7981,-11.4543]},"properties":{"d":"2026-09-15","t":"0518","frp":9.0,"b":341.9,"c":1,"s":"N20","n":0}},{"type":"Feature","geometry":{"type":"Point","coordinates":[131.3575,-11.4511]},"properties":{"d":"2026-09-15","t":"0518","frp":7.2,"b":337.9,"c":1,"s":"N20","n":0}},{"type":"Feature","geometry":{"type":"Point","coordinates":[130.7933,-11.4507]},"properties":{"d":"2026-09-15","t":"0518","frp":13.3,"b":355.8,"c":1,"s":"N20","n":0}},{"type":"Feature","geometry":{"type":"Point","coordinates":[130.3648,-11.4504]},"properties":{"d":"2026-09-15","t":"0518","frp":9.7,"b":341.0,"c":1,"s":"N20","n":0}},{"type":"Feature","geometry":{"type":"Point","coordinates":[131.3619,-11.4504]},"properties":{"d":"2026-09-15","t":"0518","frp":7.2,"b":333.5,"c":0,"s":"N20","n":0}},{"type":"Feature","geometry":{"type":"Point","coordinates":[130.7885,-11.4472]},"properties":{"d":"2026-09-15","t":"0518","frp":5.7,"b":343.1,"c":1,"s":"N20","n":0}},{"type":"Feature","geometry":{"type":"Point","coordinates":[130.7925,-11.4465]},"properties":{"d":"2026-09-15","t":"0518","frp":5.7,"b":341.9,"c":1,"s":"N20","n":0}},{"type":"Feature","geometry":{"type":"Point","coordinates":[130.7877,-11.443]},"properties":{"d":"2026-09-15","t":"0518","frp":5.7,"b":346.7,"c":1,"s":"N20","n":0}},{"type":"Feature","geometry":{"type":"Point","coordinates":[130.9871,-11.4302]},"properties":{"d":"2026-09-15","t":"0518","frp":5.2,"b":341.7,"c":1,"s":"N20","n":0}},{"type":"Feature","geometry":{"type":"Point","coordinates":[130.7687,-11.4289]},"properties":{"d":"2026-09-15","t":"0518","frp":2.9,"b":331.9,"c":0,"s":"N20","n":0}},{"type":"Feature","geometry":{"type":"Point","coordinates":[130.7726,-11.4282]},"properties":{"d":"2026-09-15","t":"0518","frp":2.9,"b":335.8,"c":1,"s":"N20","n":0}},{"type":"Feature","geometry":{"type":"Point","coordinates":[130.9562,-11.4002]},"properties":{"d":"2026-09-15","t":"0518","frp":5.3,"b":337.2,"c":1,"s":"N20","n":0}},{"type":"Feature","geometry":{"type":"Point","coordinates":[130.9416,-11.3895]},"properties":{"d":"2026-09-15","t":"0518","frp":6.3,"b":340.7,"c":1,"s":"N20","n":0}},{"type":"Feature","geometry":{"type":"Point","coordinates":[130.9457,-11.3888]},"properties":{"d":"2026-09-15","t":"0518","frp":7.3,"b":333.5,"c":1,"s":"N20","n":0}},{"type":"Feature","geometry":{"type":"Point","coordinates":[130.7128,-11.3865]},"properties":{"d":"2026-09-15","t":"0518","frp":3.5,"b":345.5,"c":1,"s":"N20","n":0}},{"type":"Feature","geometry":{"type":"Point","coordinates":[130.7168,-11.3858]},"properties":{"d":"2026-09-15","t":"0518","frp":3.5,"b":335.6,"c":1,"s":"N20","n":0}},{"type":"Feature","geometry":{"type":"Point","coordinates":[132.4543,-11.2944]},"properties":{"d":"2026-09-15","t":"0518","frp":5.1,"b":335.7,"c":1,"s":"N20","n":0}},{"type":"Feature","geometry":{"type":"Point","coordinates":[132.457,-11.2932]},"properties":{"d":"2026-09-15","t":"0518","frp":4.2,"b":334.2,"c":1,"s":"N20","n":0}},{"type":"Feature","geometry":{"type":"Point","coordinates":[132.4675,-11.2913]},"properties":{"d":"2026-09-15","t":"0518","frp":3.5,"b":330.9,"c":0,"s":"N20","n":0}},{"type":"Feature","geometry":{"type":"Point","coordinates":[132.4561,-11.2884]},"properties":{"d":"2026-09-15","t":"0518","frp":19.5,"b":340.1,"c":1,"s":"N20","n":0}},{"type":"Feature","geometry":{"type":"Point","coordinates":[132.4613,-11.2875]},"properties":{"d":"2026-09-15","t":"0518","frp":19.5,"b":345.1,"c":1,"s":"N20","n":0}},{"type":"Feature","geometry":{"type":"Point","coordinates":[132.4666,-11.2866]},"properties":{"d":"2026-09-15","t":"0518","frp":9.4,"b":341.9,"c":1,"s":"N20","n":0}},{"type":"Feature","geometry":{"type":"Point","coordinates":[132.4718,-11.2856]},"properties":{"d":"2026-09-15","t":"0518","frp":9.4,"b":348.4,"c":1,"s":"N20","n":0}},{"type":"Feature","geometry":{"type":"Point","coordinates":[132.4762,-11.2799]},"properties":{"d":"2026-09-15","t":"0518","frp":7.2,"b":351.3,"c":1,"s":"N20","n":0}},{"type":"Feature","geometry":{"type":"Point","coordinates":[132.4814,-11.279]},"properties":{"d":"2026-09-15","t":"0518","frp":7.2,"b":331.3,"c":1,"s":"N20","n":0}},{"type":"Feature","geometry":{"type":"Point","coordinates":[132.4806,-11.2742]},"properties":{"d":"2026-09-15","t":"0518","frp":9.5,"b":344.9,"c":1,"s":"N20","n":0}},{"type":"Feature","geometry":{"type":"Point","coordinates":[132.4798,-11.2695]},"properties":{"d":"2026-09-15","t":"0518","frp":9.5,"b":352.5,"c":1,"s":"N20","n":0}},{"type":"Feature","geometry":{"type":"Point","coordinates":[132.3354,-11.2662]},"properties":{"d":"2026-09-15","t":"0518","frp":6.9,"b":336.0,"c":1,"s":"N20","n":0}},{"type":"Feature","geometry":{"type":"Point","coordinates":[132.4729,-11.2609]},"properties":{"d":"2026-09-15","t":"0518","frp":6.3,"b":343.9,"c":1,"s":"N20","n":0}},{"type":"Feature","geometry":{"type":"Point","coordinates":[132.4668,-11.2571]},"properties":{"d":"2026-09-15","t":"0518","frp":9.1,"b":351.4,"c":1,"s":"N20","n":0}},{"type":"Feature","geometry":{"type":"Point","coordinates":[132.472,-11.2561]},"properties":{"d":"2026-09-15","t":"0518","frp":3.7,"b":341.2,"c":1,"s":"N20","n":0}},{"type":"Feature","geometry":{"type":"Point","coordinates":[132.4659,-11.2523]},"properties":{"d":"2026-09-15","t":"0518","frp":9.1,"b":348.1,"c":1,"s":"N20","n":0}},{"type":"Feature","geometry":{"type":"Point","coordinates":[132.459,-11.2438]},"properties":{"d":"2026-09-15","t":"0518","frp":11.9,"b":348.1,"c":1,"s":"N20","n":0}},{"type":"Feature","geometry":{"type":"Point","coordinates":[132.4477,-11.2409]},"properties":{"d":"2026-09-15","t":"0518","frp":7.5,"b":343.7,"c":1,"s":"N20","n":0}},{"type":"Feature","geometry":{"type":"Point","coordinates":[132.4529,-11.24]},"properties":{"d":"2026-09-15","t":"0518","frp":7.5,"b":355.6,"c":1,"s":"N20","n":0}},{"type":"Feature","geometry":{"type":"Point","coordinates":[132.4417,-11.2371]},"properties":{"d":"2026-09-15","t":"0518","frp":7.8,"b":333.4,"c":1,"s":"N20","n":0}},{"type":"Feature","geometry":{"type":"Point","coordinates":[132.4469,-11.2362]},"properties":{"d":"2026-09-15","t":"0518","frp":7.5,"b":337.8,"c":1,"s":"N20","n":0}},{"type":"Feature","geometry":{"type":"Point","coordinates":[132.4306,-11.2342]},"properties":{"d":"2026-09-15","t":"0518","frp":4.4,"b":331.3,"c":1,"s":"N20","n":0}},{"type":"Feature","geometry":{"type":"Point","coordinates":[132.4357,-11.2333]},"properties":{"d":"2026-09-15","t":"0518","frp":15.3,"b":367.0,"c":2,"s":"N20","n":0}},{"type":"Feature","geometry":{"type":"Point","coordinates":[132.4409,-11.2324]},"properties":{"d":"2026-09-15","t":"0518","frp":15.3,"b":352.2,"c":1,"s":"N20","n":0}},{"type":"Feature","geometry":{"type":"Point","coordinates":[132.4298,-11.2295]},"properties":{"d":"2026-09-15","t":"0518","frp":4.4,"b":331.9,"c":1,"s":"N20","n":0}},{"type":"Feature","geometry":{"type":"Point","coordinates":[132.3757,-11.2248]},"properties":{"d":"2026-09-15","t":"0518","frp":9.5,"b":349.4,"c":1,"s":"N20","n":0}},{"type":"Feature","geometry":{"type":"Point","coordinates":[132.3723,-11.2244]},"properties":{"d":"2026-09-15","t":"0518","frp":7.3,"b":337.0,"c":1,"s":"N20","n":0}},{"type":"Feature","geometry":{"type":"Point","coordinates":[132.368,-11.2115]},"properties":{"d":"2026-09-15","t":"0518","frp":6.2,"b":334.9,"c":0,"s":"N20","n":0}},{"type":"Feature","geometry":{"type":"Point","coordinates":[132.3732,-11.2106]},"properties":{"d":"2026-09-15","t":"0518","frp":6.2,"b":346.5,"c":1,"s":"N20","n":0}},{"type":"Feature","geometry":{"type":"Point","coordinates":[132.3698,-11.2103]},"properties":{"d":"2026-09-15","t":"0518","frp":11.4,"b":351.9,"c":1,"s":"N20","n":0}},{"type":"Feature","geometry":{"type":"Point","coordinates":[132.375,-11.2093]},"properties":{"d":"2026-09-15","t":"0518","frp":11.4,"b":348.9,"c":1,"s":"N20","n":0}},{"type":"Feature","geometry":{"type":"Point","coordinates":[132.3723,-11.2058]},"properties":{"d":"2026-09-15","t":"0518","frp":7.1,"b":347.3,"c":1,"s":"N20","n":0}},{"type":"Feature","geometry":{"type":"Point","coordinates":[132.5627,-11.1463]},"properties":{"d":"2026-09-15","t":"0518","frp":7.8,"b":344.0,"c":1,"s":"N20","n":0}},{"type":"Feature","geometry":{"type":"Point","coordinates":[123.3431,-10.6373]},"properties":{"d":"2026-09-15","t":"0518","frp":3.4,"b":340.5,"c":1,"s":"N20","n":0}},{"type":"Feature","geometry":{"type":"Point","coordinates":[123.3426,-10.634]},"properties":{"d":"2026-09-15","t":"0518","frp":14.8,"b":348.7,"c":1,"s":"N20","n":0}},{"type":"Feature","geometry":{"type":"Point","coordinates":[123.676,-10.2967]},"properties":{"d":"2026-09-15","t":"0518","frp":3.9,"b":333.0,"c":0,"s":"N20","n":0}},{"type":"Feature","geometry":{"type":"Point","coordinates":[123.5386,-10.2635]},"properties":{"d":"2026-09-15","t":"0518","frp":5.9,"b":338.9,"c":0,"s":"N20","n":0}},{"type":"Feature","geometry":{"type":"Point","coordinates":[120.588,-10.2291]},"properties":{"d":"2026-09-15","t":"0518","frp":5.1,"b":336.2,"c":1,"s":"N20","n":0}},{"type":"Feature","geometry":{"type":"Point","coordinates":[123.8561,-10.2259]},"properties":{"d":"2026-09-15","t":"0518","frp":3.7,"b":337.1,"c":1,"s":"N20","n":0}},{"type":"Feature","geometry":{"type":"Point","coordinates":[123.8202,-10.2041]},"properties":{"d":"2026-09-15","t":"0518","frp":1.8,"b":334.1,"c":1,"s":"N20","n":0}},{"type":"Feature","geometry":{"type":"Point","coordinates":[123.8452,-10.1799]},"properties":{"d":"2026-09-15","t":"0518","frp":4.9,"b":334.8,"c":0,"s":"N20","n":0}},{"type":"Feature","geometry":{"type":"Point","coordinates":[123.8336,-10.1749]},"properties":{"d":"2026-09-15","t":"0518","frp":6.6,"b":341.5,"c":1,"s":"N20","n":0}},{"type":"Feature","geometry":{"type":"Point","coordinates":[124.3178,-10.1628]},"properties":{"d":"2026-09-15","t":"0518","frp":3.9,"b":339.8,"c":1,"s":"N20","n":0}},{"type":"Feature","geometry":{"type":"Point","coordinates":[124.3522,-10.1542]},"properties":{"d":"2026-09-15","t":"0518","frp":2.4,"b":337.1,"c":1,"s":"N20","n":0}},{"type":"Feature","geometry":{"type":"Point","coordinates":[124.0814,-10.1477]},"properties":{"d":"2026-09-15","t":"0518","frp":1.5,"b":331.2,"c":1,"s":"N20","n":0}},{"type":"Feature","geometry":{"type":"Point","coordinates":[124.307,-10.1474]},"properties":{"d":"2026-09-15","t":"0518","frp":10.5,"b":346.9,"c":1,"s":"N20","n":0}},{"type":"Feature","geometry":{"type":"Point","coordinates":[123.8819,-10.137]},"properties":{"d":"2026-09-15","t":"0518","frp":2.5,"b":342.3,"c":1,"s":"N20","n":0}},{"type":"Feature","geometry":{"type":"Point","coordinates":[120.1479,-10.1238]},"properties":{"d":"2026-09-15","t":"0518","frp":3.8,"b":332.2,"c":1,"s":"N20","n":0}},{"type":"Feature","geometry":{"type":"Point","coordinates":[123.7747,-10.1228]},"properties":{"d":"2026-09-15","t":"0518","frp":5.9,"b":340.2,"c":1,"s":"N20","n":0}},{"type":"Feature","geometry":{"type":"Point","coordinates":[120.1043,-10.117]},"properties":{"d":"2026-09-15","t":"0518","frp":12.1,"b":341.5,"c":1,"s":"N20","n":0}},{"type":"Feature","geometry":{"type":"Point","coordinates":[120.1065,-10.1137]},"properties":{"d":"2026-09-15","t":"0518","frp":11.4,"b":337.4,"c":1,"s":"N20","n":0}},{"type":"Feature","geometry":{"type":"Point","coordinates":[123.9608,-10.1116]},"properties":{"d":"2026-09-15","t":"0518","frp":7.7,"b":334.8,"c":1,"s":"N20","n":0}},{"type":"Feature","geometry":{"type":"Point","coordinates":[123.9198,-10.1042]},"properties":{"d":"2026-09-15","t":"0518","frp":2.8,"b":330.6,"c":0,"s":"N20","n":0}},{"type":"Feature","geometry":{"type":"Point","coordinates":[124.1475,-10.0869]},"properties":{"d":"2026-09-15","t":"0518","frp":8.4,"b":341.4,"c":1,"s":"N20","n":0}},{"type":"Feature","geometry":{"type":"Point","coordinates":[123.9223,-10.0733]},"properties":{"d":"2026-09-15","t":"0518","frp":2.5,"b":331.9,"c":0,"s":"N20","n":0}},{"type":"Feature","geometry":{"type":"Point","coordinates":[120.1934,-10.0649]},"properties":{"d":"2026-09-15","t":"0518","frp":4.2,"b":334.4,"c":1,"s":"N20","n":0}},{"type":"Feature","geometry":{"type":"Point","coordinates":[124.0319,-10.0601]},"properties":{"d":"2026-09-15","t":"0518","frp":3.4,"b":333.7,"c":1,"s":"N20","n":0}},{"type":"Feature","geometry":{"type":"Point","coordinates":[124.0029,-10.0577]},"properties":{"d":"2026-09-15","t":"0518","frp":1.3,"b":331.4,"c":1,"s":"N20","n":0}},{"type":"Feature","geometry":{"type":"Point","coordinates":[124.1142,-9.99]},"properties":{"d":"2026-09-15","t":"0518","frp":3.1,"b":342.7,"c":1,"s":"N20","n":0}},{"type":"Feature","geometry":{"type":"Point","coordinates":[120.7853,-9.962]},"properties":{"d":"2026-09-15","t":"0518","frp":8.4,"b":350.8,"c":1,"s":"N20","n":0}},{"type":"Feature","geometry":{"type":"Point","coordinates":[120.7758,-9.9596]},"properties":{"d":"2026-09-15","t":"0518","frp":10.9,"b":346.6,"c":1,"s":"N20","n":0}},{"type":"Feature","geometry":{"type":"Point","coordinates":[124.3336,-9.9092]},"properties":{"d":"2026-09-15","t":"0518","frp":2.1,"b":330.1,"c":0,"s":"N20","n":0}},{"type":"Feature","geometry":{"type":"Point","coordinates":[124.5968,-9.8999]},"properties":{"d":"2026-09-15","t":"0518","frp":3.4,"b":334.1,"c":1,"s":"N20","n":0}},{"type":"Feature","geometry":{"type":"Point","coordinates":[123.8344,-9.8796]},"properties":{"d":"2026-09-15","t":"0518","frp":3.2,"b":335.9,"c":0,"s":"N20","n":0}},{"type":"Feature","geometry":{"type":"Point","coordinates":[124.1503,-9.8795]},"properties":{"d":"2026-09-15","t":"0518","frp":3.9,"b":339.3,"c":0,"s":"N20","n":0}},{"type":"Feature","geometry":{"type":"Point","coordinates":[123.7769,-9.8577]},"properties":{"d":"2026-09-15","t":"0518","frp":2.5,"b":331.8,"c":0,"s":"N20","n":0}},{"type":"Feature","geometry":{"type":"Point","coordinates":[123.7952,-9.7703]},"properties":{"d":"2026-09-15","t":"0518","frp":3.8,"b":337.0,"c":1,"s":"N20","n":0}},{"type":"Feature","geometry":{"type":"Point","coordinates":[124.0459,-9.7425]},"properties":{"d":"2026-09-15","t":"0518","frp":2.8,"b":334.0,"c":0,"s":"N20","n":0}},{"type":"Feature","geometry":{"type":"Point","coordinates":[124.5775,-9.7363]},"properties":{"d":"2026-09-15","t":"0518","frp":2.8,"b":335.1,"c":1,"s":"N20","n":0}},{"type":"Feature","geometry":{"type":"Point","coordinates":[124.8165,-9.7336]},"properties":{"d":"2026-09-15","t":"0518","frp":1.2,"b":331.6,"c":0,"s":"N20","n":0}},{"type":"Feature","geometry":{"type":"Point","coordinates":[123.7682,-9.6691]},"properties":{"d":"2026-09-15","t":"0518","frp":12.8,"b":340.6,"c":1,"s":"N20","n":0}},{"type":"Feature","geometry":{"type":"Point","coordinates":[124.8191,-9.6586]},"properties":{"d":"2026-09-15","t":"0518","frp":1.6,"b":330.8,"c":1,"s":"N20","n":0}},{"type":"Feature","geometry":{"type":"Point","coordinates":[124.1251,-9.588]},"properties":{"d":"2026-09-15","t":"0518","frp":3.0,"b":338.2,"c":1,"s":"N20","n":0}},{"type":"Feature","geometry":{"type":"Point","coordinates":[124.3317,-9.587]},"properties":{"d":"2026-09-15","t":"0518","frp":4.0,"b":337.1,"c":1,"s":"N20","n":0}},{"type":"Feature","geometry":{"type":"Point","coordinates":[124.1211,-9.5852]},"properties":{"d":"2026-09-15","t":"0518","frp":3.0,"b":343.3,"c":1,"s":"N20","n":0}},{"type":"Feature","geometry":{"type":"Point","coordinates":[124.1246,-9.5847]},"properties":{"d":"2026-09-15","t":"0518","frp":3.0,"b":332.1,"c":0,"s":"N20","n":0}},{"type":"Feature","geometry":{"type":"Point","coordinates":[124.1061,-9.5807]},"properties":{"d":"2026-09-15","t":"0518","frp":2.6,"b":334.4,"c":1,"s":"N20","n":0}},{"type":"Feature","geometry":{"type":"Point","coordinates":[124.1096,-9.5802]},"properties":{"d":"2026-09-15","t":"0518","frp":2.6,"b":333.5,"c":0,"s":"N20","n":0}},{"type":"Feature","geometry":{"type":"Point","coordinates":[124.1121,-9.5731]},"properties":{"d":"2026-09-15","t":"0518","frp":1.4,"b":331.6,"c":1,"s":"N20","n":0}},{"type":"Feature","geometry":{"type":"Point","coordinates":[124.4539,-9.5245]},"properties":{"d":"2026-09-15","t":"0518","frp":1.9,"b":331.9,"c":0,"s":"N20","n":0}},{"type":"Feature","geometry":{"type":"Point","coordinates":[124.0281,-9.4739]},"properties":{"d":"2026-09-15","t":"0518","frp":10.8,"b":345.5,"c":1,"s":"N20","n":0}},{"type":"Feature","geometry":{"type":"Point","coordinates":[124.0985,-9.4666]},"properties":{"d":"2026-09-15","t":"0518","frp":9.0,"b":351.3,"c":1,"s":"N20","n":0}},{"type":"Feature","geometry":{"type":"Point","coordinates":[124.1019,-9.4661]},"properties":{"d":"2026-09-15","t":"0518","frp":9.2,"b":344.4,"c":1,"s":"N20","n":0}},{"type":"Feature","geometry":{"type":"Point","coordinates":[124.1462,-9.4526]},"properties":{"d":"2026-09-15","t":"0518","frp":1.4,"b":335.8,"c":1,"s":"N20","n":0}},{"type":"Feature","geometry":{"type":"Point","coordinates":[124.4847,-9.4519]},"properties":{"d":"2026-09-15","t":"0518","frp":5.3,"b":349.5,"c":1,"s":"N20","n":0}},{"type":"Feature","geometry":{"type":"Point","coordinates":[124.4871,-9.4447]},"properties":{"d":"2026-09-15","t":"0518","frp":2.1,"b":334.7,"c":1,"s":"N20","n":0}},{"type":"Feature","geometry":{"type":"Point","coordinates":[124.6469,-9.4406]},"properties":{"d":"2026-09-15","t":"0518","frp":2.7,"b":334.4,"c":1,"s":"N20","n":0}},{"type":"Feature","geometry":{"type":"Point","coordinates":[124.4289,-9.4367]},"properties":{"d":"2026-09-15","t":"0518","frp":23.7,"b":336.7,"c":1,"s":"N20","n":0}},{"type":"Feature","geometry":{"type":"Point","coordinates":[124.6882,-9.4309]},"properties":{"d":"2026-09-15","t":"0518","frp":5.0,"b":337.5,"c":1,"s":"N20","n":0}},{"type":"Feature","geometry":{"type":"Point","coordinates":[125.0404,-9.3258]},"properties":{"d":"2026-09-15","t":"0518","frp":3.0,"b":333.8,"c":1,"s":"N20","n":0}},{"type":"Feature","geometry":{"type":"Point","coordinates":[120.3299,-9.9793]},"properties":{"d":"2026-09-15","t":"0521","frp":4.4,"b":334.7,"c":1,"s":"N20","n":0}},{"type":"Feature","geometry":{"type":"Point","coordinates":[120.666,-9.933]},"properties":{"d":"2026-09-15","t":"0521","frp":10.3,"b":341.1,"c":1,"s":"N20","n":0}},{"type":"Feature","geometry":{"type":"Point","coordinates":[120.6705,-9.9324]},"properties":{"d":"2026-09-15","t":"0521","frp":10.3,"b":344.8,"c":1,"s":"N20","n":0}},{"type":"Feature","geometry":{"type":"Point","coordinates":[120.6678,-9.9315]},"properties":{"d":"2026-09-15","t":"0521","frp":31.7,"b":353.2,"c":1,"s":"N20","n":0}},{"type":"Feature","geometry":{"type":"Point","coordinates":[120.67,-9.9286]},"properties":{"d":"2026-09-15","t":"0521","frp":10.3,"b":336.9,"c":1,"s":"N20","n":0}},{"type":"Feature","geometry":{"type":"Point","coordinates":[119.8827,-9.9085]},"properties":{"d":"2026-09-15","t":"0521","frp":5.2,"b":337.9,"c":1,"s":"N20","n":0}},{"type":"Feature","geometry":{"type":"Point","coordinates":[120.4957,-9.8908]},"properties":{"d":"2026-09-15","t":"0521","frp":3.4,"b":335.2,"c":1,"s":"N20","n":0}},{"type":"Feature","geometry":{"type":"Point","coordinates":[120.5003,-9.8902]},"properties":{"d":"2026-09-15","t":"0521","frp":3.4,"b":334.9,"c":0,"s":"N20","n":0}},{"type":"Feature","geometry":{"type":"Point","coordinates":[120.5209,-9.8332]},"properties":{"d":"2026-09-15","t":"0521","frp":4.1,"b":339.0,"c":1,"s":"N20","n":0}},{"type":"Feature","geometry":{"type":"Point","coordinates":[119.9589,-9.8221]},"properties":{"d":"2026-09-15","t":"0521","frp":5.6,"b":331.9,"c":0,"s":"N20","n":0}},{"type":"Feature","geometry":{"type":"Point","coordinates":[119.9567,-9.8218]},"properties":{"d":"2026-09-15","t":"0521","frp":3.7,"b":340.1,"c":1,"s":"N20","n":0}},{"type":"Feature","geometry":{"type":"Point","coordinates":[120.0252,-9.7723]},"properties":{"d":"2026-09-15","t":"0521","frp":18.9,"b":349.0,"c":1,"s":"N20","n":0}},{"type":"Feature","geometry":{"type":"Point","coordinates":[119.9834,-9.7544]},"properties":{"d":"2026-09-15","t":"0521","frp":9.3,"b":339.2,"c":1,"s":"N20","n":0}},{"type":"Feature","geometry":{"type":"Point","coordinates":[119.1938,-9.7353]},"properties":{"d":"2026-09-15","t":"0521","frp":4.1,"b":344.9,"c":1,"s":"N20","n":0}},{"type":"Feature","geometry":{"type":"Point","coordinates":[119.4772,-9.7129]},"properties":{"d":"2026-09-15","t":"0521","frp":6.7,"b":340.7,"c":1,"s":"N20","n":0}},{"type":"Feature","geometry":{"type":"Point","coordinates":[119.9311,-9.71]},"properties":{"d":"2026-09-15","t":"0521","frp":6.7,"b":337.8,"c":1,"s":"N20","n":0}},{"type":"Feature","geometry":{"type":"Point","coordinates":[119.9327,-9.7093]},"properties":{"d":"2026-09-15","t":"0521","frp":7.6,"b":335.0,"c":1,"s":"N20","n":0}},{"type":"Feature","geometry":{"type":"Point","coordinates":[119.993,-9.7086]},"properties":{"d":"2026-09-15","t":"0521","frp":3.7,"b":332.6,"c":0,"s":"N20","n":0}},{"type":"Feature","geometry":{"type":"Point","coordinates":[119.991,-9.7057]},"properties":{"d":"2026-09-15","t":"0521","frp":3.3,"b":338.9,"c":1,"s":"N20","n":0}},{"type":"Feature","geometry":{"type":"Point","coordinates":[120.3935,-9.6968]},"properties":{"d":"2026-09-15","t":"0521","frp":2.4,"b":338.3,"c":1,"s":"N20","n":0}},{"type":"Feature","geometry":{"type":"Point","coordinates":[120.0509,-9.6963]},"properties":{"d":"2026-09-15","t":"0521","frp":4.3,"b":340.4,"c":1,"s":"N20","n":0}},{"type":"Feature","geometry":{"type":"Point","coordinates":[120.049,-9.6938]},"properties":{"d":"2026-09-15","t":"0521","frp":3.4,"b":335.0,"c":0,"s":"N20","n":0}},{"type":"Feature","geometry":{"type":"Point","coordinates":[119.1741,-9.6927]},"properties":{"d":"2026-09-15","t":"0521","frp":65.7,"b":340.8,"c":1,"s":"N20","n":0}},{"type":"Feature","geometry":{"type":"Point","coordinates":[119.1698,-9.6891]},"properties":{"d":"2026-09-15","t":"0521","frp":18.5,"b":343.9,"c":1,"s":"N20","n":0}},{"type":"Feature","geometry":{"type":"Point","coordinates":[119.5698,-9.6879]},"properties":{"d":"2026-09-15","t":"0521","frp":5.5,"b":337.5,"c":1,"s":"N20","n":0}},{"type":"Feature","geometry":{"type":"Point","coordinates":[119.185,-9.687]},"properties":{"d":"2026-09-15","t":"0521","frp":9.1,"b":355.4,"c":1,"s":"N20","n":0}},{"type":"Feature","geometry":{"type":"Point","coordinates":[119.9542,-9.6824]},"properties":{"d":"2026-09-15","t":"0521","frp":3.9,"b":337.8,"c":1,"s":"N20","n":0}},{"type":"Feature","geometry":{"type":"Point","coordinates":[119.9487,-9.6792]},"properties":{"d":"2026-09-15","t":"0521","frp":2.7,"b":336.2,"c":1,"s":"N20","n":0}},{"type":"Feature","geometry":{"type":"Point","coordinates":[120.1999,-9.6787]},"properties":{"d":"2026-09-15","t":"0521","frp":2.5,"b":334.7,"c":1,"s":"N20","n":0}},{"type":"Feature","geometry":{"type":"Point","coordinates":[120.0976,-9.6738]},"properties":{"d":"2026-09-15","t":"0521","frp":11.0,"b":347.2,"c":1,"s":"N20","n":0}},{"type":"Feature","geometry":{"type":"Point","coordinates":[119.9872,-9.6341]},"properties":{"d":"2026-09-15","t":"0521","frp":6.3,"b":336.3,"c":1,"s":"N20","n":0}},{"type":"Feature","geometry":{"type":"Point","coordinates":[119.9921,-9.6334]},"properties":{"d":"2026-09-15","t":"0521","frp":6.3,"b":336.7,"c":1,"s":"N20","n":0}},{"type":"Feature","geometry":{"type":"Point","coordinates":[119.7677,-9.6325]},"properties":{"d":"2026-09-15","t":"0521","frp":3.6,"b":338.7,"c":1,"s":"N20","n":0}},{"type":"Feature","geometry":{"type":"Point","coordinates":[119.8204,-9.6172]},"properties":{"d":"2026-09-15","t":"0521","frp":11.4,"b":339.6,"c":1,"s":"N20","n":0}},{"type":"Feature","geometry":{"type":"Point","coordinates":[119.4881,-9.6157]},"properties":{"d":"2026-09-15","t":"0521","frp":2.2,"b":333.3,"c":1,"s":"N20","n":0}},{"type":"Feature","geometry":{"type":"Point","coordinates":[120.0128,-9.6068]},"properties":{"d":"2026-09-15","t":"0521","frp":4.4,"b":338.0,"c":1,"s":"N20","n":0}},{"type":"Feature","geometry":{"type":"Point","coordinates":[119.7457,-9.5958]},"properties":{"d":"2026-09-15","t":"0521","frp":5.1,"b":332.9,"c":0,"s":"N20","n":0}},{"type":"Feature","geometry":{"type":"Point","coordinates":[119.6484,-9.5852]},"properties":{"d":"2026-09-15","t":"0521","frp":6.6,"b":337.1,"c":1,"s":"N20","n":0}},{"type":"Feature","geometry":{"type":"Point","coordinates":[119.6207,-9.5177]},"properties":{"d":"2026-09-15","t":"0521","frp":4.9,"b":334.6,"c":1,"s":"N20","n":0}},{"type":"Feature","geometry":{"type":"Point","coordinates":[119.3905,-9.4928]},"properties":{"d":"2026-09-15","t":"0521","frp":2.4,"b":334.4,"c":1,"s":"N20","n":0}},{"type":"Feature","geometry":{"type":"Point","coordinates":[119.8901,-9.4913]},"properties":{"d":"2026-09-15","t":"0521","frp":8.0,"b":335.1,"c":0,"s":"N20","n":0}},{"type":"Feature","geometry":{"type":"Point","coordinates":[119.6586,-9.4881]},"properties":{"d":"2026-09-15","t":"0521","frp":6.0,"b":337.3,"c":1,"s":"N20","n":0}},{"type":"Feature","geometry":{"type":"Point","coordinates":[119.5524,-9.4745]},"properties":{"d":"2026-09-15","t":"0521","frp":4.8,"b":341.4,"c":1,"s":"N20","n":0}},{"type":"Feature","geometry":{"type":"Point","coordinates":[119.5049,-9.4689]},"properties":{"d":"2026-09-15","t":"0521","frp":2.9,"b":333.8,"c":1,"s":"N20","n":0}},{"type":"Feature","geometry":{"type":"Point","coordinates":[119.5851,-9.4538]},"properties":{"d":"2026-09-15","t":"0521","frp":2.0,"b":335.5,"c":1,"s":"N20","n":0}},{"type":"Feature","geometry":{"type":"Point","coordinates":[119.564,-9.4526]},"properties":{"d":"2026-09-15","t":"0521","frp":5.3,"b":335.8,"c":0,"s":"N20","n":0}},{"type":"Feature","geometry":{"type":"Point","coordinates":[119.5617,-9.4504]},"properties":{"d":"2026-09-15","t":"0521","frp":6.6,"b":339.4,"c":1,"s":"N20","n":0}},{"type":"Feature","geometry":{"type":"Point","coordinates":[119.558,-9.4494]},"properties":{"d":"2026-09-15","t":"0521","frp":4.5,"b":330.7,"c":0,"s":"N20","n":0}},{"type":"Feature","geometry":{"type":"Point","coordinates":[124.1457,-9.4493]},"properties":{"d":"2026-09-15","t":"0521","frp":7.0,"b":356.4,"c":1,"s":"N20","n":0}},{"type":"Feature","geometry":{"type":"Point","coordinates":[119.5633,-9.4487]},"properties":{"d":"2026-09-15","t":"0521","frp":5.3,"b":333.1,"c":0,"s":"N20","n":0}},{"type":"Feature","geometry":{"type":"Point","coordinates":[119.5557,-9.4472]},"properties":{"d":"2026-09-15","t":"0521","frp":6.6,"b":336.9,"c":1,"s":"N20","n":0}},{"type":"Feature","geometry":{"type":"Point","coordinates":[124.1452,-9.446]},"properties":{"d":"2026-09-15","t":"0521","frp":7.0,"b":334.6,"c":0,"s":"N20","n":0}},{"type":"Feature","geometry":{"type":"Point","coordinates":[119.0684,-9.429]},"properties":{"d":"2026-09-15","t":"0521","frp":1.6,"b":334.6,"c":1,"s":"N20","n":0}},{"type":"Feature","geometry":{"type":"Point","coordinates":[124.1471,-9.4149]},"properties":{"d":"2026-09-15","t":"0521","frp":11.5,"b":350.9,"c":1,"s":"N20","n":0}},{"type":"Feature","geometry":{"type":"Point","coordinates":[124.1466,-9.4116]},"properties":{"d":"2026-09-15","t":"0521","frp":11.5,"b":347.2,"c":1,"s":"N20","n":0}},{"type":"Feature","geometry":{"type":"Point","coordinates":[124.3422,-9.4059]},"properties":{"d":"2026-09-15","t":"0521","frp":1.3,"b":341.1,"c":1,"s":"N20","n":0}},{"type":"Feature","geometry":{"type":"Point","coordinates":[124.1027,-9.4047]},"properties":{"d":"2026-09-15","t":"0521","frp":3.9,"b":336.2,"c":1,"s":"N20","n":0}},{"type":"Feature","geometry":{"type":"Point","coordinates":[124.3665,-9.4022]},"properties":{"d":"2026-09-15","t":"0521","frp":4.2,"b":334.9,"c":0,"s":"N20","n":0}},{"type":"Feature","geometry":{"type":"Point","coordinates":[124.3516,-9.3977]},"properties":{"d":"2026-09-15","t":"0521","frp":4.8,"b":338.2,"c":0,"s":"N20","n":0}},{"type":"Feature","geometry":{"type":"Point","coordinates":[119.6,-9.3963]},"properties":{"d":"2026-09-15","t":"0521","frp":10.8,"b":338.2,"c":1,"s":"N20","n":0}},{"type":"Feature","geometry":{"type":"Point","coordinates":[124.2704,-9.3589]},"properties":{"d":"2026-09-15","t":"0521","frp":2.6,"b":333.8,"c":0,"s":"N20","n":0}},{"type":"Feature","geometry":{"type":"Point","coordinates":[124.2739,-9.3584]},"properties":{"d":"2026-09-15","t":"0521","frp":2.6,"b":335.8,"c":1,"s":"N20","n":0}},{"type":"Feature","geometry":{"type":"Point","coordinates":[124.2237,-9.3559]},"properties":{"d":"2026-09-15","t":"0521","frp":18.8,"b":340.8,"c":1,"s":"N20","n":0}},{"type":"Feature","geometry":{"type":"Point","coordinates":[124.4226,-9.3526]},"properties":{"d":"2026-09-15","t":"0521","frp":2.3,"b":331.9,"c":0,"s":"N20","n":0}},{"type":"Feature","geometry":{"type":"Point","coordinates":[124.2232,-9.3526]},"properties":{"d":"2026-09-15","t":"0521","frp":18.8,"b":349.9,"c":1,"s":"N20","n":0}},{"type":"Feature","geometry":{"type":"Point","coordinates":[124.2267,-9.3521]},"properties":{"d":"2026-09-15","t":"0521","frp":4.1,"b":334.8,"c":1,"s":"N20","n":0}},{"type":"Feature","geometry":{"type":"Point","coordinates":[124.4221,-9.3493]},"properties":{"d":"2026-09-15","t":"0521","frp":2.3,"b":336.5,"c":0,"s":"N20","n":0}},{"type":"Feature","geometry":{"type":"Point","coordinates":[124.4256,-9.3488]},"properties":{"d":"2026-09-15","t":"0521","frp":2.9,"b":340.7,"c":1,"s":"N20","n":0}},{"type":"Feature","geometry":{"type":"Point","coordinates":[124.4291,-9.3483]},"properties":{"d":"2026-09-15","t":"0521","frp":2.9,"b":333.5,"c":0,"s":"N20","n":0}},{"type":"Feature","geometry":{"type":"Point","coordinates":[124.4251,-9.3455]},"properties":{"d":"2026-09-15","t":"0521","frp":4.0,"b":336.0,"c":0,"s":"N20","n":0}},{"type":"Feature","geometry":{"type":"Point","coordinates":[124.3062,-9.3366]},"properties":{"d":"2026-09-15","t":"0521","frp":1.6,"b":332.3,"c":0,"s":"N20","n":0}},{"type":"Feature","geometry":{"type":"Point","coordinates":[124.2276,-9.335]},"properties":{"d":"2026-09-15","t":"0521","frp":2.6,"b":336.9,"c":1,"s":"N20","n":0}},{"type":"Feature","geometry":{"type":"Point","coordinates":[124.9631,-9.314]},"properties":{"d":"2026-09-15","t":"0521","frp":5.2,"b":333.8,"c":1,"s":"N20","n":0}},{"type":"Feature","geometry":{"type":"Point","coordinates":[124.9585,-9.3079]},"properties":{"d":"2026-09-15","t":"0521","frp":4.3,"b":332.8,"c":0,"s":"N20","n":0}},{"type":"Feature","geometry":{"type":"Point","coordinates":[125.0372,-9.3059]},"properties":{"d":"2026-09-15","t":"0521","frp":1.9,"b":331.2,"c":1,"s":"N20","n":0}},{"type":"Feature","geometry":{"type":"Point","coordinates":[124.9142,-9.3011]},"properties":{"d":"2026-09-15","t":"0521","frp":4.5,"b":335.9,"c":0,"s":"N20","n":0}},{"type":"Feature","geometry":{"type":"Point","coordinates":[124.2508,-9.301]},"properties":{"d":"2026-09-15","t":"0521","frp":1.7,"b":331.5,"c":1,"s":"N20","n":0}},{"type":"Feature","geometry":{"type":"Point","coordinates":[125.1681,-9.289]},"properties":{"d":"2026-09-15","t":"0521","frp":3.5,"b":335.4,"c":1,"s":"N20","n":0}},{"type":"Feature","geometry":{"type":"Point","coordinates":[125.1604,-9.2868]},"properties":{"d":"2026-09-15","t":"0521","frp":4.6,"b":331.6,"c":1,"s":"N20","n":0}},{"type":"Feature","geometry":{"type":"Point","coordinates":[125.164,-9.2862]},"properties":{"d":"2026-09-15","t":"0521","frp":4.6,"b":344.0,"c":1,"s":"N20","n":0}},{"type":"Feature","geometry":{"type":"Point","coordinates":[125.1676,-9.2857]},"properties":{"d":"2026-09-15","t":"0521","frp":6.3,"b":342.1,"c":1,"s":"N20","n":0}},{"type":"Feature","geometry":{"type":"Point","coordinates":[125.1711,-9.2851]},"properties":{"d":"2026-09-15","t":"0521","frp":6.3,"b":336.4,"c":1,"s":"N20","n":0}},{"type":"Feature","geometry":{"type":"Point","coordinates":[124.7997,-9.278]},"properties":{"d":"2026-09-15","t":"0521","frp":5.0,"b":334.5,"c":1,"s":"N20","n":0}},{"type":"Feature","geometry":{"type":"Point","coordinates":[124.8032,-9.2774]},"properties":{"d":"2026-09-15","t":"0521","frp":5.0,"b":350.7,"c":1,"s":"N20","n":0}},{"type":"Feature","geometry":{"type":"Point","coordinates":[124.8026,-9.2741]},"properties":{"d":"2026-09-15","t":"0521","frp":1.2,"b":330.9,"c":0,"s":"N20","n":0}},{"type":"Feature","geometry":{"type":"Point","coordinates":[124.8934,-9.2601]},"properties":{"d":"2026-09-15","t":"0521","frp":1.1,"b":334.3,"c":0,"s":"N20","n":0}},{"type":"Feature","geometry":{"type":"Point","coordinates":[124.872,-9.26]},"properties":{"d":"2026-09-15","t":"0521","frp":3.0,"b":337.4,"c":0,"s":"N20","n":0}},{"type":"Feature","geometry":{"type":"Point","coordinates":[124.9069,-9.2547]},"properties":{"d":"2026-09-15","t":"0521","frp":1.7,"b":335.5,"c":1,"s":"N20","n":0}},{"type":"Feature","geometry":{"type":"Point","coordinates":[124.9048,-9.2414]},"properties":{"d":"2026-09-15","t":"0521","frp":2.1,"b":336.4,"c":1,"s":"N20","n":0}},{"type":"Feature","geometry":{"type":"Point","coordinates":[124.7402,-9.2396]},"properties":{"d":"2026-09-15","t":"0521","frp":6.5,"b":346.4,"c":1,"s":"N20","n":0}},{"type":"Feature","geometry":{"type":"Point","coordinates":[124.9897,-9.2351]},"properties":{"d":"2026-09-15","t":"0521","frp":3.6,"b":338.2,"c":1,"s":"N20","n":0}},{"type":"Feature","geometry":{"type":"Point","coordinates":[124.8418,-9.2274]},"properties":{"d":"2026-09-15","t":"0521","frp":7.2,"b":342.1,"c":1,"s":"N20","n":0}},{"type":"Feature","geometry":{"type":"Point","coordinates":[125.0118,-9.2147]},"properties":{"d":"2026-09-15","t":"0521","frp":3.0,"b":335.5,"c":0,"s":"N20","n":0}},{"type":"Feature","geometry":{"type":"Point","coordinates":[124.8987,-9.2016]},"properties":{"d":"2026-09-15","t":"0521","frp":5.3,"b":346.4,"c":1,"s":"N20","n":0}},{"type":"Feature","geometry":{"type":"Point","coordinates":[125.0355,-9.1839]},"properties":{"d":"2026-09-15","t":"0521","frp":1.6,"b":332.9,"c":0,"s":"N20","n":0}},{"type":"Feature","geometry":{"type":"Point","coordinates":[125.146,-9.1769]},"properties":{"d":"2026-09-15","t":"0521","frp":3.5,"b":337.8,"c":1,"s":"N20","n":0}},{"type":"Feature","geometry":{"type":"Point","coordinates":[124.8772,-9.0929]},"properties":{"d":"2026-09-15","t":"0521","frp":1.1,"b":336.1,"c":1,"s":"N20","n":0}},{"type":"Feature","geometry":{"type":"Point","coordinates":[125.3751,-9.0907]},"properties":{"d":"2026-09-15","t":"0521","frp":3.4,"b":338.7,"c":1,"s":"N20","n":0}},{"type":"Feature","geometry":{"type":"Point","coordinates":[116.9831,-9.0686]},"properties":{"d":"2026-09-15","t":"0521","frp":8.2,"b":340.4,"c":1,"s":"N20","n":0}},{"type":"Feature","geometry":{"type":"Point","coordinates":[125.309,-9.0668]},"properties":{"d":"2026-09-15","t":"0521","frp":2.4,"b":332.8,"c":1,"s":"N20","n":0}},{"type":"Feature","geometry":{"type":"Point","coordinates":[125.5155,-9.0552]},"properties":{"d":"2026-09-15","t":"0521","frp":2.6,"b":330.8,"c":0,"s":"N20","n":0}},{"type":"Feature","geometry":{"type":"Point","coordinates":[125.3356,-9.049]},"properties":{"d":"2026-09-15","t":"0521","frp":9.7,"b":336.3,"c":1,"s":"N20","n":0}},{"type":"Feature","geometry":{"type":"Point","coordinates":[125.3642,-9.048]},"properties":{"d":"2026-09-15","t":"0521","frp":1.1,"b":331.3,"c":1,"s":"N20","n":0}},{"type":"Feature","geometry":{"type":"Point","coordinates":[125.5228,-9.0335]},"properties":{"d":"2026-09-15","t":"0521","frp":2.5,"b":330.1,"c":1,"s":"N20","n":0}},{"type":"Feature","geometry":{"type":"Point","coordinates":[125.5222,-9.0301]},"properties":{"d":"2026-09-15","t":"0521","frp":2.5,"b":333.5,"c":1,"s":"N20","n":0}},{"type":"Feature","geometry":{"type":"Point","coordinates":[125.3694,-9.0137]},"properties":{"d":"2026-09-15","t":"0521","frp":2.4,"b":339.9,"c":1,"s":"N20","n":0}},{"type":"Feature","geometry":{"type":"Point","coordinates":[125.5512,-9.005]},"properties":{"d":"2026-09-15","t":"0521","frp":5.0,"b":337.5,"c":1,"s":"N20","n":0}},{"type":"Feature","geometry":{"type":"Point","coordinates":[115.7552,-30.7427]},"properties":{"d":"2026-09-15","t":"0654","frp":3.0,"b":331.4,"c":1,"s":"N20","n":0}},{"type":"Feature","geometry":{"type":"Point","coordinates":[113.2457,-19.927]},"properties":{"d":"2026-09-15","t":"0657","frp":18.9,"b":367.0,"c":2,"s":"N20","n":0}},{"type":"Feature","geometry":{"type":"Point","coordinates":[113.2424,-19.9253]},"properties":{"d":"2026-09-15","t":"0657","frp":16.6,"b":351.5,"c":1,"s":"N20","n":0}},{"type":"Feature","geometry":{"type":"Point","coordinates":[113.2471,-19.9242]},"properties":{"d":"2026-09-15","t":"0657","frp":16.2,"b":367.0,"c":2,"s":"N20","n":0}},{"type":"Feature","geometry":{"type":"Point","coordinates":[148.1666,-40.9831]},"properties":{"d":"2026-09-15","t":"0310","frp":6.6,"b":328.9,"c":1,"s":"SNPP","n":0}},{"type":"Feature","geometry":{"type":"Point","coordinates":[148.1667,-40.982]},"properties":{"d":"2026-09-15","t":"0310","frp":7.3,"b":338.5,"c":1,"s":"SNPP","n":0}},{"type":"Feature","geometry":{"type":"Point","coordinates":[148.1585,-40.9763]},"properties":{"d":"2026-09-15","t":"0310","frp":8.9,"b":338.9,"c":1,"s":"SNPP","n":0}},{"type":"Feature","geometry":{"type":"Point","coordinates":[148.1664,-40.9763]},"properties":{"d":"2026-09-15","t":"0310","frp":6.6,"b":334.1,"c":1,"s":"SNPP","n":0}},{"type":"Feature","geometry":{"type":"Point","coordinates":[148.1587,-40.9753]},"properties":{"d":"2026-09-15","t":"0310","frp":7.5,"b":335.9,"c":1,"s":"SNPP","n":0}},{"type":"Feature","geometry":{"type":"Point","coordinates":[148.8373,-36.0834]},"properties":{"d":"2026-09-15","t":"0310","frp":3.2,"b":331.5,"c":1,"s":"SNPP","n":0}},{"type":"Feature","geometry":{"type":"Point","coordinates":[150.8771,-34.4559]},"properties":{"d":"2026-09-15","t":"0310","frp":2.9,"b":330.3,"c":1,"s":"SNPP","n":0}},{"type":"Feature","geometry":{"type":"Point","coordinates":[147.0009,-33.3804]},"properties":{"d":"2026-09-15","t":"0313","frp":6.1,"b":332.7,"c":1,"s":"SNPP","n":0}},{"type":"Feature","geometry":{"type":"Point","coordinates":[147.0012,-33.3799]},"properties":{"d":"2026-09-15","t":"0313","frp":6.5,"b":332.9,"c":1,"s":"SNPP","n":0}},{"type":"Feature","geometry":{"type":"Point","coordinates":[147.0152,-33.373]},"properties":{"d":"2026-09-15","t":"0313","frp":11.3,"b":347.8,"c":1,"s":"SNPP","n":0}},{"type":"Feature","geometry":{"type":"Point","coordinates":[147.0155,-33.3725]},"properties":{"d":"2026-09-15","t":"0313","frp":11.0,"b":346.4,"c":1,"s":"SNPP","n":0}},{"type":"Feature","geometry":{"type":"Point","coordinates":[149.3964,-33.322]},"properties":{"d":"2026-09-15","t":"0313","frp":3.7,"b":332.6,"c":1,"s":"SNPP","n":0}},{"type":"Feature","geometry":{"type":"Point","coordinates":[146.8314,-33.3047]},"properties":{"d":"2026-09-15","t":"0313","frp":4.9,"b":329.6,"c":1,"s":"SNPP","n":0}},{"type":"Feature","geometry":{"type":"Point","coordinates":[151.8576,-32.489]},"properties":{"d":"2026-09-15","t":"0313","frp":4.8,"b":345.2,"c":1,"s":"SNPP","n":0}},{"type":"Feature","geometry":{"type":"Point","coordinates":[151.8576,-32.4883]},"properties":{"d":"2026-09-15","t":"0313","frp":5.1,"b":346.0,"c":1,"s":"SNPP","n":0}},{"type":"Feature","geometry":{"type":"Point","coordinates":[151.9017,-32.4644]},"properties":{"d":"2026-09-15","t":"0313","frp":2.6,"b":337.9,"c":1,"s":"SNPP","n":0}},{"type":"Feature","geometry":{"type":"Point","coordinates":[146.9995,-32.3285]},"properties":{"d":"2026-09-15","t":"0313","frp":8.3,"b":343.7,"c":1,"s":"SNPP","n":0}},{"type":"Feature","geometry":{"type":"Point","coordinates":[146.9995,-32.3282]},"properties":{"d":"2026-09-15","t":"0313","frp":7.8,"b":343.8,"c":1,"s":"SNPP","n":0}},{"type":"Feature","geometry":{"type":"Point","coordinates":[150.8422,-32.2522]},"properties":{"d":"2026-09-15","t":"0313","frp":0.8,"b":327.3,"c":0,"s":"SNPP","n":0}},{"type":"Feature","geometry":{"type":"Point","coordinates":[147.0517,-32.2439]},"properties":{"d":"2026-09-15","t":"0313","frp":3.4,"b":325.1,"c":1,"s":"SNPP","n":0}},{"type":"Feature","geometry":{"type":"Point","coordinates":[147.0528,-32.2437]},"properties":{"d":"2026-09-15","t":"0313","frp":3.5,"b":326.7,"c":1,"s":"SNPP","n":0}},{"type":"Feature","geometry":{"type":"Point","coordinates":[147.0514,-32.2371]},"properties":{"d":"2026-09-15","t":"0313","frp":3.5,"b":326.6,"c":1,"s":"SNPP","n":0}},{"type":"Feature","geometry":{"type":"Point","coordinates":[147.0524,-32.2369]},"properties":{"d":"2026-09-15","t":"0313","frp":3.5,"b":325.6,"c":1,"s":"SNPP","n":0}},{"type":"Feature","geometry":{"type":"Point","coordinates":[145.5321,-32.0621]},"properties":{"d":"2026-09-15","t":"0313","frp":7.5,"b":337.6,"c":1,"s":"SNPP","n":0}},{"type":"Feature","geometry":{"type":"Point","coordinates":[145.5316,-32.0607]},"properties":{"d":"2026-09-15","t":"0313","frp":14.3,"b":349.0,"c":1,"s":"SNPP","n":0}},{"type":"Feature","geometry":{"type":"Point","coordinates":[145.5317,-32.0547]},"properties":{"d":"2026-09-15","t":"0313","frp":8.3,"b":337.6,"c":1,"s":"SNPP","n":0}},{"type":"Feature","geometry":{"type":"Point","coordinates":[152.0756,-31.9415]},"properties":{"d":"2026-09-15","t":"0313","frp":2.4,"b":325.2,"c":0,"s":"SNPP","n":0}},{"type":"Feature","geometry":{"type":"Point","coordinates":[152.1574,-31.8927]},"properties":{"d":"2026-09-15","t":"0313","frp":2.8,"b":350.8,"c":1,"s":"SNPP","n":0}},{"type":"Feature","geometry":{"type":"Point","coordinates":[152.1559,-31.8877]},"properties":{"d":"2026-09-15","t":"0313","frp":7.9,"b":367.0,"c":2,"s":"SNPP","n":0}},{"type":"Feature","geometry":{"type":"Point","coordinates":[148.047,-31.8426]},"properties":{"d":"2026-09-15","t":"0313","frp":7.2,"b":330.0,"c":1,"s":"SNPP","n":0}},{"type":"Feature","geometry":{"type":"Point","coordinates":[145.587,-31.8258]},"properties":{"d":"2026-09-15","t":"0313","frp":6.4,"b":327.9,"c":1,"s":"SNPP","n":0}},{"type":"Feature","geometry":{"type":"Point","coordinates":[145.5778,-31.8187]},"properties":{"d":"2026-09-15","t":"0313","frp":3.6,"b":327.3,"c":0,"s":"SNPP","n":0}},{"type":"Feature","geometry":{"type":"Point","coordinates":[145.6036,-31.818]},"properties":{"d":"2026-09-15","t":"0313","frp":4.3,"b":327.8,"c":0,"s":"SNPP","n":0}},{"type":"Feature","geometry":{"type":"Point","coordinates":[149.8475,-31.8141]},"properties":{"d":"2026-09-15","t":"0313","frp":3.7,"b":328.3,"c":1,"s":"SNPP","n":0}},{"type":"Feature","geometry":{"type":"Point","coordinates":[150.8985,-31.6267]},"properties":{"d":"2026-09-15","t":"0313","frp":3.9,"b":329.5,"c":1,"s":"SNPP","n":0}},{"type":"Feature","geometry":{"type":"Point","coordinates":[150.8981,-31.6257]},"properties":{"d":"2026-09-15","t":"0313","frp":5.0,"b":350.4,"c":1,"s":"SNPP","n":0}},{"type":"Feature","geometry":{"type":"Point","coordinates":[150.8981,-31.6212]},"properties":{"d":"2026-09-15","t":"0313","frp":3.9,"b":345.0,"c":1,"s":"SNPP","n":0}},{"type":"Feature","geometry":{"type":"Point","coordinates":[150.8976,-31.6202]},"properties":{"d":"2026-09-15","t":"0313","frp":3.3,"b":335.0,"c":1,"s":"SNPP","n":0}},{"type":"Feature","geometry":{"type":"Point","coordinates":[149.4181,-31.6121]},"properties":{"d":"2026-09-15","t":"0313","frp":11.8,"b":350.4,"c":1,"s":"SNPP","n":0}},{"type":"Feature","geometry":{"type":"Point","coordinates":[149.4231,-31.6119]},"properties":{"d":"2026-09-15","t":"0313","frp":22.8,"b":367.0,"c":2,"s":"SNPP","n":0}},{"type":"Feature","geometry":{"type":"Point","coordinates":[149.4178,-31.6101]},"properties":{"d":"2026-09-15","t":"0313","frp":11.5,"b":351.3,"c":1,"s":"SNPP","n":0}},{"type":"Feature","geometry":{"type":"Point","coordinates":[149.4228,-31.6098]},"properties":{"d":"2026-09-15","t":"0313","frp":11.5,"b":367.0,"c":2,"s":"SNPP","n":0}},{"type":"Feature","geometry":{"type":"Point","coordinates":[147.0167,-31.6054]},"properties":{"d":"2026-09-15","t":"0313","frp":7.0,"b":348.7,"c":1,"s":"SNPP","n":0}},{"type":"Feature","geometry":{"type":"Point","coordinates":[147.0157,-31.6054]},"properties":{"d":"2026-09-15","t":"0313","frp":8.2,"b":347.2,"c":1,"s":"SNPP","n":0}},{"type":"Feature","geometry":{"type":"Point","coordinates":[147.0237,-31.6051]},"properties":{"d":"2026-09-15","t":"0313","frp":6.2,"b":327.2,"c":1,"s":"SNPP","n":0}},{"type":"Feature","geometry":{"type":"Point","coordinates":[147.0227,-31.6051]},"properties":{"d":"2026-09-15","t":"0313","frp":8.2,"b":334.7,"c":1,"s":"SNPP","n":0}},{"type":"Feature","geometry":{"type":"Point","coordinates":[147.0164,-31.5986]},"properties":{"d":"2026-09-15","t":"0313","frp":8.8,"b":354.4,"c":1,"s":"SNPP","n":0}},{"type":"Feature","geometry":{"type":"Point","coordinates":[147.0154,-31.5985]},"properties":{"d":"2026-09-15","t":"0313","frp":8.2,"b":353.8,"c":1,"s":"SNPP","n":0}},{"type":"Feature","geometry":{"type":"Point","coordinates":[147.0234,-31.5983]},"properties":{"d":"2026-09-15","t":"0313","frp":23.1,"b":367.0,"c":2,"s":"SNPP","n":0}},{"type":"Feature","geometry":{"type":"Point","coordinates":[147.0224,-31.5983]},"properties":{"d":"2026-09-15","t":"0313","frp":8.2,"b":367.0,"c":2,"s":"SNPP","n":0}},{"type":"Feature","geometry":{"type":"Point","coordinates":[147.0161,-31.5917]},"properties":{"d":"2026-09-15","t":"0313","frp":8.8,"b":339.4,"c":1,"s":"SNPP","n":0}},{"type":"Feature","geometry":{"type":"Point","coordinates":[147.0152,-31.5917]},"properties":{"d":"2026-09-15","t":"0313","frp":7.7,"b":337.6,"c":1,"s":"SNPP","n":0}},{"type":"Feature","geometry":{"type":"Point","coordinates":[151.453,-31.2674]},"properties":{"d":"2026-09-15","t":"0313","frp":2.0,"b":326.1,"c":1,"s":"SNPP","n":0}},{"type":"Feature","geometry":{"type":"Point","coordinates":[151.8283,-31.2555]},"properties":{"d":"2026-09-15","t":"0313","frp":5.2,"b":343.5,"c":1,"s":"SNPP","n":0}},{"type":"Feature","geometry":{"type":"Point","coordinates":[146.6547,-31.2283]},"properties":{"d":"2026-09-15","t":"0313","frp":12.1,"b":367.0,"c":2,"s":"SNPP","n":0}},{"type":"Feature","geometry":{"type":"Point","coordinates":[146.6549,-31.2265]},"properties":{"d":"2026-09-15","t":"0313","frp":19.4,"b":367.0,"c":2,"s":"SNPP","n":0}},{"type":"Feature","geometry":{"type":"Point","coordinates":[146.6543,-31.2214]},"properties":{"d":"2026-09-15","t":"0313","frp":36.9,"b":367.0,"c":2,"s":"SNPP","n":0}},{"type":"Feature","geometry":{"type":"Point","coordinates":[146.6545,-31.2196]},"properties":{"d":"2026-09-15","t":"0313","frp":19.4,"b":350.8,"c":1,"s":"SNPP","n":0}},{"type":"Feature","geometry":{"type":"Point","coordinates":[151.7847,-30.9794]},"properties":{"d":"2026-09-15","t":"0313","frp":18.5,"b":356.4,"c":1,"s":"SNPP","n":0}},{"type":"Feature","geometry":{"type":"Point","coordinates":[151.7884,-30.9792]},"properties":{"d":"2026-09-15","t":"0313","frp":21.4,"b":367.0,"c":2,"s":"SNPP","n":0}},{"type":"Feature","geometry":{"type":"Point","coordinates":[151.7841,-30.9743]},"properties":{"d":"2026-09-15","t":"0313","frp":18.5,"b":343.3,"c":1,"s":"SNPP","n":0}},{"type":"Feature","geometry":{"type":"Point","coordinates":[151.7878,-30.974]},"properties":{"d":"2026-09-15","t":"0313","frp":21.4,"b":367.0,"c":2,"s":"SNPP","n":0}},{"type":"Feature","geometry":{"type":"Point","coordinates":[151.1078,-30.6109]},"properties":{"d":"2026-09-15","t":"0313","frp":1.8,"b":329.3,"c":1,"s":"SNPP","n":0}},{"type":"Feature","geometry":{"type":"Point","coordinates":[151.4284,-30.5083]},"properties":{"d":"2026-09-15","t":"0313","frp":4.3,"b":344.1,"c":1,"s":"SNPP","n":0}},{"type":"Feature","geometry":{"type":"Point","coordinates":[151.2893,-30.4387]},"properties":{"d":"2026-09-15","t":"0313","frp":2.3,"b":329.2,"c":0,"s":"SNPP","n":0}},{"type":"Feature","geometry":{"type":"Point","coordinates":[151.3182,-30.4222]},"properties":{"d":"2026-09-15","t":"0313","frp":2.0,"b":329.0,"c":0,"s":"SNPP","n":0}},{"type":"Feature","geometry":{"type":"Point","coordinates":[151.2742,-30.4096]},"properties":{"d":"2026-09-15","t":"0313","frp":5.8,"b":349.7,"c":1,"s":"SNPP","n":0}},{"type":"Feature","geometry":{"type":"Point","coordinates":[149.9311,-30.2931]},"properties":{"d":"2026-09-15","t":"0313","frp":3.6,"b":330.1,"c":1,"s":"SNPP","n":0}},{"type":"Feature","geometry":{"type":"Point","coordinates":[152.0094,-30.283]},"properties":{"d":"2026-09-15","t":"0313","frp":17.5,"b":340.9,"c":1,"s":"SNPP","n":0}},{"type":"Feature","geometry":{"type":"Point","coordinates":[152.0079,-30.2808]},"properties":{"d":"2026-09-15","t":"0313","frp":10.1,"b":340.9,"c":1,"s":"SNPP","n":0}},{"type":"Feature","geometry":{"type":"Point","coordinates":[152.0148,-30.2802]},"properties":{"d":"2026-09-15","t":"0313","frp":10.7,"b":329.5,"c":1,"s":"SNPP","n":0}},{"type":"Feature","geometry":{"type":"Point","coordinates":[152.1416,-30.0665]},"properties":{"d":"2026-09-15","t":"0313","frp":5.4,"b":337.9,"c":1,"s":"SNPP","n":0}},{"type":"Feature","geometry":{"type":"Point","coordinates":[152.1413,-30.063]},"properties":{"d":"2026-09-15","t":"0313","frp":9.2,"b":329.9,"c":1,"s":"SNPP","n":0}},{"type":"Feature","geometry":{"type":"Point","coordinates":[152.1409,-30.0615]},"properties":{"d":"2026-09-15","t":"0313","frp":5.4,"b":329.9,"c":1,"s":"SNPP","n":0}},{"type":"Feature","geometry":{"type":"Point","coordinates":[152.1334,-30.0586]},"properties":{"d":"2026-09-15","t":"0313","frp":9.2,"b":349.4,"c":1,"s":"SNPP","n":0}},{"type":"Feature","geometry":{"type":"Point","coordinates":[152.1327,-30.0571]},"properties":{"d":"2026-09-15","t":"0313","frp":11.3,"b":355.0,"c":1,"s":"SNPP","n":0}},{"type":"Feature","geometry":{"type":"Point","coordinates":[152.1319,-30.0537]},"properties":{"d":"2026-09-15","t":"0313","frp":14.3,"b":344.8,"c":1,"s":"SNPP","n":0}},{"type":"Feature","geometry":{"type":"Point","coordinates":[152.1389,-30.0531]},"properties":{"d":"2026-09-15","t":"0313","frp":14.3,"b":334.7,"c":1,"s":"SNPP","n":0}},{"type":"Feature","geometry":{"type":"Point","coordinates":[152.1313,-30.0521]},"properties":{"d":"2026-09-15","t":"0313","frp":11.3,"b":337.8,"c":1,"s":"SNPP","n":0}},{"type":"Feature","geometry":{"type":"Point","coordinates":[152.1382,-30.0516]},"properties":{"d":"2026-09-15","t":"0313","frp":18.3,"b":342.0,"c":1,"s":"SNPP","n":0}},{"type":"Feature","geometry":{"type":"Point","coordinates":[149.007,-29.863]},"properties":{"d":"2026-09-15","t":"0313","frp":4.1,"b":335.6,"c":1,"s":"SNPP","n":0}},{"type":"Feature","geometry":{"type":"Point","coordinates":[149.004,-29.8627]},"properties":{"d":"2026-09-15","t":"0313","frp":2.7,"b":330.8,"c":0,"s":"SNPP","n":0}},{"type":"Feature","geometry":{"type":"Point","coordinates":[151.2399,-29.8171]},"properties":{"d":"2026-09-15","t":"0313","frp":2.9,"b":339.2,"c":1,"s":"SNPP","n":0}},{"type":"Feature","geometry":{"type":"Point","coordinates":[152.6221,-29.8148]},"properties":{"d":"2026-09-15","t":"0313","frp":4.3,"b":332.9,"c":1,"s":"SNPP","n":0}},{"type":"Feature","geometry":{"type":"Point","coordinates":[151.7181,-29.752]},"properties":{"d":"2026-09-15","t":"0313","frp":6.1,"b":353.6,"c":1,"s":"SNPP","n":0}},{"type":"Feature","geometry":{"type":"Point","coordinates":[152.7414,-29.7333]},"properties":{"d":"2026-09-15","t":"0313","frp":5.8,"b":340.2,"c":1,"s":"SNPP","n":0}},{"type":"Feature","geometry":{"type":"Point","coordinates":[148.5613,-29.3685]},"properties":{"d":"2026-09-15","t":"0313","frp":4.1,"b":343.5,"c":1,"s":"SNPP","n":0}},{"type":"Feature","geometry":{"type":"Point","coordinates":[148.5555,-29.3636]},"properties":{"d":"2026-09-15","t":"0313","frp":11.2,"b":336.1,"c":1,"s":"SNPP","n":0}},{"type":"Feature","geometry":{"type":"Point","coordinates":[148.5609,-29.3632]},"properties":{"d":"2026-09-15","t":"0313","frp":23.5,"b":367.0,"c":2,"s":"SNPP","n":0}},{"type":"Feature","geometry":{"type":"Point","coordinates":[148.5608,-29.3623]},"properties":{"d":"2026-09-15","t":"0313","frp":25.0,"b":367.0,"c":2,"s":"SNPP","n":0}},{"type":"Feature","geometry":{"type":"Point","coordinates":[148.5605,-29.3571]},"properties":{"d":"2026-09-15","t":"0313","frp":21.7,"b":367.0,"c":2,"s":"SNPP","n":0}},{"type":"Feature","geometry":{"type":"Point","coordinates":[148.5658,-29.3567]},"properties":{"d":"2026-09-15","t":"0313","frp":21.7,"b":335.2,"c":1,"s":"SNPP","n":0}},{"type":"Feature","geometry":{"type":"Point","coordinates":[148.5604,-29.3561]},"properties":{"d":"2026-09-15","t":"0313","frp":25.0,"b":354.4,"c":1,"s":"SNPP","n":0}},{"type":"Feature","geometry":{"type":"Point","coordinates":[148.5658,-29.3559]},"properties":{"d":"2026-09-15","t":"0313","frp":35.2,"b":349.7,"c":1,"s":"SNPP","n":0}},{"type":"Feature","geometry":{"type":"Point","coordinates":[150.7627,-29.1771]},"properties":{"d":"2026-09-15","t":"0313","frp":2.7,"b":335.1,"c":1,"s":"SNPP","n":0}},{"type":"Feature","geometry":{"type":"Point","coordinates":[147.9983,-29.1581]},"properties":{"d":"2026-09-15","t":"0313","frp":7.2,"b":347.6,"c":1,"s":"SNPP","n":0}},{"type":"Feature","geometry":{"type":"Point","coordinates":[152.806,-29.1361]},"properties":{"d":"2026-09-15","t":"0313","frp":9.3,"b":338.7,"c":1,"s":"SNPP","n":0}},{"type":"Feature","geometry":{"type":"Point","coordinates":[152.8023,-29.1354]},"properties":{"d":"2026-09-15","t":"0313","frp":3.5,"b":329.5,"c":1,"s":"SNPP","n":0}},{"type":"Feature","geometry":{"type":"Point","coordinates":[152.8079,-29.1349]},"properties":{"d":"2026-09-15","t":"0313","frp":3.5,"b":337.2,"c":1,"s":"SNPP","n":0}},{"type":"Feature","geometry":{"type":"Point","coordinates":[152.8018,-29.1306]},"properties":{"d":"2026-09-15","t":"0313","frp":3.5,"b":329.1,"c":1,"s":"SNPP","n":0}},{"type":"Feature","geometry":{"type":"Point","coordinates":[152.8078,-29.1301]},"properties":{"d":"2026-09-15","t":"0313","frp":3.5,"b":327.5,"c":1,"s":"SNPP","n":0}},{"type":"Feature","geometry":{"type":"Point","coordinates":[152.7989,-29.127]},"properties":{"d":"2026-09-15","t":"0313","frp":4.5,"b":332.4,"c":1,"s":"SNPP","n":0}},{"type":"Feature","geometry":{"type":"Point","coordinates":[152.8109,-29.1259]},"properties":{"d":"2026-09-15","t":"0313","frp":8.4,"b":328.0,"c":1,"s":"SNPP","n":0}},{"type":"Feature","geometry":{"type":"Point","coordinates":[150.3762,-29.1192]},"properties":{"d":"2026-09-15","t":"0313","frp":3.2,"b":338.8,"c":1,"s":"SNPP","n":0}},{"type":"Feature","geometry":{"type":"Point","coordinates":[151.8178,-28.9301]},"properties":{"d":"2026-09-15","t":"0313","frp":10.3,"b":330.8,"c":1,"s":"SNPP","n":0}},{"type":"Feature","geometry":{"type":"Point","coordinates":[151.8168,-28.925]},"properties":{"d":"2026-09-15","t":"0313","frp":10.3,"b":350.4,"c":1,"s":"SNPP","n":0}},{"type":"Feature","geometry":{"type":"Point","coordinates":[151.8177,-28.9234]},"properties":{"d":"2026-09-15","t":"0313","frp":24.3,"b":350.7,"c":1,"s":"SNPP","n":0}},{"type":"Feature","geometry":{"type":"Point","coordinates":[149.852,-28.8742]},"properties":{"d":"2026-09-15","t":"0313","frp":3.7,"b":333.8,"c":1,"s":"SNPP","n":0}},{"type":"Feature","geometry":{"type":"Point","coordinates":[148.9957,-28.6056]},"properties":{"d":"2026-09-15","t":"0313","frp":7.7,"b":336.8,"c":1,"s":"SNPP","n":0}},{"type":"Feature","geometry":{"type":"Point","coordinates":[149.0006,-28.6053]},"properties":{"d":"2026-09-15","t":"0313","frp":14.5,"b":367.0,"c":2,"s":"SNPP","n":0}},{"type":"Feature","geometry":{"type":"Point","coordinates":[148.9972,-28.6038]},"properties":{"d":"2026-09-15","t":"0313","frp":11.5,"b":367.0,"c":2,"s":"SNPP","n":0}},{"type":"Feature","geometry":{"type":"Point","coordinates":[149.0021,-28.6034]},"properties":{"d":"2026-09-15","t":"0313","frp":10.3,"b":337.1,"c":1,"s":"SNPP","n":0}},{"type":"Feature","geometry":{"type":"Point","coordinates":[152.4953,-28.5451]},"properties":{"d":"2026-09-15","t":"0313","frp":13.4,"b":347.9,"c":1,"s":"SNPP","n":0}},{"type":"Feature","geometry":{"type":"Point","coordinates":[152.497,-28.5426]},"properties":{"d":"2026-09-15","t":"0313","frp":16.9,"b":348.8,"c":1,"s":"SNPP","n":0}},{"type":"Feature","geometry":{"type":"Point","coordinates":[148.4568,-28.4381]},"properties":{"d":"2026-09-15","t":"0313","frp":4.5,"b":343.1,"c":1,"s":"SNPP","n":0}},{"type":"Feature","geometry":{"type":"Point","coordinates":[148.4621,-28.4378]},"properties":{"d":"2026-09-15","t":"0313","frp":4.5,"b":338.2,"c":1,"s":"SNPP","n":0}},{"type":"Feature","geometry":{"type":"Point","coordinates":[148.4574,-28.4367]},"properties":{"d":"2026-09-15","t":"0313","frp":4.8,"b":337.4,"c":1,"s":"SNPP","n":0}},{"type":"Feature","geometry":{"type":"Point","coordinates":[148.9897,-28.317]},"properties":{"d":"2026-09-15","t":"0313","frp":3.5,"b":341.3,"c":1,"s":"SNPP","n":0}},{"type":"Feature","geometry":{"type":"Point","coordinates":[149.187,-28.3157]},"properties":{"d":"2026-09-15","t":"0313","frp":10.4,"b":367.0,"c":2,"s":"SNPP","n":0}},{"type":"Feature","geometry":{"type":"Point","coordinates":[149.1918,-28.3153]},"properties":{"d":"2026-09-15","t":"0313","frp":10.4,"b":367.0,"c":2,"s":"SNPP","n":0}},{"type":"Feature","geometry":{"type":"Point","coordinates":[153.2262,-28.1355]},"properties":{"d":"2026-09-15","t":"0313","frp":10.8,"b":340.5,"c":1,"s":"SNPP","n":0}},{"type":"Feature","geometry":{"type":"Point","coordinates":[153.2317,-28.135]},"properties":{"d":"2026-09-15","t":"0313","frp":10.5,"b":333.1,"c":1,"s":"SNPP","n":0}},{"type":"Feature","geometry":{"type":"Point","coordinates":[153.0699,-27.8546]},"properties":{"d":"2026-09-15","t":"0313","frp":2.6,"b":339.2,"c":1,"s":"SNPP","n":0}},{"type":"Feature","geometry":{"type":"Point","coordinates":[153.0724,-27.8517]},"properties":{"d":"2026-09-15","t":"0313","frp":7.0,"b":342.6,"c":1,"s":"SNPP","n":0}},{"type":"Feature","geometry":{"type":"Point","coordinates":[148.7634,-27.7971]},"properties":{"d":"2026-09-15","t":"0313","frp":11.2,"b":367.0,"c":2,"s":"SNPP","n":0}},{"type":"Feature","geometry":{"type":"Point","coordinates":[148.7684,-27.7968]},"properties":{"d":"2026-09-15","t":"0313","frp":11.3,"b":344.2,"c":1,"s":"SNPP","n":0}},{"type":"Feature","geometry":{"type":"Point","coordinates":[148.7653,-27.7959]},"properties":{"d":"2026-09-15","t":"0313","frp":12.6,"b":367.0,"c":2,"s":"SNPP","n":0}},{"type":"Feature","geometry":{"type":"Point","coordinates":[152.8034,-27.6868]},"properties":{"d":"2026-09-15","t":"0313","frp":50.6,"b":350.5,"c":1,"s":"SNPP","n":0}},{"type":"Feature","geometry":{"type":"Point","coordinates":[152.8028,-27.6821]},"properties":{"d":"2026-09-15","t":"0313","frp":14.6,"b":348.3,"c":1,"s":"SNPP","n":0}},{"type":"Feature","geometry":{"type":"Point","coordinates":[152.4359,-27.3657]},"properties":{"d":"2026-09-15","t":"0315","frp":9.1,"b":342.2,"c":1,"s":"SNPP","n":0}},{"type":"Feature","geometry":{"type":"Point","coordinates":[152.4377,-27.3652]},"properties":{"d":"2026-09-15","t":"0315","frp":11.0,"b":349.9,"c":1,"s":"SNPP","n":0}},{"type":"Feature","geometry":{"type":"Point","coordinates":[152.4297,-27.3615]},"properties":{"d":"2026-09-15","t":"0315","frp":9.5,"b":342.3,"c":1,"s":"SNPP","n":0}},{"type":"Feature","geometry":{"type":"Point","coordinates":[152.4354,-27.3609]},"properties":{"d":"2026-09-15","t":"0315","frp":40.5,"b":348.6,"c":1,"s":"SNPP","n":0}},{"type":"Feature","geometry":{"type":"Point","coordinates":[152.4412,-27.3604]},"properties":{"d":"2026-09-15","t":"0315","frp":40.5,"b":336.4,"c":1,"s":"SNPP","n":0}},{"type":"Feature","geometry":{"type":"Point","coordinates":[149.0999,-27.3442]},"properties":{"d":"2026-09-15","t":"0315","frp":1.9,"b":330.9,"c":0,"s":"SNPP","n":0}},{"type":"Feature","geometry":{"type":"Point","coordinates":[152.8896,-27.2099]},"properties":{"d":"2026-09-15","t":"0315","frp":13.4,"b":348.6,"c":1,"s":"SNPP","n":0}},{"type":"Feature","geometry":{"type":"Point","coordinates":[149.1953,-27.0415]},"properties":{"d":"2026-09-15","t":"0315","frp":3.9,"b":342.6,"c":1,"s":"SNPP","n":0}},{"type":"Feature","geometry":{"type":"Point","coordinates":[149.1998,-27.0411]},"properties":{"d":"2026-09-15","t":"0315","frp":10.2,"b":355.2,"c":1,"s":"SNPP","n":0}},{"type":"Feature","geometry":{"type":"Point","coordinates":[149.1894,-27.0365]},"properties":{"d":"2026-09-15","t":"0315","frp":4.8,"b":347.8,"c":1,"s":"SNPP","n":0}},{"type":"Feature","geometry":{"type":"Point","coordinates":[149.1902,-27.036]},"properties":{"d":"2026-09-15","t":"0315","frp":6.0,"b":345.2,"c":1,"s":"SNPP","n":0}},{"type":"Feature","geometry":{"type":"Point","coordinates":[149.1985,-27.0358]},"properties":{"d":"2026-09-15","t":"0315","frp":5.5,"b":338.1,"c":1,"s":"SNPP","n":0}},{"type":"Feature","geometry":{"type":"Point","coordinates":[149.1993,-27.0353]},"properties":{"d":"2026-09-15","t":"0315","frp":2.8,"b":336.3,"c":1,"s":"SNPP","n":0}},{"type":"Feature","geometry":{"type":"Point","coordinates":[149.196,-27.0067]},"properties":{"d":"2026-09-15","t":"0315","frp":4.2,"b":341.5,"c":1,"s":"SNPP","n":0}},{"type":"Feature","geometry":{"type":"Point","coordinates":[149.1967,-27.0062]},"properties":{"d":"2026-09-15","t":"0315","frp":3.3,"b":349.0,"c":1,"s":"SNPP","n":0}},{"type":"Feature","geometry":{"type":"Point","coordinates":[149.2012,-27.0059]},"properties":{"d":"2026-09-15","t":"0315","frp":3.3,"b":332.7,"c":0,"s":"SNPP","n":0}},{"type":"Feature","geometry":{"type":"Point","coordinates":[149.1954,-27.0009]},"properties":{"d":"2026-09-15","t":"0315","frp":11.2,"b":367.0,"c":2,"s":"SNPP","n":0}},{"type":"Feature","geometry":{"type":"Point","coordinates":[149.2,-27.0005]},"properties":{"d":"2026-09-15","t":"0315","frp":9.5,"b":367.0,"c":2,"s":"SNPP","n":0}},{"type":"Feature","geometry":{"type":"Point","coordinates":[149.2044,-27.0002]},"properties":{"d":"2026-09-15","t":"0315","frp":9.5,"b":338.6,"c":1,"s":"SNPP","n":0}},{"type":"Feature","geometry":{"type":"Point","coordinates":[149.209,-26.9998]},"properties":{"d":"2026-09-15","t":"0315","frp":3.6,"b":331.0,"c":1,"s":"SNPP","n":0}},{"type":"Feature","geometry":{"type":"Point","coordinates":[149.195,-26.995]},"properties":{"d":"2026-09-15","t":"0315","frp":11.2,"b":367.0,"c":2,"s":"SNPP","n":0}},{"type":"Feature","geometry":{"type":"Point","coordinates":[149.1995,-26.9947]},"properties":{"d":"2026-09-15","t":"0315","frp":9.5,"b":344.5,"c":1,"s":"SNPP","n":0}},{"type":"Feature","geometry":{"type":"Point","coordinates":[152.5471,-26.6325]},"properties":{"d":"2026-09-15","t":"0315","frp":10.3,"b":342.0,"c":1,"s":"SNPP","n":0}},{"type":"Feature","geometry":{"type":"Point","coordinates":[152.5446,-26.632]},"properties":{"d":"2026-09-15","t":"0315","frp":5.7,"b":338.1,"c":1,"s":"SNPP","n":0}},{"type":"Feature","geometry":{"type":"Point","coordinates":[152.5513,-26.6226]},"properties":{"d":"2026-09-15","t":"0315","frp":11.6,"b":347.8,"c":1,"s":"SNPP","n":0}},{"type":"Feature","geometry":{"type":"Point","coordinates":[152.5567,-26.6221]},"properties":{"d":"2026-09-15","t":"0315","frp":8.6,"b":339.1,"c":1,"s":"SNPP","n":0}},{"type":"Feature","geometry":{"type":"Point","coordinates":[152.5488,-26.622]},"properties":{"d":"2026-09-15","t":"0315","frp":7.8,"b":334.6,"c":1,"s":"SNPP","n":0}},{"type":"Feature","geometry":{"type":"Point","coordinates":[152.5543,-26.6215]},"properties":{"d":"2026-09-15","t":"0315","frp":7.8,"b":348.8,"c":1,"s":"SNPP","n":0}},{"type":"Feature","geometry":{"type":"Point","coordinates":[150.6432,-26.4072]},"properties":{"d":"2026-09-15","t":"0315","frp":2.2,"b":334.0,"c":1,"s":"SNPP","n":0}},{"type":"Feature","geometry":{"type":"Point","coordinates":[150.6528,-26.3957]},"properties":{"d":"2026-09-15","t":"0315","frp":2.5,"b":334.4,"c":1,"s":"SNPP","n":0}},{"type":"Feature","geometry":{"type":"Point","coordinates":[150.614,-26.3722]},"properties":{"d":"2026-09-15","t":"0315","frp":1.9,"b":332.8,"c":1,"s":"SNPP","n":0}},{"type":"Feature","geometry":{"type":"Point","coordinates":[150.611,-26.3693]},"properties":{"d":"2026-09-15","t":"0315","frp":18.2,"b":367.0,"c":2,"s":"SNPP","n":0}},{"type":"Feature","geometry":{"type":"Point","coordinates":[150.6418,-26.3505]},"properties":{"d":"2026-09-15","t":"0315","frp":3.4,"b":347.9,"c":1,"s":"SNPP","n":0}},{"type":"Feature","geometry":{"type":"Point","coordinates":[150.6453,-26.3502]},"properties":{"d":"2026-09-15","t":"0315","frp":3.4,"b":330.8,"c":1,"s":"SNPP","n":0}},{"type":"Feature","geometry":{"type":"Point","coordinates":[150.6489,-26.3498]},"properties":{"d":"2026-09-15","t":"0315","frp":6.4,"b":347.2,"c":1,"s":"SNPP","n":0}},{"type":"Feature","geometry":{"type":"Point","coordinates":[150.6524,-26.3495]},"properties":{"d":"2026-09-15","t":"0315","frp":6.4,"b":367.0,"c":2,"s":"SNPP","n":0}},{"type":"Feature","geometry":{"type":"Point","coordinates":[150.6482,-26.3446]},"properties":{"d":"2026-09-15","t":"0315","frp":7.2,"b":336.9,"c":1,"s":"SNPP","n":0}},{"type":"Feature","geometry":{"type":"Point","coordinates":[150.6518,-26.3442]},"properties":{"d":"2026-09-15","t":"0315","frp":7.2,"b":367.0,"c":2,"s":"SNPP","n":0}},{"type":"Feature","geometry":{"type":"Point","coordinates":[152.813,-25.5182]},"properties":{"d":"2026-09-15","t":"0315","frp":13.3,"b":346.0,"c":1,"s":"SNPP","n":0}},{"type":"Feature","geometry":{"type":"Point","coordinates":[149.1521,-25.4836]},"properties":{"d":"2026-09-15","t":"0315","frp":7.8,"b":343.0,"c":1,"s":"SNPP","n":0}},{"type":"Feature","geometry":{"type":"Point","coordinates":[149.0922,-25.4304]},"properties":{"d":"2026-09-15","t":"0315","frp":3.9,"b":333.1,"c":1,"s":"SNPP","n":0}},{"type":"Feature","geometry":{"type":"Point","coordinates":[151.2087,-23.7749]},"properties":{"d":"2026-09-15","t":"0315","frp":8.8,"b":337.0,"c":1,"s":"SNPP","n":0}},{"type":"Feature","geometry":{"type":"Point","coordinates":[151.207,-23.7748]},"properties":{"d":"2026-09-15","t":"0315","frp":7.8,"b":343.2,"c":1,"s":"SNPP","n":0}},{"type":"Feature","geometry":{"type":"Point","coordinates":[151.2065,-23.7698]},"properties":{"d":"2026-09-15","t":"0315","frp":7.8,"b":335.1,"c":1,"s":"SNPP","n":0}},{"type":"Feature","geometry":{"type":"Point","coordinates":[148.7757,-23.2161]},"properties":{"d":"2026-09-15","t":"0315","frp":2.2,"b":337.4,"c":1,"s":"SNPP","n":0}},{"type":"Feature","geometry":{"type":"Point","coordinates":[150.2512,-22.7066]},"properties":{"d":"2026-09-15","t":"0315","frp":2.3,"b":332.2,"c":0,"s":"SNPP","n":0}},{"type":"Feature","geometry":{"type":"Point","coordinates":[148.529,-22.5084]},"properties":{"d":"2026-09-15","t":"0315","frp":3.7,"b":339.2,"c":1,"s":"SNPP","n":0}},{"type":"Feature","geometry":{"type":"Point","coordinates":[148.5333,-22.508]},"properties":{"d":"2026-09-15","t":"0315","frp":3.7,"b":339.4,"c":1,"s":"SNPP","n":0}},{"type":"Feature","geometry":{"type":"Point","coordinates":[148.9093,-21.7651]},"properties":{"d":"2026-09-15","t":"0315","frp":6.1,"b":346.1,"c":1,"s":"SNPP","n":0}},{"type":"Feature","geometry":{"type":"Point","coordinates":[146.8171,-19.6729]},"properties":{"d":"2026-09-15","t":"0317","frp":8.9,"b":331.4,"c":1,"s":"SNPP","n":0}},{"type":"Feature","geometry":{"type":"Point","coordinates":[146.822,-19.6725]},"properties":{"d":"2026-09-15","t":"0317","frp":23.3,"b":367.0,"c":2,"s":"SNPP","n":0}},{"type":"Feature","geometry":{"type":"Point","coordinates":[146.8197,-19.6712]},"properties":{"d":"2026-09-15","t":"0317","frp":12.2,"b":367.0,"c":2,"s":"SNPP","n":0}},{"type":"Feature","geometry":{"type":"Point","coordinates":[146.8247,-19.6707]},"properties":{"d":"2026-09-15","t":"0317","frp":12.2,"b":340.3,"c":1,"s":"SNPP","n":0}},{"type":"Feature","geometry":{"type":"Point","coordinates":[146.4359,-19.4475]},"properties":{"d":"2026-09-15","t":"0317","frp":5.0,"b":346.8,"c":1,"s":"SNPP","n":0}},{"type":"Feature","geometry":{"type":"Point","coordinates":[146.2969,-18.4414]},"properties":{"d":"2026-09-15","t":"0317","frp":7.1,"b":343.9,"c":1,"s":"SNPP","n":0}},{"type":"Feature","geometry":{"type":"Point","coordinates":[146.3012,-18.4411]},"properties":{"d":"2026-09-15","t":"0317","frp":7.1,"b":348.1,"c":1,"s":"SNPP","n":0}},{"type":"Feature","geometry":{"type":"Point","coordinates":[146.2976,-18.4385]},"properties":{"d":"2026-09-15","t":"0317","frp":10.3,"b":348.7,"c":1,"s":"SNPP","n":0}},{"type":"Feature","geometry":{"type":"Point","coordinates":[146.3023,-18.4381]},"properties":{"d":"2026-09-15","t":"0317","frp":12.2,"b":347.0,"c":1,"s":"SNPP","n":0}},{"type":"Feature","geometry":{"type":"Point","coordinates":[146.2902,-18.42]},"properties":{"d":"2026-09-15","t":"0317","frp":4.5,"b":328.1,"c":1,"s":"SNPP","n":0}},{"type":"Feature","geometry":{"type":"Point","coordinates":[146.2963,-18.4195]},"properties":{"d":"2026-09-15","t":"0317","frp":4.5,"b":331.6,"c":1,"s":"SNPP","n":0}},{"type":"Feature","geometry":{"type":"Point","coordinates":[146.301,-18.419]},"properties":{"d":"2026-09-15","t":"0317","frp":5.3,"b":337.2,"c":1,"s":"SNPP","n":0}},{"type":"Feature","geometry":{"type":"Point","coordinates":[146.3051,-18.4186]},"properties":{"d":"2026-09-15","t":"0317","frp":5.3,"b":336.3,"c":1,"s":"SNPP","n":0}},{"type":"Feature","geometry":{"type":"Point","coordinates":[146.29,-18.4136]},"properties":{"d":"2026-09-15","t":"0317","frp":4.5,"b":341.5,"c":1,"s":"SNPP","n":0}},{"type":"Feature","geometry":{"type":"Point","coordinates":[146.3024,-18.4125]},"properties":{"d":"2026-09-15","t":"0317","frp":5.3,"b":333.2,"c":1,"s":"SNPP","n":0}},{"type":"Feature","geometry":{"type":"Point","coordinates":[146.2641,-18.3968]},"properties":{"d":"2026-09-15","t":"0317","frp":21.1,"b":330.1,"c":1,"s":"SNPP","n":0}},{"type":"Feature","geometry":{"type":"Point","coordinates":[146.2792,-18.3955]},"properties":{"d":"2026-09-15","t":"0317","frp":22.1,"b":342.3,"c":1,"s":"SNPP","n":0}},{"type":"Feature","geometry":{"type":"Point","coordinates":[146.2657,-18.3903]},"properties":{"d":"2026-09-15","t":"0317","frp":21.1,"b":367.0,"c":2,"s":"SNPP","n":0}},{"type":"Feature","geometry":{"type":"Point","coordinates":[146.2715,-18.3897]},"properties":{"d":"2026-09-15","t":"0317","frp":21.1,"b":367.0,"c":2,"s":"SNPP","n":0}},{"type":"Feature","geometry":{"type":"Point","coordinates":[146.2758,-18.3894]},"properties":{"d":"2026-09-15","t":"0317","frp":22.1,"b":367.0,"c":2,"s":"SNPP","n":0}},{"type":"Feature","geometry":{"type":"Point","coordinates":[146.2797,-18.389]},"properties":{"d":"2026-09-15","t":"0317","frp":22.1,"b":339.3,"c":1,"s":"SNPP","n":0}},{"type":"Feature","geometry":{"type":"Point","coordinates":[146.1497,-18.2683]},"properties":{"d":"2026-09-15","t":"0317","frp":6.7,"b":339.3,"c":1,"s":"SNPP","n":0}},{"type":"Feature","geometry":{"type":"Point","coordinates":[146.2869,-18.2456]},"properties":{"d":"2026-09-15","t":"0317","frp":3.8,"b":327.3,"c":1,"s":"SNPP","n":0}},{"type":"Feature","geometry":{"type":"Point","coordinates":[146.2692,-18.244]},"properties":{"d":"2026-09-15","t":"0317","frp":8.2,"b":338.1,"c":1,"s":"SNPP","n":0}},{"type":"Feature","geometry":{"type":"Point","coordinates":[146.2782,-18.2431]},"properties":{"d":"2026-09-15","t":"0317","frp":5.4,"b":335.3,"c":1,"s":"SNPP","n":0}},{"type":"Feature","geometry":{"type":"Point","coordinates":[146.2833,-18.2426]},"properties":{"d":"2026-09-15","t":"0317","frp":5.4,"b":336.8,"c":1,"s":"SNPP","n":0}},{"type":"Feature","geometry":{"type":"Point","coordinates":[147.6807,-9.87]},"properties":{"d":"2026-09-15","t":"0317","frp":1.6,"b":329.6,"c":1,"s":"SNPP","n":0}},{"type":"Feature","geometry":{"type":"Point","coordinates":[147.7444,-9.8025]},"properties":{"d":"2026-09-15","t":"0317","frp":3.9,"b":340.7,"c":1,"s":"SNPP","n":0}},{"type":"Feature","geometry":{"type":"Point","coordinates":[147.8104,-9.6721]},"properties":{"d":"2026-09-15","t":"0317","frp":3.4,"b":342.9,"c":1,"s":"SNPP","n":0}},{"type":"Feature","geometry":{"type":"Point","coordinates":[148.3828,-9.6631]},"properties":{"d":"2026-09-15","t":"0317","frp":5.4,"b":331.2,"c":1,"s":"SNPP","n":0}},{"type":"Feature","geometry":{"type":"Point","coordinates":[149.7642,-9.6402]},"properties":{"d":"2026-09-15","t":"0317","frp":3.5,"b":329.4,"c":1,"s":"SNPP","n":0}},{"type":"Feature","geometry":{"type":"Point","coordinates":[148.6207,-9.6324]},"properties":{"d":"2026-09-15","t":"0317","frp":3.1,"b":329.0,"c":1,"s":"SNPP","n":0}},{"type":"Feature","geometry":{"type":"Point","coordinates":[149.61,-9.6288]},"properties":{"d":"2026-09-15","t":"0317","frp":5.0,"b":330.8,"c":1,"s":"SNPP","n":0}},{"type":"Feature","geometry":{"type":"Point","coordinates":[147.4122,-9.6275]},"properties":{"d":"2026-09-15","t":"0317","frp":1.8,"b":328.9,"c":1,"s":"SNPP","n":0}},{"type":"Feature","geometry":{"type":"Point","coordinates":[148.6252,-9.6269]},"properties":{"d":"2026-09-15","t":"0317","frp":6.1,"b":328.0,"c":1,"s":"SNPP","n":0}},{"type":"Feature","geometry":{"type":"Point","coordinates":[148.6276,-9.6241]},"properties":{"d":"2026-09-15","t":"0317","frp":9.8,"b":333.4,"c":1,"s":"SNPP","n":0}},{"type":"Feature","geometry":{"type":"Point","coordinates":[148.6297,-9.6214]},"properties":{"d":"2026-09-15","t":"0317","frp":4.5,"b":327.4,"c":1,"s":"SNPP","n":0}},{"type":"Feature","geometry":{"type":"Point","coordinates":[148.7667,-9.6148]},"properties":{"d":"2026-09-15","t":"0317","frp":2.3,"b":330.6,"c":1,"s":"SNPP","n":0}},{"type":"Feature","geometry":{"type":"Point","coordinates":[148.7638,-9.6139]},"properties":{"d":"2026-09-15","t":"0317","frp":2.9,"b":337.1,"c":1,"s":"SNPP","n":0}},{"type":"Feature","geometry":{"type":"Point","coordinates":[148.5726,-9.5423]},"properties":{"d":"2026-09-15","t":"0317","frp":3.5,"b":336.0,"c":1,"s":"SNPP","n":0}},{"type":"Feature","geometry":{"type":"Point","coordinates":[150.7149,-9.4795]},"properties":{"d":"2026-09-15","t":"0317","frp":3.7,"b":339.6,"c":1,"s":"SNPP","n":0}},{"type":"Feature","geometry":{"type":"Point","coordinates":[147.3173,-9.4594]},"properties":{"d":"2026-09-15","t":"0317","frp":4.0,"b":340.6,"c":1,"s":"SNPP","n":0}},{"type":"Feature","geometry":{"type":"Point","coordinates":[148.5031,-9.4293]},"properties":{"d":"2026-09-15","t":"0317","frp":6.2,"b":331.7,"c":1,"s":"SNPP","n":0}},{"type":"Feature","geometry":{"type":"Point","coordinates":[149.1467,-9.4025]},"properties":{"d":"2026-09-15","t":"0317","frp":5.4,"b":335.5,"c":1,"s":"SNPP","n":0}},{"type":"Feature","geometry":{"type":"Point","coordinates":[147.2688,-9.4009]},"properties":{"d":"2026-09-15","t":"0317","frp":2.6,"b":331.2,"c":1,"s":"SNPP","n":0}},{"type":"Feature","geometry":{"type":"Point","coordinates":[148.7349,-9.3465]},"properties":{"d":"2026-09-15","t":"0317","frp":5.8,"b":340.2,"c":1,"s":"SNPP","n":0}},{"type":"Feature","geometry":{"type":"Point","coordinates":[147.3185,-9.337]},"properties":{"d":"2026-09-15","t":"0317","frp":3.2,"b":330.1,"c":1,"s":"SNPP","n":0}},{"type":"Feature","geometry":{"type":"Point","coordinates":[147.3177,-9.3317]},"properties":{"d":"2026-09-15","t":"0317","frp":3.2,"b":339.9,"c":1,"s":"SNPP","n":0}},{"type":"Feature","geometry":{"type":"Point","coordinates":[147.0499,-9.323]},"properties":{"d":"2026-09-15","t":"0317","frp":1.5,"b":334.0,"c":1,"s":"SNPP","n":0}},{"type":"Feature","geometry":{"type":"Point","coordinates":[147.0693,-9.2877]},"properties":{"d":"2026-09-15","t":"0317","frp":3.2,"b":331.1,"c":1,"s":"SNPP","n":0}},{"type":"Feature","geometry":{"type":"Point","coordinates":[147.0764,-9.2729]},"properties":{"d":"2026-09-15","t":"0317","frp":3.2,"b":342.2,"c":1,"s":"SNPP","n":0}},{"type":"Feature","geometry":{"type":"Point","coordinates":[148.5087,-9.2548]},"properties":{"d":"2026-09-15","t":"0317","frp":5.6,"b":333.8,"c":1,"s":"SNPP","n":0}},{"type":"Feature","geometry":{"type":"Point","coordinates":[148.6171,-9.2355]},"properties":{"d":"2026-09-15","t":"0317","frp":4.8,"b":334.4,"c":1,"s":"SNPP","n":0}},{"type":"Feature","geometry":{"type":"Point","coordinates":[150.2282,-9.2239]},"properties":{"d":"2026-09-15","t":"0317","frp":3.0,"b":332.9,"c":1,"s":"SNPP","n":0}},{"type":"Feature","geometry":{"type":"Point","coordinates":[148.6403,-9.2078]},"properties":{"d":"2026-09-15","t":"0317","frp":5.8,"b":334.5,"c":1,"s":"SNPP","n":0}},{"type":"Feature","geometry":{"type":"Point","coordinates":[148.6375,-9.2049]},"properties":{"d":"2026-09-15","t":"0317","frp":10.4,"b":344.4,"c":1,"s":"SNPP","n":0}},{"type":"Feature","geometry":{"type":"Point","coordinates":[148.6397,-9.203]},"properties":{"d":"2026-09-15","t":"0317","frp":5.8,"b":340.7,"c":1,"s":"SNPP","n":0}},{"type":"Feature","geometry":{"type":"Point","coordinates":[147.0272,-9.1863]},"properties":{"d":"2026-09-15","t":"0317","frp":3.4,"b":338.9,"c":1,"s":"SNPP","n":0}},{"type":"Feature","geometry":{"type":"Point","coordinates":[147.0306,-9.1859]},"properties":{"d":"2026-09-15","t":"0317","frp":3.4,"b":332.2,"c":1,"s":"SNPP","n":0}},{"type":"Feature","geometry":{"type":"Point","coordinates":[147.0291,-9.1841]},"properties":{"d":"2026-09-15","t":"0317","frp":6.3,"b":353.6,"c":1,"s":"SNPP","n":0}},{"type":"Feature","geometry":{"type":"Point","coordinates":[147.0284,-9.1788]},"properties":{"d":"2026-09-15","t":"0317","frp":6.3,"b":336.0,"c":1,"s":"SNPP","n":0}},{"type":"Feature","geometry":{"type":"Point","coordinates":[147.0222,-9.1577]},"properties":{"d":"2026-09-15","t":"0317","frp":9.2,"b":367.0,"c":2,"s":"SNPP","n":0}},{"type":"Feature","geometry":{"type":"Point","coordinates":[142.0822,-9.1318]},"properties":{"d":"2026-09-15","t":"0317","frp":5.3,"b":327.6,"c":1,"s":"SNPP","n":0}},{"type":"Feature","geometry":{"type":"Point","coordinates":[142.3138,-9.0821]},"properties":{"d":"2026-09-15","t":"0317","frp":12.3,"b":329.7,"c":1,"s":"SNPP","n":0}},{"type":"Feature","geometry":{"type":"Point","coordinates":[142.9938,-12.8354]},"properties":{"d":"2026-09-15","t":"0319","frp":16.3,"b":333.5,"c":1,"s":"SNPP","n":0}},{"type":"Feature","geometry":{"type":"Point","coordinates":[142.9927,-12.8343]},"properties":{"d":"2026-09-15","t":"0319","frp":16.4,"b":337.0,"c":1,"s":"SNPP","n":0}},{"type":"Feature","geometry":{"type":"Point","coordinates":[142.9791,-12.8296]},"properties":{"d":"2026-09-15","t":"0319","frp":16.1,"b":333.4,"c":1,"s":"SNPP","n":0}},{"type":"Feature","geometry":{"type":"Point","coordinates":[142.9862,-12.8289]},"properties":{"d":"2026-09-15","t":"0319","frp":16.1,"b":367.0,"c":2,"s":"SNPP","n":0}},{"type":"Feature","geometry":{"type":"Point","coordinates":[142.978,-12.8286]},"properties":{"d":"2026-09-15","t":"0319","frp":9.8,"b":326.6,"c":1,"s":"SNPP","n":0}},{"type":"Feature","geometry":{"type":"Point","coordinates":[142.9933,-12.8282]},"properties":{"d":"2026-09-15","t":"0319","frp":16.3,"b":350.1,"c":1,"s":"SNPP","n":0}},{"type":"Feature","geometry":{"type":"Point","coordinates":[142.9851,-12.8278]},"properties":{"d":"2026-09-15","t":"0319","frp":16.4,"b":367.0,"c":2,"s":"SNPP","n":0}},{"type":"Feature","geometry":{"type":"Point","coordinates":[142.9923,-12.827]},"properties":{"d":"2026-09-15","t":"0319","frp":16.4,"b":351.5,"c":1,"s":"SNPP","n":0}},{"type":"Feature","geometry":{"type":"Point","coordinates":[150.4807,-10.2266]},"properties":{"d":"2026-09-15","t":"0319","frp":6.8,"b":337.3,"c":1,"s":"SNPP","n":0}},{"type":"Feature","geometry":{"type":"Point","coordinates":[150.481,-10.2252]},"properties":{"d":"2026-09-15","t":"0319","frp":5.7,"b":341.6,"c":1,"s":"SNPP","n":0}},{"type":"Feature","geometry":{"type":"Point","coordinates":[150.275,-10.1781]},"properties":{"d":"2026-09-15","t":"0319","frp":3.3,"b":326.8,"c":1,"s":"SNPP","n":0}},{"type":"Feature","geometry":{"type":"Point","coordinates":[151.0855,-10.037]},"properties":{"d":"2026-09-15","t":"0319","frp":1.8,"b":331.2,"c":1,"s":"SNPP","n":0}},{"type":"Feature","geometry":{"type":"Point","coordinates":[150.8855,-9.9538]},"properties":{"d":"2026-09-15","t":"0319","frp":2.9,"b":331.1,"c":1,"s":"SNPP","n":0}},{"type":"Feature","geometry":{"type":"Point","coordinates":[146.6193,-41.515]},"properties":{"d":"2026-09-15","t":"0449","frp":3.4,"b":336.7,"c":1,"s":"SNPP","n":0}},{"type":"Feature","geometry":{"type":"Point","coordinates":[146.936,-41.3166]},"properties":{"d":"2026-09-15","t":"0449","frp":48.8,"b":342.0,"c":1,"s":"SNPP","n":0}},{"type":"Feature","geometry":{"type":"Point","coordinates":[147.6196,-40.9665]},"properties":{"d":"2026-09-15","t":"0449","frp":4.5,"b":337.2,"c":1,"s":"SNPP","n":0}},{"type":"Feature","geometry":{"type":"Point","coordinates":[140.695,-36.7615]},"properties":{"d":"2026-09-15","t":"0451","frp":2.7,"b":328.1,"c":1,"s":"SNPP","n":0}},{"type":"Feature","geometry":{"type":"Point","coordinates":[146.6186,-36.5006]},"properties":{"d":"2026-09-15","t":"0451","frp":4.9,"b":338.3,"c":1,"s":"SNPP","n":0}},{"type":"Feature","geometry":{"type":"Point","coordinates":[146.6444,-34.3157]},"properties":{"d":"2026-09-15","t":"0451","frp":4.2,"b":325.4,"c":1,"s":"SNPP","n":0}},{"type":"Feature","geometry":{"type":"Point","coordinates":[146.0753,-33.3774]},"properties":{"d":"2026-09-15","t":"0451","frp":3.2,"b":328.1,"c":1,"s":"SNPP","n":0}},{"type":"Feature","geometry":{"type":"Point","coordinates":[149.3309,-33.2575]},"properties":{"d":"2026-09-15","t":"0451","frp":3.4,"b":339.2,"c":1,"s":"SNPP","n":0}},{"type":"Feature","geometry":{"type":"Point","coordinates":[149.3305,-33.257]},"properties":{"d":"2026-09-15","t":"0451","frp":3.5,"b":341.8,"c":1,"s":"SNPP","n":0}},{"type":"Feature","geometry":{"type":"Point","coordinates":[149.3272,-33.2463]},"properties":{"d":"2026-09-15","t":"0451","frp":7.3,"b":350.5,"c":1,"s":"SNPP","n":0}},{"type":"Feature","geometry":{"type":"Point","coordinates":[149.3269,-33.2457]},"properties":{"d":"2026-09-15","t":"0451","frp":9.8,"b":367.0,"c":2,"s":"SNPP","n":0}},{"type":"Feature","geometry":{"type":"Point","coordinates":[141.9147,-32.8955]},"properties":{"d":"2026-09-15","t":"0451","frp":4.3,"b":335.8,"c":1,"s":"SNPP","n":0}},{"type":"Feature","geometry":{"type":"Point","coordinates":[146.4356,-32.8118]},"properties":{"d":"2026-09-15","t":"0451","frp":14.0,"b":347.0,"c":1,"s":"SNPP","n":0}},{"type":"Feature","geometry":{"type":"Point","coordinates":[146.4277,-32.8085]},"properties":{"d":"2026-09-15","t":"0451","frp":8.2,"b":341.1,"c":1,"s":"SNPP","n":0}},{"type":"Feature","geometry":{"type":"Point","coordinates":[146.434,-32.807]},"properties":{"d":"2026-09-15","t":"0451","frp":14.0,"b":357.3,"c":0,"s":"SNPP","n":0}},{"type":"Feature","geometry":{"type":"Point","coordinates":[146.9647,-32.5742]},"properties":{"d":"2026-09-15","t":"0451","frp":7.5,"b":367.0,"c":2,"s":"SNPP","n":0}},{"type":"Feature","geometry":{"type":"Point","coordinates":[148.3521,-32.455]},"properties":{"d":"2026-09-15","t":"0451","frp":1.7,"b":325.3,"c":1,"s":"SNPP","n":0}},{"type":"Feature","geometry":{"type":"Point","coordinates":[147.0004,-32.3287]},"properties":{"d":"2026-09-15","t":"0451","frp":6.8,"b":367.0,"c":2,"s":"SNPP","n":0}},{"type":"Feature","geometry":{"type":"Point","coordinates":[146.7339,-32.2566]},"properties":{"d":"2026-09-15","t":"0451","frp":2.0,"b":334.1,"c":1,"s":"SNPP","n":0}},{"type":"Feature","geometry":{"type":"Point","coordinates":[147.5931,-32.2275]},"properties":{"d":"2026-09-15","t":"0451","frp":1.2,"b":329.4,"c":1,"s":"SNPP","n":0}},{"type":"Feature","geometry":{"type":"Point","coordinates":[145.5294,-32.0586]},"properties":{"d":"2026-09-15","t":"0451","frp":6.5,"b":338.5,"c":1,"s":"SNPP","n":0}},{"type":"Feature","geometry":{"type":"Point","coordinates":[145.5353,-32.0572]},"properties":{"d":"2026-09-15","t":"0451","frp":24.5,"b":367.0,"c":2,"s":"SNPP","n":0}},{"type":"Feature","geometry":{"type":"Point","coordinates":[148.0465,-31.8473]},"properties":{"d":"2026-09-15","t":"0451","frp":1.5,"b":326.7,"c":1,"s":"SNPP","n":0}},{"type":"Feature","geometry":{"type":"Point","coordinates":[148.0447,-31.8419]},"properties":{"d":"2026-09-15","t":"0451","frp":4.0,"b":337.0,"c":1,"s":"SNPP","n":0}},{"type":"Feature","geometry":{"type":"Point","coordinates":[148.0427,-31.838]},"properties":{"d":"2026-09-15","t":"0451","frp":2.7,"b":338.0,"c":1,"s":"SNPP","n":0}},{"type":"Feature","geometry":{"type":"Point","coordinates":[148.0468,-31.837]},"properties":{"d":"2026-09-15","t":"0451","frp":6.9,"b":339.2,"c":1,"s":"SNPP","n":0}},{"type":"Feature","geometry":{"type":"Point","coordinates":[148.0429,-31.8365]},"properties":{"d":"2026-09-15","t":"0451","frp":4.0,"b":339.8,"c":1,"s":"SNPP","n":0}},{"type":"Feature","geometry":{"type":"Point","coordinates":[148.047,-31.8354]},"properties":{"d":"2026-09-15","t":"0451","frp":6.8,"b":332.6,"c":1,"s":"SNPP","n":0}},{"type":"Feature","geometry":{"type":"Point","coordinates":[148.0409,-31.8326]},"properties":{"d":"2026-09-15","t":"0451","frp":2.7,"b":326.0,"c":1,"s":"SNPP","n":0}},{"type":"Feature","geometry":{"type":"Point","coordinates":[148.5017,-31.7967]},"properties":{"d":"2026-09-15","t":"0451","frp":3.9,"b":338.1,"c":1,"s":"SNPP","n":0}},{"type":"Feature","geometry":{"type":"Point","coordinates":[149.4217,-31.6116]},"properties":{"d":"2026-09-15","t":"0451","frp":14.2,"b":367.0,"c":2,"s":"SNPP","n":0}},{"type":"Feature","geometry":{"type":"Point","coordinates":[147.0263,-31.6071]},"properties":{"d":"2026-09-15","t":"0451","frp":2.7,"b":347.3,"c":1,"s":"SNPP","n":0}},{"type":"Feature","geometry":{"type":"Point","coordinates":[147.0173,-31.6037]},"properties":{"d":"2026-09-15","t":"0451","frp":6.9,"b":367.0,"c":2,"s":"SNPP","n":0}},{"type":"Feature","geometry":{"type":"Point","coordinates":[147.021,-31.6028]},"properties":{"d":"2026-09-15","t":"0451","frp":10.0,"b":349.5,"c":1,"s":"SNPP","n":0}},{"type":"Feature","geometry":{"type":"Point","coordinates":[147.0246,-31.6019]},"properties":{"d":"2026-09-15","t":"0451","frp":10.0,"b":367.0,"c":2,"s":"SNPP","n":0}},{"type":"Feature","geometry":{"type":"Point","coordinates":[147.0156,-31.5986]},"properties":{"d":"2026-09-15","t":"0451","frp":6.9,"b":347.8,"c":1,"s":"SNPP","n":0}},{"type":"Feature","geometry":{"type":"Point","coordinates":[147.0229,-31.5968]},"properties":{"d":"2026-09-15","t":"0451","frp":10.0,"b":342.8,"c":1,"s":"SNPP","n":0}},{"type":"Feature","geometry":{"type":"Point","coordinates":[147.0176,-31.5926]},"properties":{"d":"2026-09-15","t":"0451","frp":4.1,"b":348.1,"c":1,"s":"SNPP","n":0}},{"type":"Feature","geometry":{"type":"Point","coordinates":[146.6549,-31.229]},"properties":{"d":"2026-09-15","t":"0451","frp":9.5,"b":342.7,"c":1,"s":"SNPP","n":0}},{"type":"Feature","geometry":{"type":"Point","coordinates":[146.6585,-31.2281]},"properties":{"d":"2026-09-15","t":"0451","frp":9.5,"b":337.7,"c":1,"s":"SNPP","n":0}},{"type":"Feature","geometry":{"type":"Point","coordinates":[146.6533,-31.2239]},"properties":{"d":"2026-09-15","t":"0451","frp":9.5,"b":351.0,"c":1,"s":"SNPP","n":0}},{"type":"Feature","geometry":{"type":"Point","coordinates":[146.6568,-31.2231]},"properties":{"d":"2026-09-15","t":"0451","frp":9.5,"b":367.0,"c":2,"s":"SNPP","n":0}},{"type":"Feature","geometry":{"type":"Point","coordinates":[151.7817,-30.9776]},"properties":{"d":"2026-09-15","t":"0451","frp":11.3,"b":347.8,"c":1,"s":"SNPP","n":0}},{"type":"Feature","geometry":{"type":"Point","coordinates":[151.7882,-30.9757]},"properties":{"d":"2026-09-15","t":"0451","frp":15.9,"b":345.6,"c":1,"s":"SNPP","n":0}},{"type":"Feature","geometry":{"type":"Point","coordinates":[151.432,-30.5112]},"properties":{"d":"2026-09-15","t":"0451","frp":12.3,"b":355.3,"c":1,"s":"SNPP","n":0}},{"type":"Feature","geometry":{"type":"Point","coordinates":[149.9331,-30.3005]},"properties":{"d":"2026-09-15","t":"0451","frp":4.9,"b":338.6,"c":1,"s":"SNPP","n":0}},{"type":"Feature","geometry":{"type":"Point","coordinates":[149.9256,-30.2958]},"properties":{"d":"2026-09-15","t":"0451","frp":28.6,"b":352.6,"c":1,"s":"SNPP","n":0}},{"type":"Feature","geometry":{"type":"Point","coordinates":[149.931,-30.2943]},"properties":{"d":"2026-09-15","t":"0451","frp":28.6,"b":367.0,"c":2,"s":"SNPP","n":0}},{"type":"Feature","geometry":{"type":"Point","coordinates":[148.5595,-29.3678]},"properties":{"d":"2026-09-15","t":"0451","frp":5.0,"b":343.0,"c":1,"s":"SNPP","n":0}},{"type":"Feature","geometry":{"type":"Point","coordinates":[148.5644,-29.3665]},"properties":{"d":"2026-09-15","t":"0451","frp":6.3,"b":339.7,"c":1,"s":"SNPP","n":0}},{"type":"Feature","geometry":{"type":"Point","coordinates":[148.5618,-29.3628]},"properties":{"d":"2026-09-15","t":"0451","frp":15.8,"b":367.0,"c":2,"s":"SNPP","n":0}},{"type":"Feature","geometry":{"type":"Point","coordinates":[148.5624,-29.3606]},"properties":{"d":"2026-09-15","t":"0451","frp":7.3,"b":367.0,"c":2,"s":"SNPP","n":0}},{"type":"Feature","geometry":{"type":"Point","coordinates":[148.0009,-29.1617]},"properties":{"d":"2026-09-15","t":"0451","frp":4.0,"b":343.7,"c":1,"s":"SNPP","n":0}},{"type":"Feature","geometry":{"type":"Point","coordinates":[151.8161,-28.9265]},"properties":{"d":"2026-09-15","t":"0451","frp":12.2,"b":332.5,"c":1,"s":"SNPP","n":0}},{"type":"Feature","geometry":{"type":"Point","coordinates":[151.8163,-28.9222]},"properties":{"d":"2026-09-15","t":"0451","frp":6.3,"b":329.1,"c":1,"s":"SNPP","n":0}},{"type":"Feature","geometry":{"type":"Point","coordinates":[149.3333,-28.6402]},"properties":{"d":"2026-09-15","t":"0451","frp":5.2,"b":347.2,"c":1,"s":"SNPP","n":0}},{"type":"Feature","geometry":{"type":"Point","coordinates":[149.3341,-28.6385]},"properties":{"d":"2026-09-15","t":"0451","frp":13.3,"b":367.0,"c":2,"s":"SNPP","n":0}},{"type":"Feature","geometry":{"type":"Point","coordinates":[149.3313,-28.634]},"properties":{"d":"2026-09-15","t":"0451","frp":5.2,"b":344.5,"c":1,"s":"SNPP","n":0}},{"type":"Feature","geometry":{"type":"Point","coordinates":[149.0028,-28.6083]},"properties":{"d":"2026-09-15","t":"0451","frp":7.4,"b":339.9,"c":1,"s":"SNPP","n":0}},{"type":"Feature","geometry":{"type":"Point","coordinates":[148.9998,-28.6064]},"properties":{"d":"2026-09-15","t":"0451","frp":11.4,"b":367.0,"c":2,"s":"SNPP","n":0}},{"type":"Feature","geometry":{"type":"Point","coordinates":[149.0008,-28.6022]},"properties":{"d":"2026-09-15","t":"0451","frp":6.7,"b":337.0,"c":1,"s":"SNPP","n":0}},{"type":"Feature","geometry":{"type":"Point","coordinates":[148.4554,-28.4396]},"properties":{"d":"2026-09-15","t":"0451","frp":3.5,"b":330.6,"c":1,"s":"SNPP","n":0}},{"type":"Feature","geometry":{"type":"Point","coordinates":[148.4548,-28.4394]},"properties":{"d":"2026-09-15","t":"0451","frp":3.1,"b":330.9,"c":0,"s":"SNPP","n":0}},{"type":"Feature","geometry":{"type":"Point","coordinates":[149.1894,-28.3202]},"properties":{"d":"2026-09-15","t":"0451","frp":11.2,"b":335.5,"c":1,"s":"SNPP","n":0}},{"type":"Feature","geometry":{"type":"Point","coordinates":[149.1949,-28.3188]},"properties":{"d":"2026-09-15","t":"0451","frp":13.8,"b":352.6,"c":1,"s":"SNPP","n":0}},{"type":"Feature","geometry":{"type":"Point","coordinates":[149.1854,-28.3169]},"properties":{"d":"2026-09-15","t":"0451","frp":12.4,"b":357.0,"c":1,"s":"SNPP","n":0}},{"type":"Feature","geometry":{"type":"Point","coordinates":[149.1909,-28.3154]},"properties":{"d":"2026-09-15","t":"0451","frp":16.1,"b":367.0,"c":2,"s":"SNPP","n":0}},{"type":"Feature","geometry":{"type":"Point","coordinates":[149.1874,-28.314]},"properties":{"d":"2026-09-15","t":"0451","frp":11.2,"b":367.0,"c":2,"s":"SNPP","n":0}},{"type":"Feature","geometry":{"type":"Point","coordinates":[149.1964,-28.314]},"properties":{"d":"2026-09-15","t":"0451","frp":16.1,"b":352.4,"c":1,"s":"SNPP","n":0}},{"type":"Feature","geometry":{"type":"Point","coordinates":[149.1929,-28.3126]},"properties":{"d":"2026-09-15","t":"0451","frp":13.8,"b":367.0,"c":2,"s":"SNPP","n":0}},{"type":"Feature","geometry":{"type":"Point","coordinates":[136.8584,-30.4442]},"properties":{"d":"2026-09-15","t":"0453","frp":2.8,"b":335.2,"c":1,"s":"SNPP","n":0}},{"type":"Feature","geometry":{"type":"Point","coordinates":[148.7663,-27.7994]},"properties":{"d":"2026-09-15","t":"0453","frp":9.9,"b":367.0,"c":2,"s":"SNPP","n":0}},{"type":"Feature","geometry":{"type":"Point","coordinates":[148.7632,-27.797]},"properties":{"d":"2026-09-15","t":"0453","frp":8.7,"b":347.2,"c":1,"s":"SNPP","n":0}},{"type":"Feature","geometry":{"type":"Point","coordinates":[148.7686,-27.7956]},"properties":{"d":"2026-09-15","t":"0453","frp":8.7,"b":367.0,"c":2,"s":"SNPP","n":0}},{"type":"Feature","geometry":{"type":"Point","coordinates":[148.7643,-27.7933]},"properties":{"d":"2026-09-15","t":"0453","frp":9.9,"b":346.8,"c":1,"s":"SNPP","n":0}},{"type":"Feature","geometry":{"type":"Point","coordinates":[149.199,-27.0453]},"properties":{"d":"2026-09-15","t":"0453","frp":4.4,"b":331.5,"c":1,"s":"SNPP","n":0}},{"type":"Feature","geometry":{"type":"Point","coordinates":[149.1984,-27.0446]},"properties":{"d":"2026-09-15","t":"0453","frp":8.2,"b":333.0,"c":1,"s":"SNPP","n":0}},{"type":"Feature","geometry":{"type":"Point","coordinates":[149.1969,-27.0389]},"properties":{"d":"2026-09-15","t":"0453","frp":4.4,"b":335.4,"c":1,"s":"SNPP","n":0}},{"type":"Feature","geometry":{"type":"Point","coordinates":[149.2029,-27.0374]},"properties":{"d":"2026-09-15","t":"0453","frp":4.4,"b":331.3,"c":1,"s":"SNPP","n":0}},{"type":"Feature","geometry":{"type":"Point","coordinates":[149.2023,-27.0366]},"properties":{"d":"2026-09-15","t":"0453","frp":12.0,"b":332.2,"c":1,"s":"SNPP","n":0}},{"type":"Feature","geometry":{"type":"Point","coordinates":[149.2045,-27.0024]},"properties":{"d":"2026-09-15","t":"0453","frp":4.0,"b":341.8,"c":1,"s":"SNPP","n":0}},{"type":"Feature","geometry":{"type":"Point","coordinates":[149.2041,-27.0015]},"properties":{"d":"2026-09-15","t":"0453","frp":4.7,"b":344.4,"c":1,"s":"SNPP","n":0}},{"type":"Feature","geometry":{"type":"Point","coordinates":[149.21,-26.9999]},"properties":{"d":"2026-09-15","t":"0453","frp":4.7,"b":335.1,"c":1,"s":"SNPP","n":0}},{"type":"Feature","geometry":{"type":"Point","coordinates":[149.1884,-26.9928]},"properties":{"d":"2026-09-15","t":"0453","frp":6.9,"b":335.1,"c":1,"s":"SNPP","n":0}},{"type":"Feature","geometry":{"type":"Point","coordinates":[146.2433,-26.5581]},"properties":{"d":"2026-09-15","t":"0453","frp":11.4,"b":367.0,"c":2,"s":"SNPP","n":0}},{"type":"Feature","geometry":{"type":"Point","coordinates":[146.2375,-26.5567]},"properties":{"d":"2026-09-15","t":"0453","frp":10.8,"b":335.9,"c":1,"s":"SNPP","n":0}},{"type":"Feature","geometry":{"type":"Point","coordinates":[146.2416,-26.5557]},"properties":{"d":"2026-09-15","t":"0453","frp":10.8,"b":367.0,"c":2,"s":"SNPP","n":0}},{"type":"Feature","geometry":{"type":"Point","coordinates":[146.2376,-26.5535]},"properties":{"d":"2026-09-15","t":"0453","frp":7.9,"b":351.2,"c":1,"s":"SNPP","n":0}},{"type":"Feature","geometry":{"type":"Point","coordinates":[146.2417,-26.5526]},"properties":{"d":"2026-09-15","t":"0453","frp":7.9,"b":367.0,"c":2,"s":"SNPP","n":0}},{"type":"Feature","geometry":{"type":"Point","coordinates":[146.24,-26.5502]},"properties":{"d":"2026-09-15","t":"0453","frp":4.2,"b":335.4,"c":1,"s":"SNPP","n":0}},{"type":"Feature","geometry":{"type":"Point","coordinates":[146.2478,-26.4715]},"properties":{"d":"2026-09-15","t":"0453","frp":4.2,"b":332.9,"c":0,"s":"SNPP","n":0}},{"type":"Feature","geometry":{"type":"Point","coordinates":[150.4374,-26.3834]},"properties":{"d":"2026-09-15","t":"0453","frp":5.3,"b":335.9,"c":1,"s":"SNPP","n":0}},{"type":"Feature","geometry":{"type":"Point","coordinates":[150.6518,-26.3435]},"properties":{"d":"2026-09-15","t":"0453","frp":24.8,"b":367.0,"c":2,"s":"SNPP","n":0}},{"type":"Feature","geometry":{"type":"Point","coordinates":[146.758,-25.8066]},"properties":{"d":"2026-09-15","t":"0453","frp":5.6,"b":331.5,"c":1,"s":"SNPP","n":0}},{"type":"Feature","geometry":{"type":"Point","coordinates":[146.7564,-25.8008]},"properties":{"d":"2026-09-15","t":"0453","frp":5.6,"b":346.5,"c":1,"s":"SNPP","n":0}},{"type":"Feature","geometry":{"type":"Point","coordinates":[146.761,-25.7997]},"properties":{"d":"2026-09-15","t":"0453","frp":5.6,"b":367.0,"c":2,"s":"SNPP","n":0}},{"type":"Feature","geometry":{"type":"Point","coordinates":[146.7655,-25.7986]},"properties":{"d":"2026-09-15","t":"0453","frp":7.1,"b":331.9,"c":1,"s":"SNPP","n":0}},{"type":"Feature","geometry":{"type":"Point","coordinates":[147.5504,-25.374]},"properties":{"d":"2026-09-15","t":"0453","frp":2.8,"b":335.5,"c":1,"s":"SNPP","n":0}},{"type":"Feature","geometry":{"type":"Point","coordinates":[132.6838,-24.003]},"properties":{"d":"2026-09-15","t":"0455","frp":4.8,"b":337.0,"c":1,"s":"SNPP","n":0}},{"type":"Feature","geometry":{"type":"Point","coordinates":[131.1217,-22.8531]},"properties":{"d":"2026-09-15","t":"0455","frp":3.5,"b":343.5,"c":1,"s":"SNPP","n":0}},{"type":"Feature","geometry":{"type":"Point","coordinates":[131.1168,-22.8501]},"properties":{"d":"2026-09-15","t":"0455","frp":3.6,"b":339.5,"c":1,"s":"SNPP","n":0}},{"type":"Feature","geometry":{"type":"Point","coordinates":[131.1212,-22.8495]},"properties":{"d":"2026-09-15","t":"0455","frp":3.5,"b":341.6,"c":1,"s":"SNPP","n":0}},{"type":"Feature","geometry":{"type":"Point","coordinates":[131.1255,-22.849]},"properties":{"d":"2026-09-15","t":"0455","frp":3.5,"b":337.8,"c":1,"s":"SNPP","n":0}},{"type":"Feature","geometry":{"type":"Point","coordinates":[130.9549,-22.6824]},"properties":{"d":"2026-09-15","t":"0455","frp":9.4,"b":356.6,"c":1,"s":"SNPP","n":0}},{"type":"Feature","geometry":{"type":"Point","coordinates":[130.9593,-22.6818]},"properties":{"d":"2026-09-15","t":"0455","frp":9.4,"b":367.0,"c":2,"s":"SNPP","n":0}},{"type":"Feature","geometry":{"type":"Point","coordinates":[130.9638,-22.6812]},"properties":{"d":"2026-09-15","t":"0455","frp":5.6,"b":340.3,"c":1,"s":"SNPP","n":0}},{"type":"Feature","geometry":{"type":"Point","coordinates":[130.9588,-22.6782]},"properties":{"d":"2026-09-15","t":"0455","frp":9.4,"b":335.9,"c":1,"s":"SNPP","n":0}},{"type":"Feature","geometry":{"type":"Point","coordinates":[130.9582,-22.6746]},"properties":{"d":"2026-09-15","t":"0455","frp":4.1,"b":344.7,"c":1,"s":"SNPP","n":0}},{"type":"Feature","geometry":{"type":"Point","coordinates":[130.9577,-22.671]},"properties":{"d":"2026-09-15","t":"0455","frp":4.1,"b":349.2,"c":1,"s":"SNPP","n":0}},{"type":"Feature","geometry":{"type":"Point","coordinates":[130.9571,-22.6674]},"properties":{"d":"2026-09-15","t":"0455","frp":3.5,"b":339.0,"c":0,"s":"SNPP","n":0}},{"type":"Feature","geometry":{"type":"Point","coordinates":[132.1028,-22.657]},"properties":{"d":"2026-09-15","t":"0455","frp":2.9,"b":345.3,"c":1,"s":"SNPP","n":0}},{"type":"Feature","geometry":{"type":"Point","coordinates":[130.9549,-22.653]},"properties":{"d":"2026-09-15","t":"0455","frp":2.5,"b":338.6,"c":0,"s":"SNPP","n":0}},{"type":"Feature","geometry":{"type":"Point","coordinates":[124.2468,-22.2581]},"properties":{"d":"2026-09-15","t":"0455","frp":7.7,"b":367.0,"c":2,"s":"SNPP","n":0}},{"type":"Feature","geometry":{"type":"Point","coordinates":[124.2463,-22.2527]},"properties":{"d":"2026-09-15","t":"0455","frp":7.7,"b":343.1,"c":1,"s":"SNPP","n":0}},{"type":"Feature","geometry":{"type":"Point","coordinates":[124.2378,-22.2426]},"properties":{"d":"2026-09-15","t":"0455","frp":6.7,"b":340.4,"c":1,"s":"SNPP","n":0}},{"type":"Feature","geometry":{"type":"Point","coordinates":[124.2261,-22.1869]},"properties":{"d":"2026-09-15","t":"0455","frp":3.8,"b":348.4,"c":1,"s":"SNPP","n":0}},{"type":"Feature","geometry":{"type":"Point","coordinates":[124.222,-22.1818]},"properties":{"d":"2026-09-15","t":"0455","frp":3.8,"b":336.7,"c":0,"s":"SNPP","n":0}},{"type":"Feature","geometry":{"type":"Point","coordinates":[124.2398,-22.1801]},"properties":{"d":"2026-09-15","t":"0455","frp":7.1,"b":348.4,"c":1,"s":"SNPP","n":0}},{"type":"Feature","geometry":{"type":"Point","coordinates":[124.2433,-22.1797]},"properties":{"d":"2026-09-15","t":"0455","frp":5.1,"b":340.1,"c":1,"s":"SNPP","n":0}},{"type":"Feature","geometry":{"type":"Point","coordinates":[124.2321,-22.1754]},"properties":{"d":"2026-09-15","t":"0455","frp":5.5,"b":343.8,"c":1,"s":"SNPP","n":0}},{"type":"Feature","geometry":{"type":"Point","coordinates":[124.2357,-22.175]},"properties":{"d":"2026-09-15","t":"0455","frp":5.9,"b":343.9,"c":1,"s":"SNPP","n":0}},{"type":"Feature","geometry":{"type":"Point","coordinates":[132.335,-21.8409]},"properties":{"d":"2026-09-15","t":"0455","frp":3.1,"b":345.1,"c":1,"s":"SNPP","n":0}},{"type":"Feature","geometry":{"type":"Point","coordinates":[132.3389,-21.8403]},"properties":{"d":"2026-09-15","t":"0455","frp":2.6,"b":340.1,"c":0,"s":"SNPP","n":0}},{"type":"Feature","geometry":{"type":"Point","coordinates":[132.3428,-21.8398]},"properties":{"d":"2026-09-15","t":"0455","frp":2.6,"b":340.2,"c":0,"s":"SNPP","n":0}},{"type":"Feature","geometry":{"type":"Point","coordinates":[132.3593,-21.6459]},"properties":{"d":"2026-09-15","t":"0455","frp":8.3,"b":352.7,"c":1,"s":"SNPP","n":0}},{"type":"Feature","geometry":{"type":"Point","coordinates":[132.3632,-21.6454]},"properties":{"d":"2026-09-15","t":"0455","frp":4.6,"b":344.5,"c":1,"s":"SNPP","n":0}},{"type":"Feature","geometry":{"type":"Point","coordinates":[132.367,-21.6448]},"properties":{"d":"2026-09-15","t":"0455","frp":4.6,"b":345.9,"c":1,"s":"SNPP","n":0}},{"type":"Feature","geometry":{"type":"Point","coordinates":[132.3626,-21.642]},"properties":{"d":"2026-09-15","t":"0455","frp":4.6,"b":352.1,"c":1,"s":"SNPP","n":0}},{"type":"Feature","geometry":{"type":"Point","coordinates":[128.5565,-21.505]},"properties":{"d":"2026-09-15","t":"0455","frp":5.3,"b":344.2,"c":1,"s":"SNPP","n":0}},{"type":"Feature","geometry":{"type":"Point","coordinates":[128.5603,-21.5045]},"properties":{"d":"2026-09-15","t":"0455","frp":4.1,"b":343.1,"c":1,"s":"SNPP","n":0}},{"type":"Feature","geometry":{"type":"Point","coordinates":[128.5559,-21.501]},"properties":{"d":"2026-09-15","t":"0455","frp":5.3,"b":348.8,"c":1,"s":"SNPP","n":0}},{"type":"Feature","geometry":{"type":"Point","coordinates":[128.5597,-21.5005]},"properties":{"d":"2026-09-15","t":"0455","frp":4.1,"b":343.8,"c":1,"s":"SNPP","n":0}},{"type":"Feature","geometry":{"type":"Point","coordinates":[128.5591,-21.4965]},"properties":{"d":"2026-09-15","t":"0455","frp":6.7,"b":352.7,"c":1,"s":"SNPP","n":0}},{"type":"Feature","geometry":{"type":"Point","coordinates":[128.5586,-21.4924]},"properties":{"d":"2026-09-15","t":"0455","frp":6.7,"b":353.4,"c":1,"s":"SNPP","n":0}},{"type":"Feature","geometry":{"type":"Point","coordinates":[128.5198,-21.4602]},"properties":{"d":"2026-09-15","t":"0455","frp":3.9,"b":342.4,"c":0,"s":"SNPP","n":0}},{"type":"Feature","geometry":{"type":"Point","coordinates":[128.5192,-21.4561]},"properties":{"d":"2026-09-15","t":"0455","frp":3.9,"b":351.8,"c":1,"s":"SNPP","n":0}},{"type":"Feature","geometry":{"type":"Point","coordinates":[128.5149,-21.4525]},"properties":{"d":"2026-09-15","t":"0455","frp":5.1,"b":340.7,"c":0,"s":"SNPP","n":0}},{"type":"Feature","geometry":{"type":"Point","coordinates":[128.5106,-21.4489]},"properties":{"d":"2026-09-15","t":"0455","frp":4.9,"b":345.8,"c":0,"s":"SNPP","n":0}},{"type":"Feature","geometry":{"type":"Point","coordinates":[128.51,-21.4449]},"properties":{"d":"2026-09-15","t":"0455","frp":4.2,"b":343.2,"c":1,"s":"SNPP","n":0}},{"type":"Feature","geometry":{"type":"Point","coordinates":[128.5019,-21.4417]},"properties":{"d":"2026-09-15","t":"0455","frp":4.8,"b":344.9,"c":1,"s":"SNPP","n":0}},{"type":"Feature","geometry":{"type":"Point","coordinates":[128.5057,-21.4413]},"properties":{"d":"2026-09-15","t":"0455","frp":4.2,"b":346.7,"c":1,"s":"SNPP","n":0}},{"type":"Feature","geometry":{"type":"Point","coordinates":[128.4814,-21.4324]},"properties":{"d":"2026-09-15","t":"0455","frp":2.6,"b":344.4,"c":1,"s":"SNPP","n":0}},{"type":"Feature","geometry":{"type":"Point","coordinates":[132.6627,-21.4181]},"properties":{"d":"2026-09-15","t":"0455","frp":26.9,"b":348.4,"c":1,"s":"SNPP","n":0}},{"type":"Feature","geometry":{"type":"Point","coordinates":[132.6665,-21.4175]},"properties":{"d":"2026-09-15","t":"0455","frp":26.9,"b":367.0,"c":0,"s":"SNPP","n":0}},{"type":"Feature","geometry":{"type":"Point","coordinates":[132.6704,-21.417]},"properties":{"d":"2026-09-15","t":"0455","frp":18.5,"b":367.0,"c":2,"s":"SNPP","n":0}},{"type":"Feature","geometry":{"type":"Point","coordinates":[132.6741,-21.4164]},"properties":{"d":"2026-09-15","t":"0455","frp":18.5,"b":367.0,"c":2,"s":"SNPP","n":0}},{"type":"Feature","geometry":{"type":"Point","coordinates":[132.6779,-21.4159]},"properties":{"d":"2026-09-15","t":"0455","frp":5.3,"b":351.4,"c":1,"s":"SNPP","n":0}},{"type":"Feature","geometry":{"type":"Point","coordinates":[132.6817,-21.4153]},"properties":{"d":"2026-09-15","t":"0455","frp":5.3,"b":346.5,"c":1,"s":"SNPP","n":0}},{"type":"Feature","geometry":{"type":"Point","coordinates":[132.6855,-21.4148]},"properties":{"d":"2026-09-15","t":"0455","frp":3.6,"b":340.1,"c":0,"s":"SNPP","n":0}},{"type":"Feature","geometry":{"type":"Point","coordinates":[132.6622,-21.4147]},"properties":{"d":"2026-09-15","t":"0455","frp":26.9,"b":340.0,"c":0,"s":"SNPP","n":0}},{"type":"Feature","geometry":{"type":"Point","coordinates":[132.6893,-21.4142]},"properties":{"d":"2026-09-15","t":"0455","frp":3.6,"b":341.7,"c":0,"s":"SNPP","n":0}},{"type":"Feature","geometry":{"type":"Point","coordinates":[132.6931,-21.4137]},"properties":{"d":"2026-09-15","t":"0455","frp":5.0,"b":340.3,"c":0,"s":"SNPP","n":0}},{"type":"Feature","geometry":{"type":"Point","coordinates":[132.6969,-21.4131]},"properties":{"d":"2026-09-15","t":"0455","frp":5.0,"b":354.8,"c":1,"s":"SNPP","n":0}},{"type":"Feature","geometry":{"type":"Point","coordinates":[132.7007,-21.4126]},"properties":{"d":"2026-09-15","t":"0455","frp":5.5,"b":344.5,"c":1,"s":"SNPP","n":0}},{"type":"Feature","geometry":{"type":"Point","coordinates":[132.4388,-21.4117]},"properties":{"d":"2026-09-15","t":"0455","frp":4.4,"b":339.7,"c":0,"s":"SNPP","n":0}},{"type":"Feature","geometry":{"type":"Point","coordinates":[132.7078,-21.4081]},"properties":{"d":"2026-09-15","t":"0455","frp":7.4,"b":352.5,"c":1,"s":"SNPP","n":0}},{"type":"Feature","geometry":{"type":"Point","coordinates":[132.6385,-21.3894]},"properties":{"d":"2026-09-15","t":"0455","frp":13.3,"b":350.9,"c":1,"s":"SNPP","n":0}},{"type":"Feature","geometry":{"type":"Point","coordinates":[132.6423,-21.3889]},"properties":{"d":"2026-09-15","t":"0455","frp":35.8,"b":348.2,"c":0,"s":"SNPP","n":0}},{"type":"Feature","geometry":{"type":"Point","coordinates":[132.6265,-21.3877]},"properties":{"d":"2026-09-15","t":"0455","frp":11.5,"b":354.4,"c":1,"s":"SNPP","n":0}},{"type":"Feature","geometry":{"type":"Point","coordinates":[132.6303,-21.3872]},"properties":{"d":"2026-09-15","t":"0455","frp":11.5,"b":345.1,"c":1,"s":"SNPP","n":0}},{"type":"Feature","geometry":{"type":"Point","coordinates":[132.6069,-21.3872]},"properties":{"d":"2026-09-15","t":"0455","frp":18.0,"b":353.3,"c":1,"s":"SNPP","n":0}},{"type":"Feature","geometry":{"type":"Point","coordinates":[132.6341,-21.3866]},"properties":{"d":"2026-09-15","t":"0455","frp":13.3,"b":355.0,"c":1,"s":"SNPP","n":0}},{"type":"Feature","geometry":{"type":"Point","coordinates":[132.6107,-21.3866]},"properties":{"d":"2026-09-15","t":"0455","frp":15.3,"b":346.3,"c":1,"s":"SNPP","n":0}},{"type":"Feature","geometry":{"type":"Point","coordinates":[132.6379,-21.3861]},"properties":{"d":"2026-09-15","t":"0455","frp":13.3,"b":350.1,"c":1,"s":"SNPP","n":0}},{"type":"Feature","geometry":{"type":"Point","coordinates":[132.6146,-21.3861]},"properties":{"d":"2026-09-15","t":"0455","frp":15.3,"b":355.9,"c":1,"s":"SNPP","n":0}},{"type":"Feature","geometry":{"type":"Point","coordinates":[132.6183,-21.3855]},"properties":{"d":"2026-09-15","t":"0455","frp":5.2,"b":351.0,"c":1,"s":"SNPP","n":0}},{"type":"Feature","geometry":{"type":"Point","coordinates":[132.6222,-21.3849]},"properties":{"d":"2026-09-15","t":"0455","frp":5.2,"b":367.0,"c":2,"s":"SNPP","n":0}},{"type":"Feature","geometry":{"type":"Point","coordinates":[132.6259,-21.3844]},"properties":{"d":"2026-09-15","t":"0455","frp":4.5,"b":340.9,"c":1,"s":"SNPP","n":0}},{"type":"Feature","geometry":{"type":"Point","coordinates":[132.6064,-21.3838]},"properties":{"d":"2026-09-15","t":"0455","frp":18.0,"b":346.8,"c":1,"s":"SNPP","n":0}},{"type":"Feature","geometry":{"type":"Point","coordinates":[132.614,-21.3827]},"properties":{"d":"2026-09-15","t":"0455","frp":15.3,"b":349.1,"c":1,"s":"SNPP","n":0}},{"type":"Feature","geometry":{"type":"Point","coordinates":[132.6412,-21.3821]},"properties":{"d":"2026-09-15","t":"0455","frp":2.6,"b":338.9,"c":0,"s":"SNPP","n":0}},{"type":"Feature","geometry":{"type":"Point","coordinates":[132.6178,-21.3821]},"properties":{"d":"2026-09-15","t":"0455","frp":5.2,"b":341.9,"c":1,"s":"SNPP","n":0}},{"type":"Feature","geometry":{"type":"Point","coordinates":[132.64,-21.3754]},"properties":{"d":"2026-09-15","t":"0455","frp":3.7,"b":344.1,"c":0,"s":"SNPP","n":0}},{"type":"Feature","geometry":{"type":"Point","coordinates":[139.4766,-20.7386]},"properties":{"d":"2026-09-15","t":"0455","frp":5.8,"b":343.6,"c":1,"s":"SNPP","n":0}},{"type":"Feature","geometry":{"type":"Point","coordinates":[139.4757,-20.7344]},"properties":{"d":"2026-09-15","t":"0455","frp":5.8,"b":344.6,"c":1,"s":"SNPP","n":0}},{"type":"Feature","geometry":{"type":"Point","coordinates":[123.7776,-20.5416]},"properties":{"d":"2026-09-15","t":"0455","frp":7.0,"b":355.9,"c":1,"s":"SNPP","n":0}},{"type":"Feature","geometry":{"type":"Point","coordinates":[123.7806,-20.5358]},"properties":{"d":"2026-09-15","t":"0455","frp":7.0,"b":347.4,"c":1,"s":"SNPP","n":0}},{"type":"Feature","geometry":{"type":"Point","coordinates":[123.7837,-20.53]},"properties":{"d":"2026-09-15","t":"0455","frp":9.1,"b":367.0,"c":2,"s":"SNPP","n":0}},{"type":"Feature","geometry":{"type":"Point","coordinates":[123.7832,-20.5245]},"properties":{"d":"2026-09-15","t":"0455","frp":9.1,"b":367.0,"c":2,"s":"SNPP","n":0}},{"type":"Feature","geometry":{"type":"Point","coordinates":[146.1793,-20.3851]},"properties":{"d":"2026-09-15","t":"0455","frp":7.8,"b":346.4,"c":1,"s":"SNPP","n":0}},{"type":"Feature","geometry":{"type":"Point","coordinates":[146.1763,-20.3817]},"properties":{"d":"2026-09-15","t":"0455","frp":3.0,"b":331.8,"c":0,"s":"SNPP","n":0}},{"type":"Feature","geometry":{"type":"Point","coordinates":[129.7048,-20.3114]},"properties":{"d":"2026-09-15","t":"0455","frp":3.3,"b":337.5,"c":0,"s":"SNPP","n":0}},{"type":"Feature","geometry":{"type":"Point","coordinates":[129.7094,-20.3108]},"properties":{"d":"2026-09-15","t":"0455","frp":6.3,"b":344.0,"c":0,"s":"SNPP","n":0}},{"type":"Feature","geometry":{"type":"Point","coordinates":[129.7141,-20.3102]},"properties":{"d":"2026-09-15","t":"0455","frp":6.3,"b":340.9,"c":0,"s":"SNPP","n":0}},{"type":"Feature","geometry":{"type":"Point","coordinates":[129.7188,-20.3095]},"properties":{"d":"2026-09-15","t":"0455","frp":7.5,"b":343.7,"c":1,"s":"SNPP","n":0}},{"type":"Feature","geometry":{"type":"Point","coordinates":[129.6949,-20.3089]},"properties":{"d":"2026-09-15","t":"0455","frp":13.3,"b":353.9,"c":1,"s":"SNPP","n":0}},{"type":"Feature","geometry":{"type":"Point","coordinates":[129.7042,-20.3077]},"properties":{"d":"2026-09-15","t":"0455","frp":4.2,"b":342.1,"c":0,"s":"SNPP","n":0}},{"type":"Feature","geometry":{"type":"Point","coordinates":[129.7089,-20.3071]},"properties":{"d":"2026-09-15","t":"0455","frp":7.2,"b":343.2,"c":1,"s":"SNPP","n":0}},{"type":"Feature","geometry":{"type":"Point","coordinates":[129.7546,-20.3064]},"properties":{"d":"2026-09-15","t":"0455","frp":6.6,"b":354.5,"c":1,"s":"SNPP","n":0}},{"type":"Feature","geometry":{"type":"Point","coordinates":[129.6943,-20.3052]},"properties":{"d":"2026-09-15","t":"0455","frp":13.3,"b":350.5,"c":1,"s":"SNPP","n":0}},{"type":"Feature","geometry":{"type":"Point","coordinates":[129.7229,-20.3052]},"properties":{"d":"2026-09-15","t":"0455","frp":7.0,"b":345.8,"c":0,"s":"SNPP","n":0}},{"type":"Feature","geometry":{"type":"Point","coordinates":[129.7513,-20.3051]},"properties":{"d":"2026-09-15","t":"0455","frp":8.2,"b":349.1,"c":1,"s":"SNPP","n":0}},{"type":"Feature","geometry":{"type":"Point","coordinates":[129.699,-20.3046]},"properties":{"d":"2026-09-15","t":"0455","frp":4.2,"b":336.1,"c":0,"s":"SNPP","n":0}},{"type":"Feature","geometry":{"type":"Point","coordinates":[129.7275,-20.3046]},"properties":{"d":"2026-09-15","t":"0455","frp":10.4,"b":347.5,"c":0,"s":"SNPP","n":0}},{"type":"Feature","geometry":{"type":"Point","coordinates":[129.756,-20.3045]},"properties":{"d":"2026-09-15","t":"0455","frp":9.3,"b":352.0,"c":1,"s":"SNPP","n":0}},{"type":"Feature","geometry":{"type":"Point","coordinates":[129.7037,-20.304]},"properties":{"d":"2026-09-15","t":"0455","frp":4.2,"b":346.5,"c":1,"s":"SNPP","n":0}},{"type":"Feature","geometry":{"type":"Point","coordinates":[129.7083,-20.3033]},"properties":{"d":"2026-09-15","t":"0455","frp":7.2,"b":343.7,"c":1,"s":"SNPP","n":0}},{"type":"Feature","geometry":{"type":"Point","coordinates":[129.6844,-20.3027]},"properties":{"d":"2026-09-15","t":"0455","frp":91.2,"b":349.1,"c":1,"s":"SNPP","n":0}},{"type":"Feature","geometry":{"type":"Point","coordinates":[129.713,-20.3027]},"properties":{"d":"2026-09-15","t":"0455","frp":7.2,"b":367.0,"c":2,"s":"SNPP","n":0}},{"type":"Feature","geometry":{"type":"Point","coordinates":[129.7177,-20.3021]},"properties":{"d":"2026-09-15","t":"0455","frp":7.0,"b":344.8,"c":1,"s":"SNPP","n":0}},{"type":"Feature","geometry":{"type":"Point","coordinates":[129.727,-20.3008]},"properties":{"d":"2026-09-15","t":"0455","frp":10.4,"b":344.6,"c":0,"s":"SNPP","n":0}},{"type":"Feature","geometry":{"type":"Point","coordinates":[129.6746,-20.3003]},"properties":{"d":"2026-09-15","t":"0455","frp":72.0,"b":367.0,"c":2,"s":"SNPP","n":0}},{"type":"Feature","geometry":{"type":"Point","coordinates":[129.6792,-20.2996]},"properties":{"d":"2026-09-15","t":"0455","frp":91.2,"b":367.0,"c":0,"s":"SNPP","n":0}},{"type":"Feature","geometry":{"type":"Point","coordinates":[129.7647,-20.2995]},"properties":{"d":"2026-09-15","t":"0455","frp":5.3,"b":344.8,"c":0,"s":"SNPP","n":0}},{"type":"Feature","geometry":{"type":"Point","coordinates":[129.6839,-20.299]},"properties":{"d":"2026-09-15","t":"0455","frp":91.2,"b":367.0,"c":0,"s":"SNPP","n":0}},{"type":"Feature","geometry":{"type":"Point","coordinates":[129.7694,-20.2989]},"properties":{"d":"2026-09-15","t":"0455","frp":5.3,"b":346.7,"c":1,"s":"SNPP","n":0}},{"type":"Feature","geometry":{"type":"Point","coordinates":[129.6886,-20.2984]},"properties":{"d":"2026-09-15","t":"0455","frp":10.2,"b":343.1,"c":0,"s":"SNPP","n":0}},{"type":"Feature","geometry":{"type":"Point","coordinates":[129.7833,-20.2971]},"properties":{"d":"2026-09-15","t":"0455","frp":54.6,"b":341.7,"c":0,"s":"SNPP","n":0}},{"type":"Feature","geometry":{"type":"Point","coordinates":[129.674,-20.2965]},"properties":{"d":"2026-09-15","t":"0455","frp":3.2,"b":335.1,"c":1,"s":"SNPP","n":0}},{"type":"Feature","geometry":{"type":"Point","coordinates":[129.6787,-20.2959]},"properties":{"d":"2026-09-15","t":"0455","frp":39.8,"b":353.8,"c":1,"s":"SNPP","n":0}},{"type":"Feature","geometry":{"type":"Point","coordinates":[129.6833,-20.2953]},"properties":{"d":"2026-09-15","t":"0455","frp":39.8,"b":354.2,"c":1,"s":"SNPP","n":0}},{"type":"Feature","geometry":{"type":"Point","coordinates":[129.688,-20.2947]},"properties":{"d":"2026-09-15","t":"0455","frp":9.6,"b":354.3,"c":1,"s":"SNPP","n":0}},{"type":"Feature","geometry":{"type":"Point","coordinates":[129.6927,-20.294]},"properties":{"d":"2026-09-15","t":"0455","frp":9.6,"b":343.7,"c":1,"s":"SNPP","n":0}},{"type":"Feature","geometry":{"type":"Point","coordinates":[129.7781,-20.294]},"properties":{"d":"2026-09-15","t":"0455","frp":66.8,"b":347.2,"c":0,"s":"SNPP","n":0}},{"type":"Feature","geometry":{"type":"Point","coordinates":[129.6974,-20.2934]},"properties":{"d":"2026-09-15","t":"0455","frp":6.9,"b":347.9,"c":1,"s":"SNPP","n":0}},{"type":"Feature","geometry":{"type":"Point","coordinates":[129.7827,-20.2934]},"properties":{"d":"2026-09-15","t":"0455","frp":54.6,"b":367.0,"c":0,"s":"SNPP","n":0}},{"type":"Feature","geometry":{"type":"Point","coordinates":[129.702,-20.2928]},"properties":{"d":"2026-09-15","t":"0455","frp":6.9,"b":356.5,"c":1,"s":"SNPP","n":0}},{"type":"Feature","geometry":{"type":"Point","coordinates":[129.7874,-20.2927]},"properties":{"d":"2026-09-15","t":"0455","frp":54.6,"b":351.6,"c":0,"s":"SNPP","n":0}},{"type":"Feature","geometry":{"type":"Point","coordinates":[129.792,-20.2921]},"properties":{"d":"2026-09-15","t":"0455","frp":33.4,"b":352.2,"c":1,"s":"SNPP","n":0}},{"type":"Feature","geometry":{"type":"Point","coordinates":[129.7631,-20.2884]},"properties":{"d":"2026-09-15","t":"0455","frp":14.2,"b":355.9,"c":1,"s":"SNPP","n":0}},{"type":"Feature","geometry":{"type":"Point","coordinates":[129.7915,-20.2884]},"properties":{"d":"2026-09-15","t":"0455","frp":15.4,"b":351.4,"c":1,"s":"SNPP","n":0}},{"type":"Feature","geometry":{"type":"Point","coordinates":[129.7961,-20.2878]},"properties":{"d":"2026-09-15","t":"0455","frp":15.4,"b":356.9,"c":1,"s":"SNPP","n":0}},{"type":"Feature","geometry":{"type":"Point","coordinates":[129.7248,-20.286]},"properties":{"d":"2026-09-15","t":"0455","frp":19.1,"b":355.9,"c":1,"s":"SNPP","n":0}},{"type":"Feature","geometry":{"type":"Point","coordinates":[129.7295,-20.2853]},"properties":{"d":"2026-09-15","t":"0455","frp":19.1,"b":350.7,"c":1,"s":"SNPP","n":0}},{"type":"Feature","geometry":{"type":"Point","coordinates":[129.7626,-20.2847]},"properties":{"d":"2026-09-15","t":"0455","frp":12.3,"b":342.6,"c":0,"s":"SNPP","n":0}},{"type":"Feature","geometry":{"type":"Point","coordinates":[129.7242,-20.2822]},"properties":{"d":"2026-09-15","t":"0455","frp":9.7,"b":348.8,"c":1,"s":"SNPP","n":0}},{"type":"Feature","geometry":{"type":"Point","coordinates":[129.7289,-20.2816]},"properties":{"d":"2026-09-15","t":"0455","frp":9.7,"b":350.5,"c":1,"s":"SNPP","n":0}},{"type":"Feature","geometry":{"type":"Point","coordinates":[129.7574,-20.2816]},"properties":{"d":"2026-09-15","t":"0455","frp":13.2,"b":350.6,"c":1,"s":"SNPP","n":0}},{"type":"Feature","geometry":{"type":"Point","coordinates":[129.7336,-20.281]},"properties":{"d":"2026-09-15","t":"0455","frp":9.2,"b":349.8,"c":1,"s":"SNPP","n":0}},{"type":"Feature","geometry":{"type":"Point","coordinates":[129.7382,-20.2804]},"properties":{"d":"2026-09-15","t":"0455","frp":9.2,"b":367.0,"c":2,"s":"SNPP","n":0}},{"type":"Feature","geometry":{"type":"Point","coordinates":[129.7429,-20.2797]},"properties":{"d":"2026-09-15","t":"0455","frp":39.2,"b":351.2,"c":1,"s":"SNPP","n":0}},{"type":"Feature","geometry":{"type":"Point","coordinates":[129.7475,-20.2791]},"properties":{"d":"2026-09-15","t":"0455","frp":39.2,"b":354.0,"c":1,"s":"SNPP","n":0}},{"type":"Feature","geometry":{"type":"Point","coordinates":[129.7522,-20.2785]},"properties":{"d":"2026-09-15","t":"0455","frp":12.5,"b":351.4,"c":1,"s":"SNPP","n":0}},{"type":"Feature","geometry":{"type":"Point","coordinates":[129.8016,-20.2606]},"properties":{"d":"2026-09-15","t":"0455","frp":6.8,"b":344.2,"c":0,"s":"SNPP","n":0}},{"type":"Feature","geometry":{"type":"Point","coordinates":[129.801,-20.2569]},"properties":{"d":"2026-09-15","t":"0455","frp":29.4,"b":348.5,"c":1,"s":"SNPP","n":0}},{"type":"Feature","geometry":{"type":"Point","coordinates":[129.7442,-20.2568]},"properties":{"d":"2026-09-15","t":"0455","frp":71.0,"b":367.0,"c":0,"s":"SNPP","n":0}},{"type":"Feature","geometry":{"type":"Point","coordinates":[129.7489,-20.2562]},"properties":{"d":"2026-09-15","t":"0455","frp":18.2,"b":367.0,"c":2,"s":"SNPP","n":0}},{"type":"Feature","geometry":{"type":"Point","coordinates":[129.7536,-20.2556]},"properties":{"d":"2026-09-15","t":"0455","frp":18.2,"b":354.9,"c":1,"s":"SNPP","n":0}},{"type":"Feature","geometry":{"type":"Point","coordinates":[129.8005,-20.2532]},"properties":{"d":"2026-09-15","t":"0455","frp":29.4,"b":367.0,"c":2,"s":"SNPP","n":0}},{"type":"Feature","geometry":{"type":"Point","coordinates":[129.753,-20.2519]},"properties":{"d":"2026-09-15","t":"0455","frp":18.2,"b":354.9,"c":1,"s":"SNPP","n":0}},{"type":"Feature","geometry":{"type":"Point","coordinates":[129.7907,-20.2507]},"properties":{"d":"2026-09-15","t":"0455","frp":20.0,"b":345.2,"c":0,"s":"SNPP","n":0}},{"type":"Feature","geometry":{"type":"Point","coordinates":[129.7953,-20.2501]},"properties":{"d":"2026-09-15","t":"0455","frp":8.2,"b":344.1,"c":1,"s":"SNPP","n":0}},{"type":"Feature","geometry":{"type":"Point","coordinates":[129.7763,-20.2488]},"properties":{"d":"2026-09-15","t":"0455","frp":27.7,"b":350.4,"c":1,"s":"SNPP","n":0}},{"type":"Feature","geometry":{"type":"Point","coordinates":[129.7809,-20.2482]},"properties":{"d":"2026-09-15","t":"0455","frp":27.7,"b":367.0,"c":2,"s":"SNPP","n":0}},{"type":"Feature","geometry":{"type":"Point","coordinates":[129.7855,-20.2476]},"properties":{"d":"2026-09-15","t":"0455","frp":20.0,"b":357.5,"c":1,"s":"SNPP","n":0}},{"type":"Feature","geometry":{"type":"Point","coordinates":[127.7859,-20.2264]},"properties":{"d":"2026-09-15","t":"0455","frp":5.6,"b":346.6,"c":1,"s":"SNPP","n":0}},{"type":"Feature","geometry":{"type":"Point","coordinates":[127.7902,-20.1413]},"properties":{"d":"2026-09-15","t":"0455","frp":5.5,"b":346.4,"c":0,"s":"SNPP","n":0}},{"type":"Feature","geometry":{"type":"Point","coordinates":[145.5425,-19.6581]},"properties":{"d":"2026-09-15","t":"0455","frp":4.7,"b":342.2,"c":1,"s":"SNPP","n":0}},{"type":"Feature","geometry":{"type":"Point","coordinates":[127.5808,-19.5889]},"properties":{"d":"2026-09-15","t":"0455","frp":87.2,"b":313.1,"c":0,"s":"SNPP","n":0}},{"type":"Feature","geometry":{"type":"Point","coordinates":[127.5848,-19.5884]},"properties":{"d":"2026-09-15","t":"0455","frp":87.2,"b":367.0,"c":2,"s":"SNPP","n":0}},{"type":"Feature","geometry":{"type":"Point","coordinates":[127.5888,-19.5879]},"properties":{"d":"2026-09-15","t":"0455","frp":23.4,"b":356.4,"c":1,"s":"SNPP","n":0}},{"type":"Feature","geometry":{"type":"Point","coordinates":[127.5928,-19.5874]},"properties":{"d":"2026-09-15","t":"0455","frp":23.4,"b":344.7,"c":0,"s":"SNPP","n":0}},{"type":"Feature","geometry":{"type":"Point","coordinates":[127.5803,-19.5847]},"properties":{"d":"2026-09-15","t":"0455","frp":141.6,"b":313.8,"c":0,"s":"SNPP","n":0}},{"type":"Feature","geometry":{"type":"Point","coordinates":[127.5843,-19.5842]},"properties":{"d":"2026-09-15","t":"0455","frp":141.6,"b":367.0,"c":0,"s":"SNPP","n":0}},{"type":"Feature","geometry":{"type":"Point","coordinates":[127.5883,-19.5837]},"properties":{"d":"2026-09-15","t":"0455","frp":125.5,"b":367.0,"c":0,"s":"SNPP","n":0}},{"type":"Feature","geometry":{"type":"Point","coordinates":[127.5922,-19.5832]},"properties":{"d":"2026-09-15","t":"0455","frp":125.5,"b":367.0,"c":0,"s":"SNPP","n":0}},{"type":"Feature","geometry":{"type":"Point","coordinates":[127.5962,-19.5827]},"properties":{"d":"2026-09-15","t":"0455","frp":21.0,"b":349.4,"c":1,"s":"SNPP","n":0}},{"type":"Feature","geometry":{"type":"Point","coordinates":[127.6002,-19.5822]},"properties":{"d":"2026-09-15","t":"0455","frp":21.0,"b":353.2,"c":1,"s":"SNPP","n":0}},{"type":"Feature","geometry":{"type":"Point","coordinates":[127.5917,-19.579]},"properties":{"d":"2026-09-15","t":"0455","frp":125.5,"b":367.0,"c":0,"s":"SNPP","n":0}},{"type":"Feature","geometry":{"type":"Point","coordinates":[127.5957,-19.5785]},"properties":{"d":"2026-09-15","t":"0455","frp":21.0,"b":353.1,"c":1,"s":"SNPP","n":0}},{"type":"Feature","geometry":{"type":"Point","coordinates":[127.5997,-19.578]},"properties":{"d":"2026-09-15","t":"0455","frp":21.0,"b":343.7,"c":1,"s":"SNPP","n":0}},{"type":"Feature","geometry":{"type":"Point","coordinates":[127.6036,-19.5775]},"properties":{"d":"2026-09-15","t":"0455","frp":10.5,"b":352.1,"c":1,"s":"SNPP","n":0}},{"type":"Feature","geometry":{"type":"Point","coordinates":[127.6116,-19.5766]},"properties":{"d":"2026-09-15","t":"0455","frp":7.9,"b":346.8,"c":1,"s":"SNPP","n":0}},{"type":"Feature","geometry":{"type":"Point","coordinates":[127.5951,-19.5743]},"properties":{"d":"2026-09-15","t":"0455","frp":50.6,"b":352.7,"c":1,"s":"SNPP","n":0}},{"type":"Feature","geometry":{"type":"Point","coordinates":[127.5991,-19.5739]},"properties":{"d":"2026-09-15","t":"0455","frp":50.6,"b":367.0,"c":2,"s":"SNPP","n":0}},{"type":"Feature","geometry":{"type":"Point","coordinates":[127.6031,-19.5734]},"properties":{"d":"2026-09-15","t":"0455","frp":65.8,"b":367.0,"c":0,"s":"SNPP","n":0}},{"type":"Feature","geometry":{"type":"Point","coordinates":[127.6071,-19.5729]},"properties":{"d":"2026-09-15","t":"0455","frp":65.8,"b":367.0,"c":2,"s":"SNPP","n":0}},{"type":"Feature","geometry":{"type":"Point","coordinates":[127.611,-19.5724]},"properties":{"d":"2026-09-15","t":"0455","frp":18.1,"b":351.1,"c":1,"s":"SNPP","n":0}},{"type":"Feature","geometry":{"type":"Point","coordinates":[127.6025,-19.5692]},"properties":{"d":"2026-09-15","t":"0455","frp":65.8,"b":340.5,"c":1,"s":"SNPP","n":0}},{"type":"Feature","geometry":{"type":"Point","coordinates":[127.6065,-19.5687]},"properties":{"d":"2026-09-15","t":"0455","frp":65.8,"b":351.5,"c":1,"s":"SNPP","n":0}},{"type":"Feature","geometry":{"type":"Point","coordinates":[127.6105,-19.5682]},"properties":{"d":"2026-09-15","t":"0455","frp":18.1,"b":367.0,"c":2,"s":"SNPP","n":0}},{"type":"Feature","geometry":{"type":"Point","coordinates":[127.6144,-19.5677]},"properties":{"d":"2026-09-15","t":"0455","frp":18.1,"b":367.0,"c":2,"s":"SNPP","n":0}},{"type":"Feature","geometry":{"type":"Point","coordinates":[127.6184,-19.5672]},"properties":{"d":"2026-09-15","t":"0455","frp":9.4,"b":351.1,"c":1,"s":"SNPP","n":0}},{"type":"Feature","geometry":{"type":"Point","coordinates":[127.6224,-19.5667]},"properties":{"d":"2026-09-15","t":"0455","frp":9.4,"b":367.0,"c":2,"s":"SNPP","n":0}},{"type":"Feature","geometry":{"type":"Point","coordinates":[127.6264,-19.5663]},"properties":{"d":"2026-09-15","t":"0455","frp":7.0,"b":352.2,"c":1,"s":"SNPP","n":0}},{"type":"Feature","geometry":{"type":"Point","coordinates":[127.6303,-19.5658]},"properties":{"d":"2026-09-15","t":"0455","frp":7.0,"b":352.8,"c":1,"s":"SNPP","n":0}},{"type":"Feature","geometry":{"type":"Point","coordinates":[127.6343,-19.5653]},"properties":{"d":"2026-09-15","t":"0455","frp":10.0,"b":348.1,"c":1,"s":"SNPP","n":0}},{"type":"Feature","geometry":{"type":"Point","coordinates":[127.6382,-19.5648]},"properties":{"d":"2026-09-15","t":"0455","frp":10.0,"b":346.7,"c":0,"s":"SNPP","n":0}},{"type":"Feature","geometry":{"type":"Point","coordinates":[146.8344,-19.3656]},"properties":{"d":"2026-09-15","t":"0455","frp":4.6,"b":332.4,"c":1,"s":"SNPP","n":0}},{"type":"Feature","geometry":{"type":"Point","coordinates":[146.8307,-19.3634]},"properties":{"d":"2026-09-15","t":"0455","frp":3.1,"b":331.0,"c":1,"s":"SNPP","n":0}},{"type":"Feature","geometry":{"type":"Point","coordinates":[131.1291,-18.8341]},"properties":{"d":"2026-09-15","t":"0455","frp":9.3,"b":348.0,"c":1,"s":"SNPP","n":0}},{"type":"Feature","geometry":{"type":"Point","coordinates":[131.133,-18.8336]},"properties":{"d":"2026-09-15","t":"0455","frp":9.3,"b":355.1,"c":1,"s":"SNPP","n":0}},{"type":"Feature","geometry":{"type":"Point","coordinates":[131.137,-18.833]},"properties":{"d":"2026-09-15","t":"0455","frp":7.4,"b":344.8,"c":0,"s":"SNPP","n":0}},{"type":"Feature","geometry":{"type":"Point","coordinates":[131.1116,-18.8237]},"properties":{"d":"2026-09-15","t":"0455","frp":2.9,"b":339.2,"c":1,"s":"SNPP","n":0}},{"type":"Feature","geometry":{"type":"Point","coordinates":[131.1032,-18.8214]},"properties":{"d":"2026-09-15","t":"0455","frp":10.9,"b":345.5,"c":1,"s":"SNPP","n":0}},{"type":"Feature","geometry":{"type":"Point","coordinates":[131.1072,-18.8209]},"properties":{"d":"2026-09-15","t":"0455","frp":10.9,"b":367.0,"c":2,"s":"SNPP","n":0}},{"type":"Feature","geometry":{"type":"Point","coordinates":[131.0831,-18.8208]},"properties":{"d":"2026-09-15","t":"0455","frp":3.4,"b":341.1,"c":0,"s":"SNPP","n":0}},{"type":"Feature","geometry":{"type":"Point","coordinates":[131.1111,-18.8203]},"properties":{"d":"2026-09-15","t":"0455","frp":3.8,"b":337.0,"c":1,"s":"SNPP","n":0}},{"type":"Feature","geometry":{"type":"Point","coordinates":[131.0987,-18.8185]},"properties":{"d":"2026-09-15","t":"0455","frp":5.7,"b":340.8,"c":0,"s":"SNPP","n":0}},{"type":"Feature","geometry":{"type":"Point","coordinates":[131.1027,-18.818]},"properties":{"d":"2026-09-15","t":"0455","frp":10.9,"b":343.7,"c":1,"s":"SNPP","n":0}},{"type":"Feature","geometry":{"type":"Point","coordinates":[131.1626,-18.8164]},"properties":{"d":"2026-09-15","t":"0455","frp":6.1,"b":343.4,"c":0,"s":"SNPP","n":0}},{"type":"Feature","geometry":{"type":"Point","coordinates":[131.1179,-18.8123]},"properties":{"d":"2026-09-15","t":"0455","frp":10.8,"b":356.0,"c":1,"s":"SNPP","n":0}},{"type":"Feature","geometry":{"type":"Point","coordinates":[131.1699,-18.8118]},"properties":{"d":"2026-09-15","t":"0455","frp":10.7,"b":346.4,"c":1,"s":"SNPP","n":0}},{"type":"Feature","geometry":{"type":"Point","coordinates":[131.1218,-18.8117]},"properties":{"d":"2026-09-15","t":"0455","frp":10.8,"b":347.2,"c":1,"s":"SNPP","n":0}},{"type":"Feature","geometry":{"type":"Point","coordinates":[131.1213,-18.8083]},"properties":{"d":"2026-09-15","t":"0455","frp":10.8,"b":342.7,"c":0,"s":"SNPP","n":0}},{"type":"Feature","geometry":{"type":"Point","coordinates":[131.1252,-18.8077]},"properties":{"d":"2026-09-15","t":"0455","frp":6.7,"b":354.1,"c":1,"s":"SNPP","n":0}},{"type":"Feature","geometry":{"type":"Point","coordinates":[131.1291,-18.8071]},"properties":{"d":"2026-09-15","t":"0455","frp":6.7,"b":344.4,"c":0,"s":"SNPP","n":0}},{"type":"Feature","geometry":{"type":"Point","coordinates":[131.1683,-18.8015]},"properties":{"d":"2026-09-15","t":"0455","frp":6.3,"b":341.5,"c":0,"s":"SNPP","n":0}},{"type":"Feature","geometry":{"type":"Point","coordinates":[131.1359,-18.7991]},"properties":{"d":"2026-09-15","t":"0455","frp":6.3,"b":347.2,"c":1,"s":"SNPP","n":0}},{"type":"Feature","geometry":{"type":"Point","coordinates":[131.1471,-18.794]},"properties":{"d":"2026-09-15","t":"0455","frp":4.5,"b":349.1,"c":1,"s":"SNPP","n":0}},{"type":"Feature","geometry":{"type":"Point","coordinates":[131.151,-18.7934]},"properties":{"d":"2026-09-15","t":"0455","frp":4.5,"b":350.1,"c":1,"s":"SNPP","n":0}},{"type":"Feature","geometry":{"type":"Point","coordinates":[131.1549,-18.7929]},"properties":{"d":"2026-09-15","t":"0455","frp":5.3,"b":344.8,"c":1,"s":"SNPP","n":0}},{"type":"Feature","geometry":{"type":"Point","coordinates":[131.1896,-18.7844]},"properties":{"d":"2026-09-15","t":"0455","frp":7.5,"b":343.2,"c":0,"s":"SNPP","n":0}},{"type":"Feature","geometry":{"type":"Point","coordinates":[131.189,-18.7809]},"properties":{"d":"2026-09-15","t":"0455","frp":8.8,"b":346.7,"c":1,"s":"SNPP","n":0}},{"type":"Feature","geometry":{"type":"Point","coordinates":[131.1846,-18.778]},"properties":{"d":"2026-09-15","t":"0455","frp":8.8,"b":367.0,"c":2,"s":"SNPP","n":0}},{"type":"Feature","geometry":{"type":"Point","coordinates":[131.1723,-18.7763]},"properties":{"d":"2026-09-15","t":"0455","frp":7.4,"b":348.2,"c":1,"s":"SNPP","n":0}},{"type":"Feature","geometry":{"type":"Point","coordinates":[131.1762,-18.7757]},"properties":{"d":"2026-09-15","t":"0455","frp":7.2,"b":367.0,"c":2,"s":"SNPP","n":0}},{"type":"Feature","geometry":{"type":"Point","coordinates":[131.1801,-18.7752]},"properties":{"d":"2026-09-15","t":"0455","frp":7.2,"b":350.4,"c":1,"s":"SNPP","n":0}},{"type":"Feature","geometry":{"type":"Point","coordinates":[131.1639,-18.774]},"properties":{"d":"2026-09-15","t":"0455","frp":8.9,"b":347.6,"c":1,"s":"SNPP","n":0}},{"type":"Feature","geometry":{"type":"Point","coordinates":[131.1678,-18.7734]},"properties":{"d":"2026-09-15","t":"0455","frp":7.4,"b":346.6,"c":1,"s":"SNPP","n":0}},{"type":"Feature","geometry":{"type":"Point","coordinates":[127.9244,-18.4667]},"properties":{"d":"2026-09-15","t":"0455","frp":11.3,"b":367.0,"c":2,"s":"SNPP","n":0}},{"type":"Feature","geometry":{"type":"Point","coordinates":[127.928,-18.4662]},"properties":{"d":"2026-09-15","t":"0455","frp":8.1,"b":345.7,"c":1,"s":"SNPP","n":0}},{"type":"Feature","geometry":{"type":"Point","coordinates":[127.9092,-18.4645]},"properties":{"d":"2026-09-15","t":"0455","frp":17.5,"b":356.3,"c":1,"s":"SNPP","n":0}},{"type":"Feature","geometry":{"type":"Point","coordinates":[127.9129,-18.464]},"properties":{"d":"2026-09-15","t":"0455","frp":30.0,"b":351.6,"c":0,"s":"SNPP","n":0}},{"type":"Feature","geometry":{"type":"Point","coordinates":[127.9165,-18.4636]},"properties":{"d":"2026-09-15","t":"0455","frp":30.0,"b":367.0,"c":2,"s":"SNPP","n":0}},{"type":"Feature","geometry":{"type":"Point","coordinates":[127.9201,-18.4631]},"properties":{"d":"2026-09-15","t":"0455","frp":6.9,"b":349.0,"c":1,"s":"SNPP","n":0}},{"type":"Feature","geometry":{"type":"Point","coordinates":[127.9238,-18.4626]},"properties":{"d":"2026-09-15","t":"0455","frp":6.9,"b":352.4,"c":1,"s":"SNPP","n":0}},{"type":"Feature","geometry":{"type":"Point","coordinates":[127.9274,-18.4622]},"properties":{"d":"2026-09-15","t":"0455","frp":9.5,"b":346.0,"c":1,"s":"SNPP","n":0}},{"type":"Feature","geometry":{"type":"Point","coordinates":[127.9311,-18.4617]},"properties":{"d":"2026-09-15","t":"0455","frp":9.5,"b":367.0,"c":2,"s":"SNPP","n":0}},{"type":"Feature","geometry":{"type":"Point","coordinates":[127.9357,-18.4611]},"properties":{"d":"2026-09-15","t":"0455","frp":10.7,"b":348.5,"c":1,"s":"SNPP","n":0}},{"type":"Feature","geometry":{"type":"Point","coordinates":[127.9086,-18.4605]},"properties":{"d":"2026-09-15","t":"0455","frp":17.5,"b":353.5,"c":1,"s":"SNPP","n":0}},{"type":"Feature","geometry":{"type":"Point","coordinates":[127.9196,-18.4591]},"properties":{"d":"2026-09-15","t":"0455","frp":6.9,"b":346.0,"c":1,"s":"SNPP","n":0}},{"type":"Feature","geometry":{"type":"Point","coordinates":[127.9351,-18.4571]},"properties":{"d":"2026-09-15","t":"0455","frp":10.7,"b":345.9,"c":1,"s":"SNPP","n":0}},{"type":"Feature","geometry":{"type":"Point","coordinates":[137.8046,-18.391]},"properties":{"d":"2026-09-15","t":"0455","frp":13.5,"b":353.8,"c":1,"s":"SNPP","n":0}},{"type":"Feature","geometry":{"type":"Point","coordinates":[137.8314,-18.3903]},"properties":{"d":"2026-09-15","t":"0455","frp":6.9,"b":347.3,"c":1,"s":"SNPP","n":0}},{"type":"Feature","geometry":{"type":"Point","coordinates":[137.8098,-18.3901]},"properties":{"d":"2026-09-15","t":"0455","frp":13.5,"b":367.0,"c":2,"s":"SNPP","n":0}},{"type":"Feature","geometry":{"type":"Point","coordinates":[137.8366,-18.3894]},"properties":{"d":"2026-09-15","t":"0455","frp":6.4,"b":343.8,"c":1,"s":"SNPP","n":0}},{"type":"Feature","geometry":{"type":"Point","coordinates":[137.815,-18.3891]},"properties":{"d":"2026-09-15","t":"0455","frp":12.0,"b":357.0,"c":1,"s":"SNPP","n":0}},{"type":"Feature","geometry":{"type":"Point","coordinates":[137.8202,-18.3882]},"properties":{"d":"2026-09-15","t":"0455","frp":12.0,"b":339.9,"c":0,"s":"SNPP","n":0}},{"type":"Feature","geometry":{"type":"Point","coordinates":[137.7987,-18.388]},"properties":{"d":"2026-09-15","t":"0455","frp":7.8,"b":350.4,"c":1,"s":"SNPP","n":0}},{"type":"Feature","geometry":{"type":"Point","coordinates":[137.8254,-18.3873]},"properties":{"d":"2026-09-15","t":"0455","frp":5.9,"b":342.6,"c":1,"s":"SNPP","n":0}},{"type":"Feature","geometry":{"type":"Point","coordinates":[137.7609,-18.3866]},"properties":{"d":"2026-09-15","t":"0455","frp":2.6,"b":336.6,"c":0,"s":"SNPP","n":0}},{"type":"Feature","geometry":{"type":"Point","coordinates":[137.8306,-18.3864]},"properties":{"d":"2026-09-15","t":"0455","frp":5.9,"b":341.1,"c":0,"s":"SNPP","n":0}},{"type":"Feature","geometry":{"type":"Point","coordinates":[137.7875,-18.3859]},"properties":{"d":"2026-09-15","t":"0455","frp":18.9,"b":339.7,"c":0,"s":"SNPP","n":0}},{"type":"Feature","geometry":{"type":"Point","coordinates":[137.7927,-18.385]},"properties":{"d":"2026-09-15","t":"0455","frp":5.7,"b":338.0,"c":0,"s":"SNPP","n":0}},{"type":"Feature","geometry":{"type":"Point","coordinates":[137.7499,-18.3846]},"properties":{"d":"2026-09-15","t":"0455","frp":58.6,"b":345.0,"c":0,"s":"SNPP","n":0}},{"type":"Feature","geometry":{"type":"Point","coordinates":[137.841,-18.3845]},"properties":{"d":"2026-09-15","t":"0455","frp":8.6,"b":344.9,"c":1,"s":"SNPP","n":0}},{"type":"Feature","geometry":{"type":"Point","coordinates":[137.8031,-18.3832]},"properties":{"d":"2026-09-15","t":"0455","frp":9.2,"b":342.7,"c":0,"s":"SNPP","n":0}},{"type":"Feature","geometry":{"type":"Point","coordinates":[137.7815,-18.383]},"properties":{"d":"2026-09-15","t":"0455","frp":18.9,"b":349.4,"c":1,"s":"SNPP","n":0}},{"type":"Feature","geometry":{"type":"Point","coordinates":[146.2547,-18.3827]},"properties":{"d":"2026-09-15","t":"0455","frp":3.0,"b":328.8,"c":1,"s":"SNPP","n":0}},{"type":"Feature","geometry":{"type":"Point","coordinates":[137.8135,-18.3813]},"properties":{"d":"2026-09-15","t":"0455","frp":6.1,"b":340.0,"c":0,"s":"SNPP","n":0}},{"type":"Feature","geometry":{"type":"Point","coordinates":[146.2556,-18.38]},"properties":{"d":"2026-09-15","t":"0455","frp":4.9,"b":334.9,"c":1,"s":"SNPP","n":0}},{"type":"Feature","geometry":{"type":"Point","coordinates":[137.8453,-18.3797]},"properties":{"d":"2026-09-15","t":"0455","frp":11.2,"b":350.3,"c":1,"s":"SNPP","n":0}},{"type":"Feature","geometry":{"type":"Point","coordinates":[137.8446,-18.3758]},"properties":{"d":"2026-09-15","t":"0455","frp":4.7,"b":338.4,"c":0,"s":"SNPP","n":0}},{"type":"Feature","geometry":{"type":"Point","coordinates":[137.8655,-18.372]},"properties":{"d":"2026-09-15","t":"0455","frp":3.2,"b":336.0,"c":0,"s":"SNPP","n":0}},{"type":"Feature","geometry":{"type":"Point","coordinates":[146.2487,-18.3702]},"properties":{"d":"2026-09-15","t":"0455","frp":9.4,"b":331.9,"c":1,"s":"SNPP","n":0}},{"type":"Feature","geometry":{"type":"Point","coordinates":[137.8699,-18.3672]},"properties":{"d":"2026-09-15","t":"0455","frp":3.2,"b":335.7,"c":0,"s":"SNPP","n":0}},{"type":"Feature","geometry":{"type":"Point","coordinates":[137.8752,-18.3662]},"properties":{"d":"2026-09-15","t":"0455","frp":8.7,"b":352.2,"c":1,"s":"SNPP","n":0}},{"type":"Feature","geometry":{"type":"Point","coordinates":[137.8692,-18.3633]},"properties":{"d":"2026-09-15","t":"0455","frp":13.0,"b":356.3,"c":1,"s":"SNPP","n":0}},{"type":"Feature","geometry":{"type":"Point","coordinates":[137.8744,-18.3623]},"properties":{"d":"2026-09-15","t":"0455","frp":7.7,"b":350.1,"c":1,"s":"SNPP","n":0}},{"type":"Feature","geometry":{"type":"Point","coordinates":[137.8796,-18.3614]},"properties":{"d":"2026-09-15","t":"0455","frp":7.7,"b":344.4,"c":1,"s":"SNPP","n":0}},{"type":"Feature","geometry":{"type":"Point","coordinates":[137.8893,-18.3556]},"properties":{"d":"2026-09-15","t":"0455","frp":7.0,"b":343.3,"c":1,"s":"SNPP","n":0}},{"type":"Feature","geometry":{"type":"Point","coordinates":[137.8885,-18.3516]},"properties":{"d":"2026-09-15","t":"0455","frp":6.6,"b":341.9,"c":0,"s":"SNPP","n":0}},{"type":"Feature","geometry":{"type":"Point","coordinates":[137.8937,-18.3507]},"properties":{"d":"2026-09-15","t":"0455","frp":13.9,"b":351.7,"c":1,"s":"SNPP","n":0}},{"type":"Feature","geometry":{"type":"Point","coordinates":[137.8982,-18.3458]},"properties":{"d":"2026-09-15","t":"0455","frp":13.9,"b":349.6,"c":1,"s":"SNPP","n":0}},{"type":"Feature","geometry":{"type":"Point","coordinates":[137.9019,-18.337]},"properties":{"d":"2026-09-15","t":"0455","frp":4.9,"b":337.5,"c":0,"s":"SNPP","n":0}},{"type":"Feature","geometry":{"type":"Point","coordinates":[137.9041,-18.3203]},"properties":{"d":"2026-09-15","t":"0455","frp":6.1,"b":340.2,"c":0,"s":"SNPP","n":0}},{"type":"Feature","geometry":{"type":"Point","coordinates":[137.9033,-18.3164]},"properties":{"d":"2026-09-15","t":"0455","frp":5.8,"b":349.3,"c":1,"s":"SNPP","n":0}},{"type":"Feature","geometry":{"type":"Point","coordinates":[130.8726,-18.3157]},"properties":{"d":"2026-09-15","t":"0455","frp":3.7,"b":339.4,"c":0,"s":"SNPP","n":0}},{"type":"Feature","geometry":{"type":"Point","coordinates":[137.9026,-18.3124]},"properties":{"d":"2026-09-15","t":"0455","frp":5.8,"b":340.1,"c":1,"s":"SNPP","n":0}},{"type":"Feature","geometry":{"type":"Point","coordinates":[130.8721,-18.3122]},"properties":{"d":"2026-09-15","t":"0455","frp":3.7,"b":347.9,"c":1,"s":"SNPP","n":0}},{"type":"Feature","geometry":{"type":"Point","coordinates":[130.8716,-18.3087]},"properties":{"d":"2026-09-15","t":"0455","frp":2.6,"b":337.2,"c":0,"s":"SNPP","n":0}},{"type":"Feature","geometry":{"type":"Point","coordinates":[137.9018,-18.3085]},"properties":{"d":"2026-09-15","t":"0455","frp":8.9,"b":345.5,"c":1,"s":"SNPP","n":0}},{"type":"Feature","geometry":{"type":"Point","coordinates":[130.8671,-18.3058]},"properties":{"d":"2026-09-15","t":"0455","frp":10.0,"b":352.1,"c":1,"s":"SNPP","n":0}},{"type":"Feature","geometry":{"type":"Point","coordinates":[130.8626,-18.3029]},"properties":{"d":"2026-09-15","t":"0455","frp":6.5,"b":349.5,"c":1,"s":"SNPP","n":0}},{"type":"Feature","geometry":{"type":"Point","coordinates":[130.8536,-18.2971]},"properties":{"d":"2026-09-15","t":"0455","frp":4.9,"b":339.4,"c":0,"s":"SNPP","n":0}},{"type":"Feature","geometry":{"type":"Point","coordinates":[130.8491,-18.2942]},"properties":{"d":"2026-09-15","t":"0455","frp":8.1,"b":347.0,"c":1,"s":"SNPP","n":0}},{"type":"Feature","geometry":{"type":"Point","coordinates":[130.8485,-18.2908]},"properties":{"d":"2026-09-15","t":"0455","frp":10.2,"b":346.8,"c":0,"s":"SNPP","n":0}},{"type":"Feature","geometry":{"type":"Point","coordinates":[130.8509,-18.2798]},"properties":{"d":"2026-09-15","t":"0455","frp":7.8,"b":342.2,"c":0,"s":"SNPP","n":0}},{"type":"Feature","geometry":{"type":"Point","coordinates":[130.8503,-18.2763]},"properties":{"d":"2026-09-15","t":"0455","frp":17.7,"b":346.4,"c":1,"s":"SNPP","n":0}},{"type":"Feature","geometry":{"type":"Point","coordinates":[130.8437,-18.2596]},"properties":{"d":"2026-09-15","t":"0455","frp":13.7,"b":349.4,"c":1,"s":"SNPP","n":0}},{"type":"Feature","geometry":{"type":"Point","coordinates":[130.8392,-18.2567]},"properties":{"d":"2026-09-15","t":"0455","frp":5.5,"b":344.1,"c":0,"s":"SNPP","n":0}},{"type":"Feature","geometry":{"type":"Point","coordinates":[130.8431,-18.2561]},"properties":{"d":"2026-09-15","t":"0455","frp":5.5,"b":349.4,"c":1,"s":"SNPP","n":0}},{"type":"Feature","geometry":{"type":"Point","coordinates":[130.8387,-18.2532]},"properties":{"d":"2026-09-15","t":"0455","frp":5.5,"b":347.8,"c":1,"s":"SNPP","n":0}},{"type":"Feature","geometry":{"type":"Point","coordinates":[130.8336,-18.2468]},"properties":{"d":"2026-09-15","t":"0455","frp":12.6,"b":352.5,"c":1,"s":"SNPP","n":0}},{"type":"Feature","geometry":{"type":"Point","coordinates":[146.2957,-18.245]},"properties":{"d":"2026-09-15","t":"0455","frp":9.9,"b":333.9,"c":1,"s":"SNPP","n":0}},{"type":"Feature","geometry":{"type":"Point","coordinates":[130.8291,-18.2439]},"properties":{"d":"2026-09-15","t":"0455","frp":4.7,"b":345.5,"c":0,"s":"SNPP","n":0}},{"type":"Feature","geometry":{"type":"Point","coordinates":[130.8286,-18.2404]},"properties":{"d":"2026-09-15","t":"0455","frp":4.7,"b":348.6,"c":1,"s":"SNPP","n":0}},{"type":"Feature","geometry":{"type":"Point","coordinates":[130.8196,-18.2346]},"properties":{"d":"2026-09-15","t":"0455","frp":10.4,"b":341.6,"c":0,"s":"SNPP","n":0}},{"type":"Feature","geometry":{"type":"Point","coordinates":[130.8236,-18.2341]},"properties":{"d":"2026-09-15","t":"0455","frp":10.4,"b":353.1,"c":1,"s":"SNPP","n":0}},{"type":"Feature","geometry":{"type":"Point","coordinates":[130.8151,-18.2317]},"properties":{"d":"2026-09-15","t":"0455","frp":12.8,"b":343.4,"c":0,"s":"SNPP","n":0}},{"type":"Feature","geometry":{"type":"Point","coordinates":[130.8191,-18.2311]},"properties":{"d":"2026-09-15","t":"0455","frp":20.9,"b":354.6,"c":1,"s":"SNPP","n":0}},{"type":"Feature","geometry":{"type":"Point","coordinates":[130.8153,-18.23]},"properties":{"d":"2026-09-15","t":"0455","frp":22.8,"b":356.2,"c":1,"s":"SNPP","n":0}},{"type":"Feature","geometry":{"type":"Point","coordinates":[130.8146,-18.2282]},"properties":{"d":"2026-09-15","t":"0455","frp":12.8,"b":349.8,"c":1,"s":"SNPP","n":0}},{"type":"Feature","geometry":{"type":"Point","coordinates":[130.8108,-18.2272]},"properties":{"d":"2026-09-15","t":"0455","frp":22.8,"b":351.0,"c":1,"s":"SNPP","n":0}},{"type":"Feature","geometry":{"type":"Point","coordinates":[130.8063,-18.2243]},"properties":{"d":"2026-09-15","t":"0455","frp":9.0,"b":353.3,"c":1,"s":"SNPP","n":0}},{"type":"Feature","geometry":{"type":"Point","coordinates":[130.8103,-18.2237]},"properties":{"d":"2026-09-15","t":"0455","frp":5.2,"b":343.6,"c":1,"s":"SNPP","n":0}},{"type":"Feature","geometry":{"type":"Point","coordinates":[130.8018,-18.2214]},"properties":{"d":"2026-09-15","t":"0455","frp":9.0,"b":367.0,"c":2,"s":"SNPP","n":0}},{"type":"Feature","geometry":{"type":"Point","coordinates":[130.7933,-18.219]},"properties":{"d":"2026-09-15","t":"0455","frp":8.5,"b":344.0,"c":0,"s":"SNPP","n":0}},{"type":"Feature","geometry":{"type":"Point","coordinates":[130.7973,-18.2185]},"properties":{"d":"2026-09-15","t":"0455","frp":8.5,"b":352.0,"c":1,"s":"SNPP","n":0}},{"type":"Feature","geometry":{"type":"Point","coordinates":[130.7888,-18.2161]},"properties":{"d":"2026-09-15","t":"0455","frp":7.1,"b":348.8,"c":1,"s":"SNPP","n":0}},{"type":"Feature","geometry":{"type":"Point","coordinates":[130.7843,-18.2132]},"properties":{"d":"2026-09-15","t":"0455","frp":3.6,"b":345.3,"c":1,"s":"SNPP","n":0}},{"type":"Feature","geometry":{"type":"Point","coordinates":[130.7883,-18.2127]},"properties":{"d":"2026-09-15","t":"0455","frp":3.6,"b":337.8,"c":0,"s":"SNPP","n":0}},{"type":"Feature","geometry":{"type":"Point","coordinates":[130.7798,-18.2103]},"properties":{"d":"2026-09-15","t":"0455","frp":8.8,"b":352.3,"c":1,"s":"SNPP","n":0}},{"type":"Feature","geometry":{"type":"Point","coordinates":[130.7713,-18.208]},"properties":{"d":"2026-09-15","t":"0455","frp":3.9,"b":341.2,"c":0,"s":"SNPP","n":0}},{"type":"Feature","geometry":{"type":"Point","coordinates":[130.7753,-18.2074]},"properties":{"d":"2026-09-15","t":"0455","frp":8.1,"b":354.7,"c":1,"s":"SNPP","n":0}},{"type":"Feature","geometry":{"type":"Point","coordinates":[130.7668,-18.2051]},"properties":{"d":"2026-09-15","t":"0455","frp":3.9,"b":349.4,"c":1,"s":"SNPP","n":0}},{"type":"Feature","geometry":{"type":"Point","coordinates":[130.7708,-18.2045]},"properties":{"d":"2026-09-15","t":"0455","frp":3.9,"b":337.9,"c":0,"s":"SNPP","n":0}},{"type":"Feature","geometry":{"type":"Point","coordinates":[130.7623,-18.2022]},"properties":{"d":"2026-09-15","t":"0455","frp":5.5,"b":346.5,"c":0,"s":"SNPP","n":0}},{"type":"Feature","geometry":{"type":"Point","coordinates":[130.7663,-18.2016]},"properties":{"d":"2026-09-15","t":"0455","frp":6.8,"b":347.8,"c":1,"s":"SNPP","n":0}},{"type":"Feature","geometry":{"type":"Point","coordinates":[130.7618,-18.1987]},"properties":{"d":"2026-09-15","t":"0455","frp":5.5,"b":342.2,"c":1,"s":"SNPP","n":0}},{"type":"Feature","geometry":{"type":"Point","coordinates":[130.7527,-18.1929]},"properties":{"d":"2026-09-15","t":"0455","frp":9.2,"b":344.2,"c":1,"s":"SNPP","n":0}},{"type":"Feature","geometry":{"type":"Point","coordinates":[130.7403,-18.1911]},"properties":{"d":"2026-09-15","t":"0455","frp":4.0,"b":346.8,"c":1,"s":"SNPP","n":0}},{"type":"Feature","geometry":{"type":"Point","coordinates":[130.7033,-18.1892]},"properties":{"d":"2026-09-15","t":"0455","frp":2.9,"b":340.8,"c":0,"s":"SNPP","n":0}},{"type":"Feature","geometry":{"type":"Point","coordinates":[130.7318,-18.1887]},"properties":{"d":"2026-09-15","t":"0455","frp":6.7,"b":342.6,"c":0,"s":"SNPP","n":0}},{"type":"Feature","geometry":{"type":"Point","coordinates":[130.7073,-18.1886]},"properties":{"d":"2026-09-15","t":"0455","frp":6.9,"b":350.8,"c":1,"s":"SNPP","n":0}},{"type":"Feature","geometry":{"type":"Point","coordinates":[130.6923,-18.1117]},"properties":{"d":"2026-09-15","t":"0455","frp":7.6,"b":341.4,"c":0,"s":"SNPP","n":0}},{"type":"Feature","geometry":{"type":"Point","coordinates":[130.6962,-18.1111]},"properties":{"d":"2026-09-15","t":"0455","frp":4.5,"b":345.8,"c":1,"s":"SNPP","n":0}},{"type":"Feature","geometry":{"type":"Point","coordinates":[130.6957,-18.1076]},"properties":{"d":"2026-09-15","t":"0455","frp":4.5,"b":342.7,"c":0,"s":"SNPP","n":0}},{"type":"Feature","geometry":{"type":"Point","coordinates":[130.6997,-18.107]},"properties":{"d":"2026-09-15","t":"0455","frp":4.5,"b":348.6,"c":1,"s":"SNPP","n":0}},{"type":"Feature","geometry":{"type":"Point","coordinates":[130.7037,-18.1065]},"properties":{"d":"2026-09-15","t":"0455","frp":9.3,"b":353.2,"c":1,"s":"SNPP","n":0}},{"type":"Feature","geometry":{"type":"Point","coordinates":[130.6861,-18.0983]},"properties":{"d":"2026-09-15","t":"0455","frp":6.0,"b":343.8,"c":0,"s":"SNPP","n":0}},{"type":"Feature","geometry":{"type":"Point","coordinates":[130.6903,-18.0728]},"properties":{"d":"2026-09-15","t":"0455","frp":5.2,"b":342.6,"c":0,"s":"SNPP","n":0}},{"type":"Feature","geometry":{"type":"Point","coordinates":[130.6943,-18.0723]},"properties":{"d":"2026-09-15","t":"0455","frp":5.2,"b":348.1,"c":1,"s":"SNPP","n":0}},{"type":"Feature","geometry":{"type":"Point","coordinates":[130.6897,-18.0693]},"properties":{"d":"2026-09-15","t":"0455","frp":30.0,"b":355.4,"c":1,"s":"SNPP","n":0}},{"type":"Feature","geometry":{"type":"Point","coordinates":[130.6812,-18.067]},"properties":{"d":"2026-09-15","t":"0455","frp":19.5,"b":351.7,"c":1,"s":"SNPP","n":0}},{"type":"Feature","geometry":{"type":"Point","coordinates":[130.6852,-18.0664]},"properties":{"d":"2026-09-15","t":"0455","frp":19.5,"b":352.7,"c":1,"s":"SNPP","n":0}},{"type":"Feature","geometry":{"type":"Point","coordinates":[130.6767,-18.0641]},"properties":{"d":"2026-09-15","t":"0455","frp":11.2,"b":367.0,"c":2,"s":"SNPP","n":0}},{"type":"Feature","geometry":{"type":"Point","coordinates":[130.6722,-18.0611]},"properties":{"d":"2026-09-15","t":"0455","frp":11.2,"b":350.6,"c":1,"s":"SNPP","n":0}},{"type":"Feature","geometry":{"type":"Point","coordinates":[130.6676,-18.0582]},"properties":{"d":"2026-09-15","t":"0455","frp":89.0,"b":350.5,"c":1,"s":"SNPP","n":0}},{"type":"Feature","geometry":{"type":"Point","coordinates":[137.9751,-18.0521]},"properties":{"d":"2026-09-15","t":"0455","frp":4.8,"b":333.0,"c":0,"s":"SNPP","n":0}},{"type":"Feature","geometry":{"type":"Point","coordinates":[138.9364,-18.0434]},"properties":{"d":"2026-09-15","t":"0455","frp":8.5,"b":338.6,"c":0,"s":"SNPP","n":0}},{"type":"Feature","geometry":{"type":"Point","coordinates":[138.9355,-18.0392]},"properties":{"d":"2026-09-15","t":"0455","frp":8.5,"b":345.7,"c":1,"s":"SNPP","n":0}},{"type":"Feature","geometry":{"type":"Point","coordinates":[138.9306,-18.0358]},"properties":{"d":"2026-09-15","t":"0455","frp":36.0,"b":339.8,"c":1,"s":"SNPP","n":0}},{"type":"Feature","geometry":{"type":"Point","coordinates":[138.9347,-18.035]},"properties":{"d":"2026-09-15","t":"0455","frp":21.1,"b":355.6,"c":1,"s":"SNPP","n":0}},{"type":"Feature","geometry":{"type":"Point","coordinates":[138.9257,-18.0323]},"properties":{"d":"2026-09-15","t":"0455","frp":36.0,"b":367.0,"c":2,"s":"SNPP","n":0}},{"type":"Feature","geometry":{"type":"Point","coordinates":[138.9248,-18.0281]},"properties":{"d":"2026-09-15","t":"0455","frp":87.6,"b":352.5,"c":1,"s":"SNPP","n":0}},{"type":"Feature","geometry":{"type":"Point","coordinates":[138.8617,-18.0269]},"properties":{"d":"2026-09-15","t":"0455","frp":4.3,"b":343.9,"c":1,"s":"SNPP","n":0}},{"type":"Feature","geometry":{"type":"Point","coordinates":[138.8608,-18.0227]},"properties":{"d":"2026-09-15","t":"0455","frp":7.5,"b":349.1,"c":1,"s":"SNPP","n":0}},{"type":"Feature","geometry":{"type":"Point","coordinates":[138.856,-18.0192]},"properties":{"d":"2026-09-15","t":"0455","frp":7.5,"b":367.0,"c":2,"s":"SNPP","n":0}},{"type":"Feature","geometry":{"type":"Point","coordinates":[137.9614,-18.0093]},"properties":{"d":"2026-09-15","t":"0455","frp":6.5,"b":337.5,"c":1,"s":"SNPP","n":0}},{"type":"Feature","geometry":{"type":"Point","coordinates":[137.9668,-18.0084]},"properties":{"d":"2026-09-15","t":"0455","frp":13.7,"b":339.1,"c":1,"s":"SNPP","n":0}},{"type":"Feature","geometry":{"type":"Point","coordinates":[137.9607,-18.0053]},"properties":{"d":"2026-09-15","t":"0455","frp":5.9,"b":340.9,"c":1,"s":"SNPP","n":0}},{"type":"Feature","geometry":{"type":"Point","coordinates":[137.9661,-18.0043]},"properties":{"d":"2026-09-15","t":"0455","frp":6.5,"b":335.2,"c":1,"s":"SNPP","n":0}},{"type":"Feature","geometry":{"type":"Point","coordinates":[130.7717,-17.9922]},"properties":{"d":"2026-09-15","t":"0455","frp":5.2,"b":339.2,"c":0,"s":"SNPP","n":0}},{"type":"Feature","geometry":{"type":"Point","coordinates":[130.779,-17.9876]},"properties":{"d":"2026-09-15","t":"0455","frp":6.2,"b":340.3,"c":0,"s":"SNPP","n":0}},{"type":"Feature","geometry":{"type":"Point","coordinates":[138.9957,-17.9797]},"properties":{"d":"2026-09-15","t":"0455","frp":3.9,"b":341.9,"c":1,"s":"SNPP","n":0}},{"type":"Feature","geometry":{"type":"Point","coordinates":[130.7859,-17.9796]},"properties":{"d":"2026-09-15","t":"0455","frp":22.4,"b":346.8,"c":1,"s":"SNPP","n":0}},{"type":"Feature","geometry":{"type":"Point","coordinates":[139.0035,-17.9751]},"properties":{"d":"2026-09-15","t":"0455","frp":6.5,"b":341.1,"c":0,"s":"SNPP","n":0}},{"type":"Feature","geometry":{"type":"Point","coordinates":[139.003,-17.9739]},"properties":{"d":"2026-09-15","t":"0455","frp":10.8,"b":344.7,"c":0,"s":"SNPP","n":0}},{"type":"Feature","geometry":{"type":"Point","coordinates":[139.0071,-17.9731]},"properties":{"d":"2026-09-15","t":"0455","frp":5.8,"b":342.5,"c":1,"s":"SNPP","n":0}},{"type":"Feature","geometry":{"type":"Point","coordinates":[139.0026,-17.9708]},"properties":{"d":"2026-09-15","t":"0455","frp":6.5,"b":346.7,"c":1,"s":"SNPP","n":0}},{"type":"Feature","geometry":{"type":"Point","coordinates":[139.0022,-17.9697]},"properties":{"d":"2026-09-15","t":"0455","frp":5.3,"b":344.3,"c":1,"s":"SNPP","n":0}},{"type":"Feature","geometry":{"type":"Point","coordinates":[138.9695,-17.955]},"properties":{"d":"2026-09-15","t":"0455","frp":8.5,"b":342.3,"c":1,"s":"SNPP","n":0}},{"type":"Feature","geometry":{"type":"Point","coordinates":[138.9646,-17.9515]},"properties":{"d":"2026-09-15","t":"0455","frp":18.6,"b":367.0,"c":2,"s":"SNPP","n":0}},{"type":"Feature","geometry":{"type":"Point","coordinates":[130.8397,-17.9366]},"properties":{"d":"2026-09-15","t":"0455","frp":8.8,"b":347.5,"c":0,"s":"SNPP","n":0}},{"type":"Feature","geometry":{"type":"Point","coordinates":[130.8229,-17.9319]},"properties":{"d":"2026-09-15","t":"0455","frp":11.4,"b":353.4,"c":1,"s":"SNPP","n":0}},{"type":"Feature","geometry":{"type":"Point","coordinates":[130.8144,-17.9295]},"properties":{"d":"2026-09-15","t":"0455","frp":15.3,"b":352.1,"c":1,"s":"SNPP","n":0}},{"type":"Feature","geometry":{"type":"Point","coordinates":[130.7773,-17.9241]},"properties":{"d":"2026-09-15","t":"0455","frp":5.8,"b":346.8,"c":1,"s":"SNPP","n":0}},{"type":"Feature","geometry":{"type":"Point","coordinates":[130.8055,-17.9237]},"properties":{"d":"2026-09-15","t":"0455","frp":11.3,"b":355.3,"c":1,"s":"SNPP","n":0}},{"type":"Feature","geometry":{"type":"Point","coordinates":[130.7813,-17.9236]},"properties":{"d":"2026-09-15","t":"0455","frp":12.0,"b":354.4,"c":1,"s":"SNPP","n":0}},{"type":"Feature","geometry":{"type":"Point","coordinates":[130.7852,-17.923]},"properties":{"d":"2026-09-15","t":"0455","frp":12.0,"b":351.8,"c":1,"s":"SNPP","n":0}},{"type":"Feature","geometry":{"type":"Point","coordinates":[130.7892,-17.9225]},"properties":{"d":"2026-09-15","t":"0455","frp":30.7,"b":355.2,"c":1,"s":"SNPP","n":0}},{"type":"Feature","geometry":{"type":"Point","coordinates":[130.7931,-17.9219]},"properties":{"d":"2026-09-15","t":"0455","frp":30.7,"b":367.0,"c":0,"s":"SNPP","n":0}},{"type":"Feature","geometry":{"type":"Point","coordinates":[130.7971,-17.9214]},"properties":{"d":"2026-09-15","t":"0455","frp":30.8,"b":355.0,"c":1,"s":"SNPP","n":0}},{"type":"Feature","geometry":{"type":"Point","coordinates":[130.801,-17.9208]},"properties":{"d":"2026-09-15","t":"0455","frp":30.8,"b":353.9,"c":1,"s":"SNPP","n":0}},{"type":"Feature","geometry":{"type":"Point","coordinates":[130.8291,-17.9204]},"properties":{"d":"2026-09-15","t":"0455","frp":10.7,"b":350.1,"c":1,"s":"SNPP","n":0}},{"type":"Feature","geometry":{"type":"Point","coordinates":[130.7808,-17.9201]},"properties":{"d":"2026-09-15","t":"0455","frp":131.9,"b":367.0,"c":2,"s":"SNPP","n":0}},{"type":"Feature","geometry":{"type":"Point","coordinates":[130.7847,-17.9196]},"properties":{"d":"2026-09-15","t":"0455","frp":131.9,"b":367.0,"c":2,"s":"SNPP","n":0}},{"type":"Feature","geometry":{"type":"Point","coordinates":[130.837,-17.9193]},"properties":{"d":"2026-09-15","t":"0455","frp":4.5,"b":347.3,"c":1,"s":"SNPP","n":0}},{"type":"Feature","geometry":{"type":"Point","coordinates":[130.7886,-17.919]},"properties":{"d":"2026-09-15","t":"0455","frp":27.3,"b":355.1,"c":1,"s":"SNPP","n":0}},{"type":"Feature","geometry":{"type":"Point","coordinates":[130.7926,-17.9185]},"properties":{"d":"2026-09-15","t":"0455","frp":27.3,"b":352.0,"c":1,"s":"SNPP","n":0}},{"type":"Feature","geometry":{"type":"Point","coordinates":[138.8231,-17.7039]},"properties":{"d":"2026-09-15","t":"0455","frp":8.4,"b":352.7,"c":1,"s":"SNPP","n":0}},{"type":"Feature","geometry":{"type":"Point","coordinates":[138.8198,-17.6871]},"properties":{"d":"2026-09-15","t":"0455","frp":7.8,"b":344.5,"c":1,"s":"SNPP","n":0}},{"type":"Feature","geometry":{"type":"Point","coordinates":[138.8271,-17.6822]},"properties":{"d":"2026-09-15","t":"0455","frp":3.0,"b":335.1,"c":0,"s":"SNPP","n":0}},{"type":"Feature","geometry":{"type":"Point","coordinates":[138.827,-17.6814]},"properties":{"d":"2026-09-15","t":"0455","frp":8.6,"b":340.0,"c":0,"s":"SNPP","n":0}},{"type":"Feature","geometry":{"type":"Point","coordinates":[138.8263,-17.678]},"properties":{"d":"2026-09-15","t":"0455","frp":3.0,"b":343.4,"c":1,"s":"SNPP","n":0}},{"type":"Feature","geometry":{"type":"Point","coordinates":[138.8052,-17.6775]},"properties":{"d":"2026-09-15","t":"0455","frp":5.6,"b":334.4,"c":1,"s":"SNPP","n":0}},{"type":"Feature","geometry":{"type":"Point","coordinates":[138.8262,-17.6772]},"properties":{"d":"2026-09-15","t":"0455","frp":5.0,"b":343.0,"c":1,"s":"SNPP","n":0}},{"type":"Feature","geometry":{"type":"Point","coordinates":[138.8051,-17.6768]},"properties":{"d":"2026-09-15","t":"0455","frp":3.5,"b":346.6,"c":1,"s":"SNPP","n":0}},{"type":"Feature","geometry":{"type":"Point","coordinates":[138.8092,-17.6767]},"properties":{"d":"2026-09-15","t":"0455","frp":5.6,"b":338.8,"c":1,"s":"SNPP","n":0}},{"type":"Feature","geometry":{"type":"Point","coordinates":[138.8092,-17.676]},"properties":{"d":"2026-09-15","t":"0455","frp":3.5,"b":340.5,"c":1,"s":"SNPP","n":0}},{"type":"Feature","geometry":{"type":"Point","coordinates":[138.8133,-17.676]},"properties":{"d":"2026-09-15","t":"0455","frp":6.2,"b":350.6,"c":1,"s":"SNPP","n":0}},{"type":"Feature","geometry":{"type":"Point","coordinates":[138.8132,-17.6753]},"properties":{"d":"2026-09-15","t":"0455","frp":9.9,"b":344.3,"c":1,"s":"SNPP","n":0}},{"type":"Feature","geometry":{"type":"Point","coordinates":[138.8173,-17.6752]},"properties":{"d":"2026-09-15","t":"0455","frp":6.2,"b":342.3,"c":1,"s":"SNPP","n":0}},{"type":"Feature","geometry":{"type":"Point","coordinates":[138.8214,-17.6745]},"properties":{"d":"2026-09-15","t":"0455","frp":3.3,"b":336.1,"c":0,"s":"SNPP","n":0}},{"type":"Feature","geometry":{"type":"Point","coordinates":[138.8254,-17.6738]},"properties":{"d":"2026-09-15","t":"0455","frp":3.3,"b":346.2,"c":1,"s":"SNPP","n":0}},{"type":"Feature","geometry":{"type":"Point","coordinates":[138.8253,-17.673]},"properties":{"d":"2026-09-15","t":"0455","frp":5.0,"b":349.4,"c":1,"s":"SNPP","n":0}},{"type":"Feature","geometry":{"type":"Point","coordinates":[138.8205,-17.6703]},"properties":{"d":"2026-09-15","t":"0455","frp":3.3,"b":337.2,"c":0,"s":"SNPP","n":0}},{"type":"Feature","geometry":{"type":"Point","coordinates":[138.8246,-17.6696]},"properties":{"d":"2026-09-15","t":"0455","frp":3.3,"b":337.1,"c":1,"s":"SNPP","n":0}},{"type":"Feature","geometry":{"type":"Point","coordinates":[138.8197,-17.6661]},"properties":{"d":"2026-09-15","t":"0455","frp":8.2,"b":347.0,"c":1,"s":"SNPP","n":0}},{"type":"Feature","geometry":{"type":"Point","coordinates":[138.8148,-17.6626]},"properties":{"d":"2026-09-15","t":"0455","frp":9.2,"b":352.5,"c":1,"s":"SNPP","n":0}},{"type":"Feature","geometry":{"type":"Point","coordinates":[130.8746,-17.4596]},"properties":{"d":"2026-09-15","t":"0455","frp":9.8,"b":351.1,"c":1,"s":"SNPP","n":0}},{"type":"Feature","geometry":{"type":"Point","coordinates":[130.8785,-17.4591]},"properties":{"d":"2026-09-15","t":"0455","frp":8.2,"b":367.0,"c":2,"s":"SNPP","n":0}},{"type":"Feature","geometry":{"type":"Point","coordinates":[130.8824,-17.4585]},"properties":{"d":"2026-09-15","t":"0455","frp":8.2,"b":338.9,"c":1,"s":"SNPP","n":0}},{"type":"Feature","geometry":{"type":"Point","coordinates":[130.8741,-17.4562]},"properties":{"d":"2026-09-15","t":"0455","frp":9.8,"b":348.8,"c":1,"s":"SNPP","n":0}},{"type":"Feature","geometry":{"type":"Point","coordinates":[130.8819,-17.455]},"properties":{"d":"2026-09-15","t":"0455","frp":8.2,"b":353.9,"c":1,"s":"SNPP","n":0}},{"type":"Feature","geometry":{"type":"Point","coordinates":[130.8858,-17.4545]},"properties":{"d":"2026-09-15","t":"0455","frp":10.2,"b":367.0,"c":2,"s":"SNPP","n":0}},{"type":"Feature","geometry":{"type":"Point","coordinates":[130.8735,-17.4527]},"properties":{"d":"2026-09-15","t":"0455","frp":8.2,"b":352.8,"c":1,"s":"SNPP","n":0}},{"type":"Feature","geometry":{"type":"Point","coordinates":[130.8891,-17.4505]},"properties":{"d":"2026-09-15","t":"0455","frp":9.7,"b":352.0,"c":1,"s":"SNPP","n":0}},{"type":"Feature","geometry":{"type":"Point","coordinates":[130.8691,-17.4499]},"properties":{"d":"2026-09-15","t":"0455","frp":8.2,"b":350.7,"c":1,"s":"SNPP","n":0}},{"type":"Feature","geometry":{"type":"Point","coordinates":[130.8641,-17.4435]},"properties":{"d":"2026-09-15","t":"0455","frp":9.9,"b":353.3,"c":1,"s":"SNPP","n":0}},{"type":"Feature","geometry":{"type":"Point","coordinates":[130.868,-17.443]},"properties":{"d":"2026-09-15","t":"0455","frp":12.3,"b":351.5,"c":1,"s":"SNPP","n":0}},{"type":"Feature","geometry":{"type":"Point","coordinates":[130.8836,-17.4407]},"properties":{"d":"2026-09-15","t":"0455","frp":8.3,"b":346.7,"c":0,"s":"SNPP","n":0}},{"type":"Feature","geometry":{"type":"Point","coordinates":[141.9488,-16.9531]},"properties":{"d":"2026-09-15","t":"0455","frp":5.4,"b":350.7,"c":1,"s":"SNPP","n":0}},{"type":"Feature","geometry":{"type":"Point","coordinates":[141.9503,-16.9531]},"properties":{"d":"2026-09-15","t":"0455","frp":5.3,"b":351.1,"c":1,"s":"SNPP","n":0}},{"type":"Feature","geometry":{"type":"Point","coordinates":[136.8674,-16.5449]},"properties":{"d":"2026-09-15","t":"0455","frp":7.5,"b":345.5,"c":1,"s":"SNPP","n":0}},{"type":"Feature","geometry":{"type":"Point","coordinates":[136.8723,-16.544]},"properties":{"d":"2026-09-15","t":"0455","frp":4.2,"b":338.7,"c":1,"s":"SNPP","n":0}},{"type":"Feature","geometry":{"type":"Point","coordinates":[136.8172,-16.5419]},"properties":{"d":"2026-09-15","t":"0455","frp":45.6,"b":341.9,"c":1,"s":"SNPP","n":0}},{"type":"Feature","geometry":{"type":"Point","coordinates":[136.8165,-16.5381]},"properties":{"d":"2026-09-15","t":"0455","frp":45.6,"b":355.7,"c":1,"s":"SNPP","n":0}},{"type":"Feature","geometry":{"type":"Point","coordinates":[136.8212,-16.5373]},"properties":{"d":"2026-09-15","t":"0455","frp":30.9,"b":353.8,"c":1,"s":"SNPP","n":0}},{"type":"Feature","geometry":{"type":"Point","coordinates":[136.811,-16.5352]},"properties":{"d":"2026-09-15","t":"0455","frp":18.3,"b":340.9,"c":1,"s":"SNPP","n":0}},{"type":"Feature","geometry":{"type":"Point","coordinates":[136.8158,-16.5343]},"properties":{"d":"2026-09-15","t":"0455","frp":18.3,"b":352.8,"c":1,"s":"SNPP","n":0}},{"type":"Feature","geometry":{"type":"Point","coordinates":[136.8205,-16.5334]},"properties":{"d":"2026-09-15","t":"0455","frp":6.1,"b":352.2,"c":1,"s":"SNPP","n":0}},{"type":"Feature","geometry":{"type":"Point","coordinates":[136.8253,-16.5326]},"properties":{"d":"2026-09-15","t":"0455","frp":6.1,"b":340.4,"c":1,"s":"SNPP","n":0}},{"type":"Feature","geometry":{"type":"Point","coordinates":[136.8301,-16.5317]},"properties":{"d":"2026-09-15","t":"0455","frp":6.9,"b":335.3,"c":0,"s":"SNPP","n":0}},{"type":"Feature","geometry":{"type":"Point","coordinates":[136.8103,-16.5313]},"properties":{"d":"2026-09-15","t":"0455","frp":18.3,"b":346.4,"c":1,"s":"SNPP","n":0}},{"type":"Feature","geometry":{"type":"Point","coordinates":[136.8799,-16.5308]},"properties":{"d":"2026-09-15","t":"0455","frp":6.8,"b":337.7,"c":1,"s":"SNPP","n":0}},{"type":"Feature","geometry":{"type":"Point","coordinates":[136.8151,-16.5305]},"properties":{"d":"2026-09-15","t":"0455","frp":18.3,"b":344.2,"c":1,"s":"SNPP","n":0}},{"type":"Feature","geometry":{"type":"Point","coordinates":[136.8848,-16.5299]},"properties":{"d":"2026-09-15","t":"0455","frp":6.8,"b":341.3,"c":1,"s":"SNPP","n":0}},{"type":"Feature","geometry":{"type":"Point","coordinates":[136.8066,-16.5299]},"properties":{"d":"2026-09-15","t":"0455","frp":5.3,"b":344.9,"c":1,"s":"SNPP","n":0}},{"type":"Feature","geometry":{"type":"Point","coordinates":[136.8198,-16.5297]},"properties":{"d":"2026-09-15","t":"0455","frp":6.1,"b":334.1,"c":0,"s":"SNPP","n":0}},{"type":"Feature","geometry":{"type":"Point","coordinates":[136.8446,-16.5292]},"properties":{"d":"2026-09-15","t":"0455","frp":3.6,"b":333.8,"c":0,"s":"SNPP","n":0}},{"type":"Feature","geometry":{"type":"Point","coordinates":[136.8114,-16.5291]},"properties":{"d":"2026-09-15","t":"0455","frp":5.5,"b":335.6,"c":0,"s":"SNPP","n":0}},{"type":"Feature","geometry":{"type":"Point","coordinates":[136.8048,-16.5284]},"properties":{"d":"2026-09-15","t":"0455","frp":5.2,"b":346.0,"c":1,"s":"SNPP","n":0}},{"type":"Feature","geometry":{"type":"Point","coordinates":[136.8162,-16.5282]},"properties":{"d":"2026-09-15","t":"0455","frp":5.5,"b":337.8,"c":0,"s":"SNPP","n":0}},{"type":"Feature","geometry":{"type":"Point","coordinates":[136.8144,-16.5267]},"properties":{"d":"2026-09-15","t":"0455","frp":10.3,"b":336.9,"c":0,"s":"SNPP","n":0}},{"type":"Feature","geometry":{"type":"Point","coordinates":[136.8841,-16.5261]},"properties":{"d":"2026-09-15","t":"0455","frp":6.8,"b":339.1,"c":1,"s":"SNPP","n":0}},{"type":"Feature","geometry":{"type":"Point","coordinates":[136.8059,-16.5261]},"properties":{"d":"2026-09-15","t":"0455","frp":5.3,"b":335.1,"c":0,"s":"SNPP","n":0}},{"type":"Feature","geometry":{"type":"Point","coordinates":[136.8439,-16.5254]},"properties":{"d":"2026-09-15","t":"0455","frp":3.6,"b":331.8,"c":0,"s":"SNPP","n":0}},{"type":"Feature","geometry":{"type":"Point","coordinates":[136.804,-16.5246]},"properties":{"d":"2026-09-15","t":"0455","frp":5.2,"b":336.3,"c":0,"s":"SNPP","n":0}},{"type":"Feature","geometry":{"type":"Point","coordinates":[136.81,-16.5215]},"properties":{"d":"2026-09-15","t":"0455","frp":7.1,"b":345.8,"c":1,"s":"SNPP","n":0}},{"type":"Feature","geometry":{"type":"Point","coordinates":[136.8081,-16.5199]},"properties":{"d":"2026-09-15","t":"0455","frp":6.4,"b":342.4,"c":1,"s":"SNPP","n":0}},{"type":"Feature","geometry":{"type":"Point","coordinates":[136.9077,-16.5086]},"properties":{"d":"2026-09-15","t":"0455","frp":2.4,"b":334.9,"c":1,"s":"SNPP","n":0}},{"type":"Feature","geometry":{"type":"Point","coordinates":[136.8958,-16.4988]},"properties":{"d":"2026-09-15","t":"0455","frp":5.3,"b":344.3,"c":1,"s":"SNPP","n":0}},{"type":"Feature","geometry":{"type":"Point","coordinates":[136.8804,-16.4975]},"properties":{"d":"2026-09-15","t":"0455","frp":2.8,"b":334.0,"c":1,"s":"SNPP","n":0}},{"type":"Feature","geometry":{"type":"Point","coordinates":[136.8853,-16.4967]},"properties":{"d":"2026-09-15","t":"0455","frp":9.3,"b":367.0,"c":2,"s":"SNPP","n":0}},{"type":"Feature","geometry":{"type":"Point","coordinates":[136.8902,-16.4958]},"properties":{"d":"2026-09-15","t":"0455","frp":9.3,"b":345.1,"c":1,"s":"SNPP","n":0}},{"type":"Feature","geometry":{"type":"Point","coordinates":[136.8797,-16.4937]},"properties":{"d":"2026-09-15","t":"0455","frp":3.8,"b":333.5,"c":1,"s":"SNPP","n":0}},{"type":"Feature","geometry":{"type":"Point","coordinates":[144.7967,-15.6702]},"properties":{"d":"2026-09-15","t":"0455","frp":7.1,"b":331.9,"c":1,"s":"SNPP","n":0}},{"type":"Feature","geometry":{"type":"Point","coordinates":[123.7393,-17.8053]},"properties":{"d":"2026-09-15","t":"0457","frp":50.1,"b":208.0,"c":0,"s":"SNPP","n":0}},{"type":"Feature","geometry":{"type":"Point","coordinates":[123.7427,-17.8049]},"properties":{"d":"2026-09-15","t":"0457","frp":50.1,"b":367.0,"c":2,"s":"SNPP","n":0}},{"type":"Feature","geometry":{"type":"Point","coordinates":[123.746,-17.8045]},"properties":{"d":"2026-09-15","t":"0457","frp":107.5,"b":367.0,"c":2,"s":"SNPP","n":0}},{"type":"Feature","geometry":{"type":"Point","coordinates":[123.7321,-17.8008]},"properties":{"d":"2026-09-15","t":"0457","frp":14.4,"b":367.0,"c":2,"s":"SNPP","n":0}},{"type":"Feature","geometry":{"type":"Point","coordinates":[123.7354,-17.8004]},"properties":{"d":"2026-09-15","t":"0457","frp":14.4,"b":348.8,"c":1,"s":"SNPP","n":0}},{"type":"Feature","geometry":{"type":"Point","coordinates":[123.7387,-17.8]},"properties":{"d":"2026-09-15","t":"0457","frp":50.1,"b":342.1,"c":1,"s":"SNPP","n":0}},{"type":"Feature","geometry":{"type":"Point","coordinates":[123.7421,-17.7996]},"properties":{"d":"2026-09-15","t":"0457","frp":50.1,"b":334.1,"c":1,"s":"SNPP","n":0}},{"type":"Feature","geometry":{"type":"Point","coordinates":[123.8584,-17.7603]},"properties":{"d":"2026-09-15","t":"0457","frp":11.6,"b":356.8,"c":0,"s":"SNPP","n":0}},{"type":"Feature","geometry":{"type":"Point","coordinates":[123.8617,-17.76]},"properties":{"d":"2026-09-15","t":"0457","frp":16.3,"b":367.0,"c":2,"s":"SNPP","n":0}},{"type":"Feature","geometry":{"type":"Point","coordinates":[123.865,-17.7596]},"properties":{"d":"2026-09-15","t":"0457","frp":16.3,"b":347.8,"c":1,"s":"SNPP","n":0}},{"type":"Feature","geometry":{"type":"Point","coordinates":[130.707,-17.4591]},"properties":{"d":"2026-09-15","t":"0457","frp":5.6,"b":341.4,"c":0,"s":"SNPP","n":0}},{"type":"Feature","geometry":{"type":"Point","coordinates":[130.7065,-17.4556]},"properties":{"d":"2026-09-15","t":"0457","frp":6.5,"b":337.1,"c":0,"s":"SNPP","n":0}},{"type":"Feature","geometry":{"type":"Point","coordinates":[130.6981,-17.4533]},"properties":{"d":"2026-09-15","t":"0457","frp":13.7,"b":354.0,"c":1,"s":"SNPP","n":0}},{"type":"Feature","geometry":{"type":"Point","coordinates":[130.6898,-17.451]},"properties":{"d":"2026-09-15","t":"0457","frp":6.5,"b":347.7,"c":1,"s":"SNPP","n":0}},{"type":"Feature","geometry":{"type":"Point","coordinates":[130.6173,-17.4507]},"properties":{"d":"2026-09-15","t":"0457","frp":5.7,"b":349.1,"c":1,"s":"SNPP","n":0}},{"type":"Feature","geometry":{"type":"Point","coordinates":[130.6212,-17.4501]},"properties":{"d":"2026-09-15","t":"0457","frp":4.5,"b":338.8,"c":0,"s":"SNPP","n":0}},{"type":"Feature","geometry":{"type":"Point","coordinates":[130.5806,-17.4488]},"properties":{"d":"2026-09-15","t":"0457","frp":8.1,"b":349.4,"c":1,"s":"SNPP","n":0}},{"type":"Feature","geometry":{"type":"Point","coordinates":[130.5885,-17.4477]},"properties":{"d":"2026-09-15","t":"0457","frp":3.3,"b":349.9,"c":1,"s":"SNPP","n":0}},{"type":"Feature","geometry":{"type":"Point","coordinates":[130.5925,-17.4471]},"properties":{"d":"2026-09-15","t":"0457","frp":3.3,"b":341.9,"c":0,"s":"SNPP","n":0}},{"type":"Feature","geometry":{"type":"Point","coordinates":[130.6207,-17.4467]},"properties":{"d":"2026-09-15","t":"0457","frp":6.2,"b":347.2,"c":1,"s":"SNPP","n":0}},{"type":"Feature","geometry":{"type":"Point","coordinates":[130.8481,-17.4424]},"properties":{"d":"2026-09-15","t":"0457","frp":8.2,"b":349.9,"c":1,"s":"SNPP","n":0}},{"type":"Feature","geometry":{"type":"Point","coordinates":[130.8519,-17.4418]},"properties":{"d":"2026-09-15","t":"0457","frp":9.4,"b":367.0,"c":2,"s":"SNPP","n":0}},{"type":"Feature","geometry":{"type":"Point","coordinates":[130.6077,-17.4414]},"properties":{"d":"2026-09-15","t":"0457","frp":46.9,"b":337.9,"c":0,"s":"SNPP","n":0}},{"type":"Feature","geometry":{"type":"Point","coordinates":[130.8752,-17.4384]},"properties":{"d":"2026-09-15","t":"0457","frp":5.8,"b":343.3,"c":0,"s":"SNPP","n":0}},{"type":"Feature","geometry":{"type":"Point","coordinates":[130.8514,-17.4383]},"properties":{"d":"2026-09-15","t":"0457","frp":9.4,"b":342.2,"c":1,"s":"SNPP","n":0}},{"type":"Feature","geometry":{"type":"Point","coordinates":[130.8791,-17.4379]},"properties":{"d":"2026-09-15","t":"0457","frp":5.8,"b":352.7,"c":1,"s":"SNPP","n":0}},{"type":"Feature","geometry":{"type":"Point","coordinates":[130.583,-17.4378]},"properties":{"d":"2026-09-15","t":"0457","frp":9.9,"b":349.9,"c":1,"s":"SNPP","n":0}},{"type":"Feature","geometry":{"type":"Point","coordinates":[130.883,-17.4373]},"properties":{"d":"2026-09-15","t":"0457","frp":12.8,"b":356.6,"c":1,"s":"SNPP","n":0}},{"type":"Feature","geometry":{"type":"Point","coordinates":[130.6433,-17.4364]},"properties":{"d":"2026-09-15","t":"0457","frp":5.0,"b":341.8,"c":0,"s":"SNPP","n":0}},{"type":"Feature","geometry":{"type":"Point","coordinates":[130.5784,-17.4349]},"properties":{"d":"2026-09-15","t":"0457","frp":9.9,"b":348.6,"c":1,"s":"SNPP","n":0}},{"type":"Feature","geometry":{"type":"Point","coordinates":[130.8509,-17.4349]},"properties":{"d":"2026-09-15","t":"0457","frp":11.0,"b":346.3,"c":1,"s":"SNPP","n":0}},{"type":"Feature","geometry":{"type":"Point","coordinates":[130.8786,-17.4344]},"properties":{"d":"2026-09-15","t":"0457","frp":5.8,"b":346.1,"c":0,"s":"SNPP","n":0}},{"type":"Feature","geometry":{"type":"Point","coordinates":[130.6349,-17.434]},"properties":{"d":"2026-09-15","t":"0457","frp":23.9,"b":346.3,"c":0,"s":"SNPP","n":0}},{"type":"Feature","geometry":{"type":"Point","coordinates":[130.6388,-17.4334]},"properties":{"d":"2026-09-15","t":"0457","frp":23.9,"b":354.6,"c":1,"s":"SNPP","n":0}},{"type":"Feature","geometry":{"type":"Point","coordinates":[130.57,-17.4325]},"properties":{"d":"2026-09-15","t":"0457","frp":24.3,"b":348.0,"c":1,"s":"SNPP","n":0}},{"type":"Feature","geometry":{"type":"Point","coordinates":[130.5739,-17.432]},"properties":{"d":"2026-09-15","t":"0457","frp":24.3,"b":351.9,"c":1,"s":"SNPP","n":0}},{"type":"Feature","geometry":{"type":"Point","coordinates":[130.5734,-17.4285]},"properties":{"d":"2026-09-15","t":"0457","frp":24.3,"b":367.0,"c":2,"s":"SNPP","n":0}},{"type":"Feature","geometry":{"type":"Point","coordinates":[130.5813,-17.4274]},"properties":{"d":"2026-09-15","t":"0457","frp":6.9,"b":336.8,"c":0,"s":"SNPP","n":0}},{"type":"Feature","geometry":{"type":"Point","coordinates":[130.6293,-17.4242]},"properties":{"d":"2026-09-15","t":"0457","frp":6.3,"b":350.4,"c":1,"s":"SNPP","n":0}},{"type":"Feature","geometry":{"type":"Point","coordinates":[130.6249,-17.4213]},"properties":{"d":"2026-09-15","t":"0457","frp":6.3,"b":344.4,"c":0,"s":"SNPP","n":0}},{"type":"Feature","geometry":{"type":"Point","coordinates":[130.6006,-17.4211]},"properties":{"d":"2026-09-15","t":"0457","frp":87.8,"b":356.1,"c":1,"s":"SNPP","n":0}},{"type":"Feature","geometry":{"type":"Point","coordinates":[130.6046,-17.4206]},"properties":{"d":"2026-09-15","t":"0457","frp":87.8,"b":353.0,"c":1,"s":"SNPP","n":0}},{"type":"Feature","geometry":{"type":"Point","coordinates":[130.6085,-17.42]},"properties":{"d":"2026-09-15","t":"0457","frp":7.0,"b":349.2,"c":1,"s":"SNPP","n":0}},{"type":"Feature","geometry":{"type":"Point","coordinates":[130.8604,-17.4195]},"properties":{"d":"2026-09-15","t":"0457","frp":4.4,"b":345.7,"c":0,"s":"SNPP","n":0}},{"type":"Feature","geometry":{"type":"Point","coordinates":[130.6125,-17.4195]},"properties":{"d":"2026-09-15","t":"0457","frp":7.0,"b":352.0,"c":1,"s":"SNPP","n":0}},{"type":"Feature","geometry":{"type":"Point","coordinates":[130.5882,-17.4193]},"properties":{"d":"2026-09-15","t":"0457","frp":11.4,"b":351.9,"c":1,"s":"SNPP","n":0}},{"type":"Feature","geometry":{"type":"Point","coordinates":[130.6164,-17.4189]},"properties":{"d":"2026-09-15","t":"0457","frp":6.8,"b":349.6,"c":1,"s":"SNPP","n":0}},{"type":"Feature","geometry":{"type":"Point","coordinates":[130.5922,-17.4188]},"properties":{"d":"2026-09-15","t":"0457","frp":26.6,"b":354.8,"c":1,"s":"SNPP","n":0}},{"type":"Feature","geometry":{"type":"Point","coordinates":[130.6204,-17.4183]},"properties":{"d":"2026-09-15","t":"0457","frp":6.8,"b":352.7,"c":1,"s":"SNPP","n":0}},{"type":"Feature","geometry":{"type":"Point","coordinates":[130.5961,-17.4182]},"properties":{"d":"2026-09-15","t":"0457","frp":26.6,"b":348.0,"c":1,"s":"SNPP","n":0}},{"type":"Feature","geometry":{"type":"Point","coordinates":[130.6243,-17.4178]},"properties":{"d":"2026-09-15","t":"0457","frp":2.4,"b":338.5,"c":0,"s":"SNPP","n":0}},{"type":"Feature","geometry":{"type":"Point","coordinates":[130.6001,-17.4176]},"properties":{"d":"2026-09-15","t":"0457","frp":87.8,"b":367.0,"c":2,"s":"SNPP","n":0}},{"type":"Feature","geometry":{"type":"Point","coordinates":[130.604,-17.4171]},"properties":{"d":"2026-09-15","t":"0457","frp":87.8,"b":367.0,"c":2,"s":"SNPP","n":0}},{"type":"Feature","geometry":{"type":"Point","coordinates":[130.608,-17.4165]},"properties":{"d":"2026-09-15","t":"0457","frp":7.0,"b":367.0,"c":2,"s":"SNPP","n":0}},{"type":"Feature","geometry":{"type":"Point","coordinates":[130.6119,-17.416]},"properties":{"d":"2026-09-15","t":"0457","frp":7.0,"b":367.0,"c":2,"s":"SNPP","n":0}},{"type":"Feature","geometry":{"type":"Point","coordinates":[130.8637,-17.4155]},"properties":{"d":"2026-09-15","t":"0457","frp":9.4,"b":349.7,"c":1,"s":"SNPP","n":0}},{"type":"Feature","geometry":{"type":"Point","coordinates":[130.6159,-17.4154]},"properties":{"d":"2026-09-15","t":"0457","frp":6.8,"b":367.0,"c":2,"s":"SNPP","n":0}},{"type":"Feature","geometry":{"type":"Point","coordinates":[130.5916,-17.4153]},"properties":{"d":"2026-09-15","t":"0457","frp":9.6,"b":348.4,"c":1,"s":"SNPP","n":0}},{"type":"Feature","geometry":{"type":"Point","coordinates":[130.6198,-17.4149]},"properties":{"d":"2026-09-15","t":"0457","frp":6.8,"b":337.0,"c":1,"s":"SNPP","n":0}},{"type":"Feature","geometry":{"type":"Point","coordinates":[130.5995,-17.4142]},"properties":{"d":"2026-09-15","t":"0457","frp":10.1,"b":343.2,"c":1,"s":"SNPP","n":0}},{"type":"Feature","geometry":{"type":"Point","coordinates":[130.6035,-17.4136]},"properties":{"d":"2026-09-15","t":"0457","frp":10.1,"b":367.0,"c":2,"s":"SNPP","n":0}},{"type":"Feature","geometry":{"type":"Point","coordinates":[130.704,-17.4136]},"properties":{"d":"2026-09-15","t":"0457","frp":3.5,"b":346.9,"c":1,"s":"SNPP","n":0}},{"type":"Feature","geometry":{"type":"Point","coordinates":[130.6075,-17.4131]},"properties":{"d":"2026-09-15","t":"0457","frp":15.3,"b":367.0,"c":2,"s":"SNPP","n":0}},{"type":"Feature","geometry":{"type":"Point","coordinates":[130.928,-17.3957]},"properties":{"d":"2026-09-15","t":"0457","frp":7.5,"b":345.2,"c":0,"s":"SNPP","n":0}},{"type":"Feature","geometry":{"type":"Point","coordinates":[130.9275,-17.3923]},"properties":{"d":"2026-09-15","t":"0457","frp":7.5,"b":349.8,"c":1,"s":"SNPP","n":0}},{"type":"Feature","geometry":{"type":"Point","coordinates":[130.8954,-17.3898]},"properties":{"d":"2026-09-15","t":"0457","frp":13.4,"b":350.4,"c":1,"s":"SNPP","n":0}},{"type":"Feature","geometry":{"type":"Point","coordinates":[130.9231,-17.3894]},"properties":{"d":"2026-09-15","t":"0457","frp":12.4,"b":355.2,"c":1,"s":"SNPP","n":0}},{"type":"Feature","geometry":{"type":"Point","coordinates":[130.9187,-17.3865]},"properties":{"d":"2026-09-15","t":"0457","frp":16.8,"b":355.0,"c":1,"s":"SNPP","n":0}},{"type":"Feature","geometry":{"type":"Point","coordinates":[130.9065,-17.3847]},"properties":{"d":"2026-09-15","t":"0457","frp":5.3,"b":343.3,"c":0,"s":"SNPP","n":0}},{"type":"Feature","geometry":{"type":"Point","coordinates":[130.9104,-17.3842]},"properties":{"d":"2026-09-15","t":"0457","frp":5.3,"b":354.4,"c":1,"s":"SNPP","n":0}},{"type":"Feature","geometry":{"type":"Point","coordinates":[130.9143,-17.3836]},"properties":{"d":"2026-09-15","t":"0457","frp":9.4,"b":356.9,"c":1,"s":"SNPP","n":0}},{"type":"Feature","geometry":{"type":"Point","coordinates":[128.9009,-17.0504]},"properties":{"d":"2026-09-15","t":"0457","frp":33.5,"b":353.9,"c":1,"s":"SNPP","n":0}},{"type":"Feature","geometry":{"type":"Point","coordinates":[128.9055,-17.0497]},"properties":{"d":"2026-09-15","t":"0457","frp":33.5,"b":355.6,"c":1,"s":"SNPP","n":0}},{"type":"Feature","geometry":{"type":"Point","coordinates":[128.905,-17.046]},"properties":{"d":"2026-09-15","t":"0457","frp":7.3,"b":348.9,"c":1,"s":"SNPP","n":0}},{"type":"Feature","geometry":{"type":"Point","coordinates":[128.9096,-17.0454]},"properties":{"d":"2026-09-15","t":"0457","frp":6.3,"b":342.3,"c":1,"s":"SNPP","n":0}},{"type":"Feature","geometry":{"type":"Point","coordinates":[124.0756,-16.7718]},"properties":{"d":"2026-09-15","t":"0457","frp":3.7,"b":340.8,"c":1,"s":"SNPP","n":0}},{"type":"Feature","geometry":{"type":"Point","coordinates":[123.0236,-16.459]},"properties":{"d":"2026-09-15","t":"0457","frp":4.5,"b":346.4,"c":1,"s":"SNPP","n":0}},{"type":"Feature","geometry":{"type":"Point","coordinates":[123.0272,-16.4586]},"properties":{"d":"2026-09-15","t":"0457","frp":2.0,"b":332.1,"c":1,"s":"SNPP","n":0}},{"type":"Feature","geometry":{"type":"Point","coordinates":[123.0308,-16.4583]},"properties":{"d":"2026-09-15","t":"0457","frp":2.0,"b":343.2,"c":1,"s":"SNPP","n":0}},{"type":"Feature","geometry":{"type":"Point","coordinates":[123.0414,-16.4571]},"properties":{"d":"2026-09-15","t":"0457","frp":7.8,"b":367.0,"c":2,"s":"SNPP","n":0}},{"type":"Feature","geometry":{"type":"Point","coordinates":[128.2437,-16.3903]},"properties":{"d":"2026-09-15","t":"0457","frp":7.8,"b":342.0,"c":0,"s":"SNPP","n":0}},{"type":"Feature","geometry":{"type":"Point","coordinates":[128.2383,-16.3871]},"properties":{"d":"2026-09-15","t":"0457","frp":7.8,"b":349.0,"c":1,"s":"SNPP","n":0}},{"type":"Feature","geometry":{"type":"Point","coordinates":[128.2216,-16.3736]},"properties":{"d":"2026-09-15","t":"0457","frp":35.1,"b":355.9,"c":1,"s":"SNPP","n":0}},{"type":"Feature","geometry":{"type":"Point","coordinates":[130.9551,-16.2684]},"properties":{"d":"2026-09-15","t":"0457","frp":22.1,"b":346.6,"c":1,"s":"SNPP","n":0}},{"type":"Feature","geometry":{"type":"Point","coordinates":[130.3856,-16.2329]},"properties":{"d":"2026-09-15","t":"0457","frp":2.2,"b":336.3,"c":0,"s":"SNPP","n":0}},{"type":"Feature","geometry":{"type":"Point","coordinates":[130.377,-16.2271]},"properties":{"d":"2026-09-15","t":"0457","frp":8.3,"b":345.6,"c":1,"s":"SNPP","n":0}},{"type":"Feature","geometry":{"type":"Point","coordinates":[130.3298,-16.2091]},"properties":{"d":"2026-09-15","t":"0457","frp":35.6,"b":348.8,"c":1,"s":"SNPP","n":0}},{"type":"Feature","geometry":{"type":"Point","coordinates":[130.4937,-16.1573]},"properties":{"d":"2026-09-15","t":"0457","frp":15.1,"b":351.2,"c":1,"s":"SNPP","n":0}},{"type":"Feature","geometry":{"type":"Point","coordinates":[130.4975,-16.1568]},"properties":{"d":"2026-09-15","t":"0457","frp":11.0,"b":367.0,"c":2,"s":"SNPP","n":0}},{"type":"Feature","geometry":{"type":"Point","coordinates":[130.5046,-16.1522]},"properties":{"d":"2026-09-15","t":"0457","frp":7.3,"b":345.3,"c":0,"s":"SNPP","n":0}},{"type":"Feature","geometry":{"type":"Point","coordinates":[130.5203,-16.1253]},"properties":{"d":"2026-09-15","t":"0457","frp":35.1,"b":352.1,"c":1,"s":"SNPP","n":0}},{"type":"Feature","geometry":{"type":"Point","coordinates":[130.5242,-16.1248]},"properties":{"d":"2026-09-15","t":"0457","frp":28.4,"b":354.4,"c":1,"s":"SNPP","n":0}},{"type":"Feature","geometry":{"type":"Point","coordinates":[130.5397,-16.1226]},"properties":{"d":"2026-09-15","t":"0457","frp":16.4,"b":349.4,"c":1,"s":"SNPP","n":0}},{"type":"Feature","geometry":{"type":"Point","coordinates":[130.5436,-16.122]},"properties":{"d":"2026-09-15","t":"0457","frp":16.4,"b":367.0,"c":2,"s":"SNPP","n":0}},{"type":"Feature","geometry":{"type":"Point","coordinates":[130.5236,-16.1213]},"properties":{"d":"2026-09-15","t":"0457","frp":28.4,"b":355.6,"c":1,"s":"SNPP","n":0}},{"type":"Feature","geometry":{"type":"Point","coordinates":[130.5275,-16.1208]},"properties":{"d":"2026-09-15","t":"0457","frp":28.4,"b":346.9,"c":0,"s":"SNPP","n":0}},{"type":"Feature","geometry":{"type":"Point","coordinates":[130.5382,-16.1122]},"properties":{"d":"2026-09-15","t":"0457","frp":7.2,"b":346.9,"c":1,"s":"SNPP","n":0}},{"type":"Feature","geometry":{"type":"Point","coordinates":[130.5066,-16.1105]},"properties":{"d":"2026-09-15","t":"0457","frp":3.9,"b":341.0,"c":1,"s":"SNPP","n":0}},{"type":"Feature","geometry":{"type":"Point","coordinates":[130.5382,-16.1094]},"properties":{"d":"2026-09-15","t":"0457","frp":13.7,"b":367.0,"c":2,"s":"SNPP","n":0}},{"type":"Feature","geometry":{"type":"Point","coordinates":[130.5846,-16.078]},"properties":{"d":"2026-09-15","t":"0457","frp":5.5,"b":342.0,"c":0,"s":"SNPP","n":0}},{"type":"Feature","geometry":{"type":"Point","coordinates":[130.7991,-16.0293]},"properties":{"d":"2026-09-15","t":"0457","frp":2.7,"b":335.7,"c":0,"s":"SNPP","n":0}},{"type":"Feature","geometry":{"type":"Point","coordinates":[130.6196,-16.0273]},"properties":{"d":"2026-09-15","t":"0457","frp":12.7,"b":355.4,"c":1,"s":"SNPP","n":0}},{"type":"Feature","geometry":{"type":"Point","coordinates":[130.6229,-16.0233]},"properties":{"d":"2026-09-15","t":"0457","frp":20.5,"b":348.6,"c":1,"s":"SNPP","n":0}},{"type":"Feature","geometry":{"type":"Point","coordinates":[130.4158,-15.9558]},"properties":{"d":"2026-09-15","t":"0457","frp":3.1,"b":339.9,"c":1,"s":"SNPP","n":0}},{"type":"Feature","geometry":{"type":"Point","coordinates":[130.4114,-15.9529]},"properties":{"d":"2026-09-15","t":"0457","frp":10.1,"b":367.0,"c":2,"s":"SNPP","n":0}},{"type":"Feature","geometry":{"type":"Point","coordinates":[130.4109,-15.9494]},"properties":{"d":"2026-09-15","t":"0457","frp":10.1,"b":339.7,"c":1,"s":"SNPP","n":0}},{"type":"Feature","geometry":{"type":"Point","coordinates":[130.4065,-15.9465]},"properties":{"d":"2026-09-15","t":"0457","frp":5.3,"b":343.5,"c":0,"s":"SNPP","n":0}},{"type":"Feature","geometry":{"type":"Point","coordinates":[130.4015,-15.9402]},"properties":{"d":"2026-09-15","t":"0457","frp":4.5,"b":344.3,"c":0,"s":"SNPP","n":0}},{"type":"Feature","geometry":{"type":"Point","coordinates":[130.4055,-15.9396]},"properties":{"d":"2026-09-15","t":"0457","frp":4.5,"b":343.2,"c":0,"s":"SNPP","n":0}},{"type":"Feature","geometry":{"type":"Point","coordinates":[130.3805,-15.9326]},"properties":{"d":"2026-09-15","t":"0457","frp":4.8,"b":345.5,"c":1,"s":"SNPP","n":0}},{"type":"Feature","geometry":{"type":"Point","coordinates":[130.38,-15.9291]},"properties":{"d":"2026-09-15","t":"0457","frp":6.3,"b":345.4,"c":0,"s":"SNPP","n":0}},{"type":"Feature","geometry":{"type":"Point","coordinates":[130.3839,-15.9286]},"properties":{"d":"2026-09-15","t":"0457","frp":6.7,"b":355.4,"c":1,"s":"SNPP","n":0}},{"type":"Feature","geometry":{"type":"Point","coordinates":[130.3878,-15.928]},"properties":{"d":"2026-09-15","t":"0457","frp":6.7,"b":341.3,"c":0,"s":"SNPP","n":0}},{"type":"Feature","geometry":{"type":"Point","coordinates":[130.3755,-15.9262]},"properties":{"d":"2026-09-15","t":"0457","frp":6.3,"b":336.4,"c":0,"s":"SNPP","n":0}},{"type":"Feature","geometry":{"type":"Point","coordinates":[130.3795,-15.9257]},"properties":{"d":"2026-09-15","t":"0457","frp":6.3,"b":349.9,"c":1,"s":"SNPP","n":0}},{"type":"Feature","geometry":{"type":"Point","coordinates":[130.496,-15.704]},"properties":{"d":"2026-09-15","t":"0457","frp":8.4,"b":340.2,"c":0,"s":"SNPP","n":0}},{"type":"Feature","geometry":{"type":"Point","coordinates":[130.4955,-15.7005]},"properties":{"d":"2026-09-15","t":"0457","frp":8.4,"b":341.8,"c":0,"s":"SNPP","n":0}},{"type":"Feature","geometry":{"type":"Point","coordinates":[130.4901,-15.6908]},"properties":{"d":"2026-09-15","t":"0457","frp":22.3,"b":353.9,"c":1,"s":"SNPP","n":0}},{"type":"Feature","geometry":{"type":"Point","coordinates":[130.4899,-15.6882]},"properties":{"d":"2026-09-15","t":"0457","frp":39.1,"b":355.9,"c":1,"s":"SNPP","n":0}},{"type":"Feature","geometry":{"type":"Point","coordinates":[130.4895,-15.6874]},"properties":{"d":"2026-09-15","t":"0457","frp":22.3,"b":357.0,"c":1,"s":"SNPP","n":0}},{"type":"Feature","geometry":{"type":"Point","coordinates":[130.5336,-15.6397]},"properties":{"d":"2026-09-15","t":"0457","frp":7.9,"b":343.3,"c":1,"s":"SNPP","n":0}},{"type":"Feature","geometry":{"type":"Point","coordinates":[130.5293,-15.6368]},"properties":{"d":"2026-09-15","t":"0457","frp":7.9,"b":351.6,"c":1,"s":"SNPP","n":0}},{"type":"Feature","geometry":{"type":"Point","coordinates":[134.1001,-15.6113]},"properties":{"d":"2026-09-15","t":"0457","frp":8.0,"b":346.0,"c":0,"s":"SNPP","n":0}},{"type":"Feature","geometry":{"type":"Point","coordinates":[134.0882,-15.6097]},"properties":{"d":"2026-09-15","t":"0457","frp":14.8,"b":348.4,"c":0,"s":"SNPP","n":0}},{"type":"Feature","geometry":{"type":"Point","coordinates":[134.0957,-15.6085]},"properties":{"d":"2026-09-15","t":"0457","frp":9.7,"b":351.4,"c":0,"s":"SNPP","n":0}},{"type":"Feature","geometry":{"type":"Point","coordinates":[134.0995,-15.6079]},"properties":{"d":"2026-09-15","t":"0457","frp":9.7,"b":339.6,"c":0,"s":"SNPP","n":0}},{"type":"Feature","geometry":{"type":"Point","coordinates":[134.0838,-15.6069]},"properties":{"d":"2026-09-15","t":"0457","frp":28.8,"b":342.2,"c":0,"s":"SNPP","n":0}},{"type":"Feature","geometry":{"type":"Point","coordinates":[134.0876,-15.6063]},"properties":{"d":"2026-09-15","t":"0457","frp":14.8,"b":348.4,"c":0,"s":"SNPP","n":0}},{"type":"Feature","geometry":{"type":"Point","coordinates":[134.0951,-15.6051]},"properties":{"d":"2026-09-15","t":"0457","frp":9.7,"b":345.9,"c":1,"s":"SNPP","n":0}},{"type":"Feature","geometry":{"type":"Point","coordinates":[134.087,-15.6029]},"properties":{"d":"2026-09-15","t":"0457","frp":5.5,"b":346.5,"c":1,"s":"SNPP","n":0}},{"type":"Feature","geometry":{"type":"Point","coordinates":[134.0908,-15.6023]},"properties":{"d":"2026-09-15","t":"0457","frp":5.5,"b":349.5,"c":1,"s":"SNPP","n":0}},{"type":"Feature","geometry":{"type":"Point","coordinates":[134.1073,-15.5856]},"properties":{"d":"2026-09-15","t":"0457","frp":9.9,"b":354.4,"c":1,"s":"SNPP","n":0}},{"type":"Feature","geometry":{"type":"Point","coordinates":[134.0954,-15.584]},"properties":{"d":"2026-09-15","t":"0457","frp":4.4,"b":348.2,"c":1,"s":"SNPP","n":0}},{"type":"Feature","geometry":{"type":"Point","coordinates":[134.0992,-15.5834]},"properties":{"d":"2026-09-15","t":"0457","frp":13.8,"b":350.4,"c":1,"s":"SNPP","n":0}},{"type":"Feature","geometry":{"type":"Point","coordinates":[134.103,-15.5828]},"properties":{"d":"2026-09-15","t":"0457","frp":13.8,"b":351.8,"c":1,"s":"SNPP","n":0}},{"type":"Feature","geometry":{"type":"Point","coordinates":[134.1068,-15.5822]},"properties":{"d":"2026-09-15","t":"0457","frp":9.9,"b":367.0,"c":2,"s":"SNPP","n":0}},{"type":"Feature","geometry":{"type":"Point","coordinates":[134.1106,-15.5816]},"properties":{"d":"2026-09-15","t":"0457","frp":9.9,"b":354.4,"c":1,"s":"SNPP","n":0}},{"type":"Feature","geometry":{"type":"Point","coordinates":[134.1144,-15.5809]},"properties":{"d":"2026-09-15","t":"0457","frp":8.8,"b":367.0,"c":2,"s":"SNPP","n":0}},{"type":"Feature","geometry":{"type":"Point","coordinates":[134.1176,-15.5769]},"properties":{"d":"2026-09-15","t":"0457","frp":13.1,"b":348.5,"c":1,"s":"SNPP","n":0}},{"type":"Feature","geometry":{"type":"Point","coordinates":[134.117,-15.5735]},"properties":{"d":"2026-09-15","t":"0457","frp":13.1,"b":341.6,"c":0,"s":"SNPP","n":0}},{"type":"Feature","geometry":{"type":"Point","coordinates":[134.0975,-15.5732]},"properties":{"d":"2026-09-15","t":"0457","frp":3.7,"b":339.0,"c":0,"s":"SNPP","n":0}},{"type":"Feature","geometry":{"type":"Point","coordinates":[134.1126,-15.5707]},"properties":{"d":"2026-09-15","t":"0457","frp":13.3,"b":355.8,"c":1,"s":"SNPP","n":0}},{"type":"Feature","geometry":{"type":"Point","coordinates":[134.0969,-15.5698]},"properties":{"d":"2026-09-15","t":"0457","frp":3.7,"b":347.1,"c":0,"s":"SNPP","n":0}},{"type":"Feature","geometry":{"type":"Point","coordinates":[134.097,-15.5694]},"properties":{"d":"2026-09-15","t":"0457","frp":5.2,"b":345.6,"c":0,"s":"SNPP","n":0}},{"type":"Feature","geometry":{"type":"Point","coordinates":[134.0774,-15.5691]},"properties":{"d":"2026-09-15","t":"0457","frp":9.3,"b":353.7,"c":1,"s":"SNPP","n":0}},{"type":"Feature","geometry":{"type":"Point","coordinates":[134.0812,-15.5685]},"properties":{"d":"2026-09-15","t":"0457","frp":21.7,"b":367.0,"c":2,"s":"SNPP","n":0}},{"type":"Feature","geometry":{"type":"Point","coordinates":[134.1082,-15.5679]},"properties":{"d":"2026-09-15","t":"0457","frp":9.4,"b":355.7,"c":1,"s":"SNPP","n":0}},{"type":"Feature","geometry":{"type":"Point","coordinates":[134.085,-15.5678]},"properties":{"d":"2026-09-15","t":"0457","frp":21.7,"b":356.6,"c":1,"s":"SNPP","n":0}},{"type":"Feature","geometry":{"type":"Point","coordinates":[134.1084,-15.5676]},"properties":{"d":"2026-09-15","t":"0457","frp":5.6,"b":355.6,"c":1,"s":"SNPP","n":0}},{"type":"Feature","geometry":{"type":"Point","coordinates":[134.0888,-15.5672]},"properties":{"d":"2026-09-15","t":"0457","frp":11.4,"b":352.9,"c":1,"s":"SNPP","n":0}},{"type":"Feature","geometry":{"type":"Point","coordinates":[134.0731,-15.5663]},"properties":{"d":"2026-09-15","t":"0457","frp":9.4,"b":349.6,"c":1,"s":"SNPP","n":0}},{"type":"Feature","geometry":{"type":"Point","coordinates":[134.0965,-15.566]},"properties":{"d":"2026-09-15","t":"0457","frp":5.2,"b":348.2,"c":0,"s":"SNPP","n":0}},{"type":"Feature","geometry":{"type":"Point","coordinates":[134.0769,-15.5656]},"properties":{"d":"2026-09-15","t":"0457","frp":9.4,"b":367.0,"c":2,"s":"SNPP","n":0}},{"type":"Feature","geometry":{"type":"Point","coordinates":[134.1002,-15.5654]},"properties":{"d":"2026-09-15","t":"0457","frp":5.2,"b":347.2,"c":1,"s":"SNPP","n":0}},{"type":"Feature","geometry":{"type":"Point","coordinates":[134.0807,-15.565]},"properties":{"d":"2026-09-15","t":"0457","frp":7.3,"b":339.1,"c":1,"s":"SNPP","n":0}},{"type":"Feature","geometry":{"type":"Point","coordinates":[134.1041,-15.5648]},"properties":{"d":"2026-09-15","t":"0457","frp":5.6,"b":347.3,"c":1,"s":"SNPP","n":0}},{"type":"Feature","geometry":{"type":"Point","coordinates":[134.0921,-15.5632]},"properties":{"d":"2026-09-15","t":"0457","frp":8.5,"b":344.9,"c":0,"s":"SNPP","n":0}},{"type":"Feature","geometry":{"type":"Point","coordinates":[134.0725,-15.5628]},"properties":{"d":"2026-09-15","t":"0457","frp":9.4,"b":341.4,"c":1,"s":"SNPP","n":0}},{"type":"Feature","geometry":{"type":"Point","coordinates":[134.0876,-15.5604]},"properties":{"d":"2026-09-15","t":"0457","frp":8.5,"b":346.5,"c":1,"s":"SNPP","n":0}},{"type":"Feature","geometry":{"type":"Point","coordinates":[134.0681,-15.56]},"properties":{"d":"2026-09-15","t":"0457","frp":7.2,"b":340.6,"c":0,"s":"SNPP","n":0}},{"type":"Feature","geometry":{"type":"Point","coordinates":[134.0915,-15.5598]},"properties":{"d":"2026-09-15","t":"0457","frp":8.5,"b":350.1,"c":1,"s":"SNPP","n":0}},{"type":"Feature","geometry":{"type":"Point","coordinates":[134.0719,-15.5594]},"properties":{"d":"2026-09-15","t":"0457","frp":12.9,"b":355.7,"c":1,"s":"SNPP","n":0}},{"type":"Feature","geometry":{"type":"Point","coordinates":[134.0757,-15.5588]},"properties":{"d":"2026-09-15","t":"0457","frp":12.9,"b":346.6,"c":1,"s":"SNPP","n":0}},{"type":"Feature","geometry":{"type":"Point","coordinates":[134.0795,-15.5582]},"properties":{"d":"2026-09-15","t":"0457","frp":14.3,"b":346.2,"c":1,"s":"SNPP","n":0}},{"type":"Feature","geometry":{"type":"Point","coordinates":[134.0833,-15.5576]},"properties":{"d":"2026-09-15","t":"0457","frp":14.3,"b":367.0,"c":2,"s":"SNPP","n":0}},{"type":"Feature","geometry":{"type":"Point","coordinates":[134.0871,-15.557]},"properties":{"d":"2026-09-15","t":"0457","frp":12.7,"b":353.9,"c":1,"s":"SNPP","n":0}},{"type":"Feature","geometry":{"type":"Point","coordinates":[134.0713,-15.556]},"properties":{"d":"2026-09-15","t":"0457","frp":12.9,"b":350.7,"c":1,"s":"SNPP","n":0}},{"type":"Feature","geometry":{"type":"Point","coordinates":[134.0751,-15.5554]},"properties":{"d":"2026-09-15","t":"0457","frp":12.9,"b":367.0,"c":2,"s":"SNPP","n":0}},{"type":"Feature","geometry":{"type":"Point","coordinates":[134.0789,-15.5548]},"properties":{"d":"2026-09-15","t":"0457","frp":14.3,"b":367.0,"c":2,"s":"SNPP","n":0}},{"type":"Feature","geometry":{"type":"Point","coordinates":[134.0745,-15.552]},"properties":{"d":"2026-09-15","t":"0457","frp":18.5,"b":352.9,"c":1,"s":"SNPP","n":0}},{"type":"Feature","geometry":{"type":"Point","coordinates":[134.0783,-15.5514]},"properties":{"d":"2026-09-15","t":"0457","frp":5.2,"b":339.3,"c":1,"s":"SNPP","n":0}},{"type":"Feature","geometry":{"type":"Point","coordinates":[134.3245,-15.5224]},"properties":{"d":"2026-09-15","t":"0457","frp":7.2,"b":348.9,"c":1,"s":"SNPP","n":0}},{"type":"Feature","geometry":{"type":"Point","coordinates":[134.3283,-15.5218]},"properties":{"d":"2026-09-15","t":"0457","frp":7.2,"b":344.4,"c":1,"s":"SNPP","n":0}},{"type":"Feature","geometry":{"type":"Point","coordinates":[134.3675,-15.519]},"properties":{"d":"2026-09-15","t":"0457","frp":47.6,"b":347.9,"c":1,"s":"SNPP","n":0}},{"type":"Feature","geometry":{"type":"Point","coordinates":[134.3714,-15.5184]},"properties":{"d":"2026-09-15","t":"0457","frp":20.2,"b":367.0,"c":2,"s":"SNPP","n":0}},{"type":"Feature","geometry":{"type":"Point","coordinates":[134.3752,-15.5178]},"properties":{"d":"2026-09-15","t":"0457","frp":20.2,"b":354.0,"c":1,"s":"SNPP","n":0}},{"type":"Feature","geometry":{"type":"Point","coordinates":[134.3316,-15.5177]},"properties":{"d":"2026-09-15","t":"0457","frp":4.9,"b":349.3,"c":1,"s":"SNPP","n":0}},{"type":"Feature","geometry":{"type":"Point","coordinates":[134.3553,-15.5175]},"properties":{"d":"2026-09-15","t":"0457","frp":23.2,"b":356.9,"c":1,"s":"SNPP","n":0}},{"type":"Feature","geometry":{"type":"Point","coordinates":[134.3791,-15.5172]},"properties":{"d":"2026-09-15","t":"0457","frp":16.7,"b":354.0,"c":1,"s":"SNPP","n":0}},{"type":"Feature","geometry":{"type":"Point","coordinates":[134.3592,-15.5168]},"properties":{"d":"2026-09-15","t":"0457","frp":23.2,"b":354.1,"c":1,"s":"SNPP","n":0}},{"type":"Feature","geometry":{"type":"Point","coordinates":[134.383,-15.5166]},"properties":{"d":"2026-09-15","t":"0457","frp":16.7,"b":354.9,"c":1,"s":"SNPP","n":0}},{"type":"Feature","geometry":{"type":"Point","coordinates":[134.363,-15.5162]},"properties":{"d":"2026-09-15","t":"0457","frp":47.6,"b":367.0,"c":0,"s":"SNPP","n":0}},{"type":"Feature","geometry":{"type":"Point","coordinates":[134.3868,-15.5159]},"properties":{"d":"2026-09-15","t":"0457","frp":6.1,"b":354.8,"c":1,"s":"SNPP","n":0}},{"type":"Feature","geometry":{"type":"Point","coordinates":[134.3669,-15.5156]},"properties":{"d":"2026-09-15","t":"0457","frp":47.6,"b":367.0,"c":0,"s":"SNPP","n":0}},{"type":"Feature","geometry":{"type":"Point","coordinates":[134.3907,-15.5153]},"properties":{"d":"2026-09-15","t":"0457","frp":6.1,"b":348.1,"c":1,"s":"SNPP","n":0}},{"type":"Feature","geometry":{"type":"Point","coordinates":[134.347,-15.5153]},"properties":{"d":"2026-09-15","t":"0457","frp":13.1,"b":356.0,"c":1,"s":"SNPP","n":0}},{"type":"Feature","geometry":{"type":"Point","coordinates":[134.3708,-15.515]},"properties":{"d":"2026-09-15","t":"0457","frp":20.2,"b":353.9,"c":1,"s":"SNPP","n":0}},{"type":"Feature","geometry":{"type":"Point","coordinates":[134.3509,-15.5146]},"properties":{"d":"2026-09-15","t":"0457","frp":13.1,"b":355.2,"c":1,"s":"SNPP","n":0}},{"type":"Feature","geometry":{"type":"Point","coordinates":[134.3746,-15.5144]},"properties":{"d":"2026-09-15","t":"0457","frp":20.2,"b":347.1,"c":1,"s":"SNPP","n":0}},{"type":"Feature","geometry":{"type":"Point","coordinates":[134.331,-15.5143]},"properties":{"d":"2026-09-15","t":"0457","frp":4.9,"b":341.6,"c":1,"s":"SNPP","n":0}},{"type":"Feature","geometry":{"type":"Point","coordinates":[134.3984,-15.5141]},"properties":{"d":"2026-09-15","t":"0457","frp":7.0,"b":342.2,"c":0,"s":"SNPP","n":0}},{"type":"Feature","geometry":{"type":"Point","coordinates":[134.3624,-15.5128]},"properties":{"d":"2026-09-15","t":"0457","frp":4.8,"b":344.7,"c":0,"s":"SNPP","n":0}},{"type":"Feature","geometry":{"type":"Point","coordinates":[134.3425,-15.5124]},"properties":{"d":"2026-09-15","t":"0457","frp":83.3,"b":367.0,"c":0,"s":"SNPP","n":0}},{"type":"Feature","geometry":{"type":"Point","coordinates":[134.3663,-15.5122]},"properties":{"d":"2026-09-15","t":"0457","frp":4.8,"b":341.8,"c":0,"s":"SNPP","n":0}},{"type":"Feature","geometry":{"type":"Point","coordinates":[134.3464,-15.5118]},"properties":{"d":"2026-09-15","t":"0457","frp":13.1,"b":367.0,"c":2,"s":"SNPP","n":0}},{"type":"Feature","geometry":{"type":"Point","coordinates":[134.3502,-15.5112]},"properties":{"d":"2026-09-15","t":"0457","frp":13.1,"b":353.4,"c":1,"s":"SNPP","n":0}},{"type":"Feature","geometry":{"type":"Point","coordinates":[134.3342,-15.5102]},"properties":{"d":"2026-09-15","t":"0457","frp":61.1,"b":367.0,"c":2,"s":"SNPP","n":0}},{"type":"Feature","geometry":{"type":"Point","coordinates":[134.4017,-15.51]},"properties":{"d":"2026-09-15","t":"0457","frp":4.8,"b":352.1,"c":1,"s":"SNPP","n":0}},{"type":"Feature","geometry":{"type":"Point","coordinates":[134.3818,-15.5097]},"properties":{"d":"2026-09-15","t":"0457","frp":5.7,"b":341.5,"c":0,"s":"SNPP","n":0}},{"type":"Feature","geometry":{"type":"Point","coordinates":[134.3381,-15.5096]},"properties":{"d":"2026-09-15","t":"0457","frp":54.9,"b":367.0,"c":2,"s":"SNPP","n":0}},{"type":"Feature","geometry":{"type":"Point","coordinates":[134.4056,-15.5094]},"properties":{"d":"2026-09-15","t":"0457","frp":4.8,"b":348.1,"c":1,"s":"SNPP","n":0}},{"type":"Feature","geometry":{"type":"Point","coordinates":[134.3419,-15.509]},"properties":{"d":"2026-09-15","t":"0457","frp":54.9,"b":352.5,"c":1,"s":"SNPP","n":0}},{"type":"Feature","geometry":{"type":"Point","coordinates":[134.4094,-15.5087]},"properties":{"d":"2026-09-15","t":"0457","frp":6.7,"b":343.5,"c":0,"s":"SNPP","n":0}},{"type":"Feature","geometry":{"type":"Point","coordinates":[134.4133,-15.5081]},"properties":{"d":"2026-09-15","t":"0457","frp":6.7,"b":354.6,"c":1,"s":"SNPP","n":0}},{"type":"Feature","geometry":{"type":"Point","coordinates":[134.3497,-15.5078]},"properties":{"d":"2026-09-15","t":"0457","frp":12.0,"b":356.0,"c":1,"s":"SNPP","n":0}},{"type":"Feature","geometry":{"type":"Point","coordinates":[134.3336,-15.5068]},"properties":{"d":"2026-09-15","t":"0457","frp":61.1,"b":342.2,"c":1,"s":"SNPP","n":0}},{"type":"Feature","geometry":{"type":"Point","coordinates":[134.3375,-15.5062]},"properties":{"d":"2026-09-15","t":"0457","frp":54.9,"b":348.1,"c":1,"s":"SNPP","n":0}},{"type":"Feature","geometry":{"type":"Point","coordinates":[134.3413,-15.5056]},"properties":{"d":"2026-09-15","t":"0457","frp":54.9,"b":345.4,"c":1,"s":"SNPP","n":0}},{"type":"Feature","geometry":{"type":"Point","coordinates":[134.4166,-15.504]},"properties":{"d":"2026-09-15","t":"0457","frp":9.1,"b":353.1,"c":1,"s":"SNPP","n":0}},{"type":"Feature","geometry":{"type":"Point","coordinates":[134.3606,-15.5024]},"properties":{"d":"2026-09-15","t":"0457","frp":6.4,"b":338.9,"c":0,"s":"SNPP","n":0}},{"type":"Feature","geometry":{"type":"Point","coordinates":[134.396,-15.5003]},"properties":{"d":"2026-09-15","t":"0457","frp":7.3,"b":352.4,"c":1,"s":"SNPP","n":0}},{"type":"Feature","geometry":{"type":"Point","coordinates":[134.4199,-15.5]},"properties":{"d":"2026-09-15","t":"0457","frp":9.1,"b":347.7,"c":1,"s":"SNPP","n":0}},{"type":"Feature","geometry":{"type":"Point","coordinates":[134.3999,-15.4996]},"properties":{"d":"2026-09-15","t":"0457","frp":5.1,"b":340.7,"c":0,"s":"SNPP","n":0}},{"type":"Feature","geometry":{"type":"Point","coordinates":[134.4038,-15.499]},"properties":{"d":"2026-09-15","t":"0457","frp":5.1,"b":341.3,"c":0,"s":"SNPP","n":0}},{"type":"Feature","geometry":{"type":"Point","coordinates":[134.4076,-15.4984]},"properties":{"d":"2026-09-15","t":"0457","frp":7.9,"b":343.8,"c":0,"s":"SNPP","n":0}},{"type":"Feature","geometry":{"type":"Point","coordinates":[134.3916,-15.4975]},"properties":{"d":"2026-09-15","t":"0457","frp":7.3,"b":344.7,"c":1,"s":"SNPP","n":0}},{"type":"Feature","geometry":{"type":"Point","coordinates":[134.3955,-15.4968]},"properties":{"d":"2026-09-15","t":"0457","frp":7.3,"b":355.0,"c":1,"s":"SNPP","n":0}},{"type":"Feature","geometry":{"type":"Point","coordinates":[134.4148,-15.4937]},"properties":{"d":"2026-09-15","t":"0457","frp":8.2,"b":343.0,"c":0,"s":"SNPP","n":0}},{"type":"Feature","geometry":{"type":"Point","coordinates":[134.4342,-15.4906]},"properties":{"d":"2026-09-15","t":"0457","frp":8.8,"b":350.2,"c":1,"s":"SNPP","n":0}},{"type":"Feature","geometry":{"type":"Point","coordinates":[134.4142,-15.4902]},"properties":{"d":"2026-09-15","t":"0457","frp":8.1,"b":349.5,"c":1,"s":"SNPP","n":0}},{"type":"Feature","geometry":{"type":"Point","coordinates":[134.4381,-15.4899]},"properties":{"d":"2026-09-15","t":"0457","frp":18.8,"b":367.0,"c":2,"s":"SNPP","n":0}},{"type":"Feature","geometry":{"type":"Point","coordinates":[134.442,-15.4893]},"properties":{"d":"2026-09-15","t":"0457","frp":18.8,"b":367.0,"c":2,"s":"SNPP","n":0}},{"type":"Feature","geometry":{"type":"Point","coordinates":[134.4459,-15.4887]},"properties":{"d":"2026-09-15","t":"0457","frp":8.3,"b":350.1,"c":1,"s":"SNPP","n":0}},{"type":"Feature","geometry":{"type":"Point","coordinates":[134.4097,-15.4874]},"properties":{"d":"2026-09-15","t":"0457","frp":13.0,"b":349.9,"c":1,"s":"SNPP","n":0}},{"type":"Feature","geometry":{"type":"Point","coordinates":[134.4053,-15.4846]},"properties":{"d":"2026-09-15","t":"0457","frp":50.0,"b":345.8,"c":0,"s":"SNPP","n":0}},{"type":"Feature","geometry":{"type":"Point","coordinates":[134.3969,-15.4824]},"properties":{"d":"2026-09-15","t":"0457","frp":21.0,"b":339.0,"c":0,"s":"SNPP","n":0}},{"type":"Feature","geometry":{"type":"Point","coordinates":[134.4008,-15.4818]},"properties":{"d":"2026-09-15","t":"0457","frp":21.0,"b":354.6,"c":1,"s":"SNPP","n":0}},{"type":"Feature","geometry":{"type":"Point","coordinates":[134.4524,-15.4805]},"properties":{"d":"2026-09-15","t":"0457","frp":31.9,"b":355.4,"c":1,"s":"SNPP","n":0}},{"type":"Feature","geometry":{"type":"Point","coordinates":[134.3963,-15.479]},"properties":{"d":"2026-09-15","t":"0457","frp":8.9,"b":355.8,"c":1,"s":"SNPP","n":0}},{"type":"Feature","geometry":{"type":"Point","coordinates":[134.4118,-15.4764]},"properties":{"d":"2026-09-15","t":"0457","frp":39.2,"b":355.7,"c":1,"s":"SNPP","n":0}},{"type":"Feature","geometry":{"type":"Point","coordinates":[134.4557,-15.4764]},"properties":{"d":"2026-09-15","t":"0457","frp":4.8,"b":337.9,"c":0,"s":"SNPP","n":0}},{"type":"Feature","geometry":{"type":"Point","coordinates":[134.3919,-15.4761]},"properties":{"d":"2026-09-15","t":"0457","frp":7.0,"b":340.1,"c":0,"s":"SNPP","n":0}},{"type":"Feature","geometry":{"type":"Point","coordinates":[134.4864,-15.4679]},"properties":{"d":"2026-09-15","t":"0457","frp":6.5,"b":343.6,"c":1,"s":"SNPP","n":0}},{"type":"Feature","geometry":{"type":"Point","coordinates":[134.43,-15.4664]},"properties":{"d":"2026-09-15","t":"0457","frp":9.9,"b":353.5,"c":1,"s":"SNPP","n":0}},{"type":"Feature","geometry":{"type":"Point","coordinates":[134.478,-15.4657]},"properties":{"d":"2026-09-15","t":"0457","frp":5.2,"b":340.1,"c":0,"s":"SNPP","n":0}},{"type":"Feature","geometry":{"type":"Point","coordinates":[134.4819,-15.4651]},"properties":{"d":"2026-09-15","t":"0457","frp":16.7,"b":352.2,"c":1,"s":"SNPP","n":0}},{"type":"Feature","geometry":{"type":"Point","coordinates":[134.4858,-15.4644]},"properties":{"d":"2026-09-15","t":"0457","frp":16.7,"b":367.0,"c":2,"s":"SNPP","n":0}},{"type":"Feature","geometry":{"type":"Point","coordinates":[134.4897,-15.4638]},"properties":{"d":"2026-09-15","t":"0457","frp":7.1,"b":367.0,"c":2,"s":"SNPP","n":0}},{"type":"Feature","geometry":{"type":"Point","coordinates":[134.2512,-15.4637]},"properties":{"d":"2026-09-15","t":"0457","frp":2.4,"b":331.8,"c":0,"s":"SNPP","n":0}},{"type":"Feature","geometry":{"type":"Point","coordinates":[134.4936,-15.4632]},"properties":{"d":"2026-09-15","t":"0457","frp":7.1,"b":354.4,"c":1,"s":"SNPP","n":0}},{"type":"Feature","geometry":{"type":"Point","coordinates":[134.493,-15.4597]},"properties":{"d":"2026-09-15","t":"0457","frp":7.1,"b":345.8,"c":1,"s":"SNPP","n":0}},{"type":"Feature","geometry":{"type":"Point","coordinates":[134.4969,-15.4591]},"properties":{"d":"2026-09-15","t":"0457","frp":7.2,"b":351.8,"c":1,"s":"SNPP","n":0}},{"type":"Feature","geometry":{"type":"Point","coordinates":[134.472,-15.4311]},"properties":{"d":"2026-09-15","t":"0457","frp":6.5,"b":343.5,"c":1,"s":"SNPP","n":0}},{"type":"Feature","geometry":{"type":"Point","coordinates":[134.4714,-15.4276]},"properties":{"d":"2026-09-15","t":"0457","frp":6.5,"b":342.9,"c":1,"s":"SNPP","n":0}},{"type":"Feature","geometry":{"type":"Point","coordinates":[134.4624,-15.422]},"properties":{"d":"2026-09-15","t":"0457","frp":15.4,"b":353.5,"c":1,"s":"SNPP","n":0}},{"type":"Feature","geometry":{"type":"Point","coordinates":[134.539,-15.3758]},"properties":{"d":"2026-09-15","t":"0457","frp":6.9,"b":339.4,"c":0,"s":"SNPP","n":0}},{"type":"Feature","geometry":{"type":"Point","coordinates":[134.5344,-15.373]},"properties":{"d":"2026-09-15","t":"0457","frp":4.5,"b":336.2,"c":0,"s":"SNPP","n":0}},{"type":"Feature","geometry":{"type":"Point","coordinates":[134.5384,-15.3724]},"properties":{"d":"2026-09-15","t":"0457","frp":6.9,"b":350.6,"c":1,"s":"SNPP","n":0}},{"type":"Feature","geometry":{"type":"Point","coordinates":[134.5423,-15.3717]},"properties":{"d":"2026-09-15","t":"0457","frp":6.9,"b":353.6,"c":1,"s":"SNPP","n":0}},{"type":"Feature","geometry":{"type":"Point","coordinates":[134.5463,-15.3711]},"properties":{"d":"2026-09-15","t":"0457","frp":5.0,"b":347.5,"c":1,"s":"SNPP","n":0}},{"type":"Feature","geometry":{"type":"Point","coordinates":[134.5502,-15.3704]},"properties":{"d":"2026-09-15","t":"0457","frp":5.0,"b":339.6,"c":0,"s":"SNPP","n":0}},{"type":"Feature","geometry":{"type":"Point","coordinates":[134.5496,-15.367]},"properties":{"d":"2026-09-15","t":"0457","frp":11.2,"b":351.0,"c":1,"s":"SNPP","n":0}},{"type":"Feature","geometry":{"type":"Point","coordinates":[134.5248,-15.3639]},"properties":{"d":"2026-09-15","t":"0457","frp":5.7,"b":338.4,"c":0,"s":"SNPP","n":0}},{"type":"Feature","geometry":{"type":"Point","coordinates":[134.5287,-15.3632]},"properties":{"d":"2026-09-15","t":"0457","frp":10.1,"b":343.6,"c":1,"s":"SNPP","n":0}},{"type":"Feature","geometry":{"type":"Point","coordinates":[134.5568,-15.3622]},"properties":{"d":"2026-09-15","t":"0457","frp":6.9,"b":338.1,"c":0,"s":"SNPP","n":0}},{"type":"Feature","geometry":{"type":"Point","coordinates":[134.5366,-15.362]},"properties":{"d":"2026-09-15","t":"0457","frp":3.6,"b":339.8,"c":1,"s":"SNPP","n":0}},{"type":"Feature","geometry":{"type":"Point","coordinates":[134.5405,-15.3613]},"properties":{"d":"2026-09-15","t":"0457","frp":3.6,"b":344.4,"c":1,"s":"SNPP","n":0}},{"type":"Feature","geometry":{"type":"Point","coordinates":[134.5282,-15.3598]},"properties":{"d":"2026-09-15","t":"0457","frp":10.1,"b":352.8,"c":1,"s":"SNPP","n":0}},{"type":"Feature","geometry":{"type":"Point","coordinates":[134.5321,-15.3591]},"properties":{"d":"2026-09-15","t":"0457","frp":10.1,"b":367.0,"c":2,"s":"SNPP","n":0}},{"type":"Feature","geometry":{"type":"Point","coordinates":[134.5563,-15.3588]},"properties":{"d":"2026-09-15","t":"0457","frp":8.0,"b":349.6,"c":1,"s":"SNPP","n":0}},{"type":"Feature","geometry":{"type":"Point","coordinates":[134.536,-15.3585]},"properties":{"d":"2026-09-15","t":"0457","frp":3.6,"b":345.5,"c":1,"s":"SNPP","n":0}},{"type":"Feature","geometry":{"type":"Point","coordinates":[134.5602,-15.3581]},"properties":{"d":"2026-09-15","t":"0457","frp":4.9,"b":347.4,"c":1,"s":"SNPP","n":0}},{"type":"Feature","geometry":{"type":"Point","coordinates":[134.5641,-15.3575]},"properties":{"d":"2026-09-15","t":"0457","frp":4.9,"b":339.4,"c":0,"s":"SNPP","n":0}},{"type":"Feature","geometry":{"type":"Point","coordinates":[134.568,-15.3568]},"properties":{"d":"2026-09-15","t":"0457","frp":5.5,"b":342.0,"c":1,"s":"SNPP","n":0}},{"type":"Feature","geometry":{"type":"Point","coordinates":[134.5315,-15.3557]},"properties":{"d":"2026-09-15","t":"0457","frp":9.0,"b":342.8,"c":1,"s":"SNPP","n":0}},{"type":"Feature","geometry":{"type":"Point","coordinates":[134.5596,-15.3546]},"properties":{"d":"2026-09-15","t":"0457","frp":4.9,"b":350.4,"c":1,"s":"SNPP","n":0}},{"type":"Feature","geometry":{"type":"Point","coordinates":[134.5674,-15.3534]},"properties":{"d":"2026-09-15","t":"0457","frp":5.5,"b":350.7,"c":1,"s":"SNPP","n":0}},{"type":"Feature","geometry":{"type":"Point","coordinates":[134.5662,-15.3464]},"properties":{"d":"2026-09-15","t":"0457","frp":7.8,"b":346.7,"c":1,"s":"SNPP","n":0}},{"type":"Feature","geometry":{"type":"Point","coordinates":[134.5656,-15.343]},"properties":{"d":"2026-09-15","t":"0457","frp":7.2,"b":344.7,"c":1,"s":"SNPP","n":0}},{"type":"Feature","geometry":{"type":"Point","coordinates":[134.5611,-15.3401]},"properties":{"d":"2026-09-15","t":"0457","frp":9.3,"b":349.5,"c":1,"s":"SNPP","n":0}},{"type":"Feature","geometry":{"type":"Point","coordinates":[141.7861,-15.3296]},"properties":{"d":"2026-09-15","t":"0457","frp":3.1,"b":337.3,"c":1,"s":"SNPP","n":0}},{"type":"Feature","geometry":{"type":"Point","coordinates":[141.7895,-15.3289]},"properties":{"d":"2026-09-15","t":"0457","frp":3.1,"b":341.9,"c":1,"s":"SNPP","n":0}},{"type":"Feature","geometry":{"type":"Point","coordinates":[134.4896,-15.204]},"properties":{"d":"2026-09-15","t":"0457","frp":63.9,"b":347.3,"c":1,"s":"SNPP","n":0}},{"type":"Feature","geometry":{"type":"Point","coordinates":[134.5164,-15.196]},"properties":{"d":"2026-09-15","t":"0457","frp":34.1,"b":352.8,"c":1,"s":"SNPP","n":0}},{"type":"Feature","geometry":{"type":"Point","coordinates":[141.9374,-15.1056]},"properties":{"d":"2026-09-15","t":"0457","frp":7.1,"b":353.7,"c":1,"s":"SNPP","n":0}},{"type":"Feature","geometry":{"type":"Point","coordinates":[141.9409,-15.1049]},"properties":{"d":"2026-09-15","t":"0457","frp":8.6,"b":367.0,"c":2,"s":"SNPP","n":0}},{"type":"Feature","geometry":{"type":"Point","coordinates":[141.9444,-15.1042]},"properties":{"d":"2026-09-15","t":"0457","frp":8.6,"b":331.0,"c":1,"s":"SNPP","n":0}},{"type":"Feature","geometry":{"type":"Point","coordinates":[141.9493,-15.092]},"properties":{"d":"2026-09-15","t":"0457","frp":5.0,"b":343.1,"c":1,"s":"SNPP","n":0}},{"type":"Feature","geometry":{"type":"Point","coordinates":[141.9765,-15.0809]},"properties":{"d":"2026-09-15","t":"0457","frp":8.0,"b":345.1,"c":1,"s":"SNPP","n":0}},{"type":"Feature","geometry":{"type":"Point","coordinates":[134.5716,-14.8292]},"properties":{"d":"2026-09-15","t":"0457","frp":6.4,"b":340.7,"c":0,"s":"SNPP","n":0}},{"type":"Feature","geometry":{"type":"Point","coordinates":[134.5756,-14.8286]},"properties":{"d":"2026-09-15","t":"0457","frp":7.4,"b":337.3,"c":0,"s":"SNPP","n":0}},{"type":"Feature","geometry":{"type":"Point","coordinates":[134.5709,-14.8258]},"properties":{"d":"2026-09-15","t":"0457","frp":6.4,"b":339.7,"c":0,"s":"SNPP","n":0}},{"type":"Feature","geometry":{"type":"Point","coordinates":[134.5749,-14.8251]},"properties":{"d":"2026-09-15","t":"0457","frp":7.4,"b":337.1,"c":1,"s":"SNPP","n":0}},{"type":"Feature","geometry":{"type":"Point","coordinates":[134.5702,-14.8223]},"properties":{"d":"2026-09-15","t":"0457","frp":6.2,"b":341.0,"c":0,"s":"SNPP","n":0}},{"type":"Feature","geometry":{"type":"Point","coordinates":[134.5742,-14.8216]},"properties":{"d":"2026-09-15","t":"0457","frp":11.0,"b":338.3,"c":1,"s":"SNPP","n":0}},{"type":"Feature","geometry":{"type":"Point","coordinates":[134.5656,-14.8194]},"properties":{"d":"2026-09-15","t":"0457","frp":6.2,"b":344.1,"c":1,"s":"SNPP","n":0}},{"type":"Feature","geometry":{"type":"Point","coordinates":[134.5696,-14.8188]},"properties":{"d":"2026-09-15","t":"0457","frp":6.2,"b":356.1,"c":1,"s":"SNPP","n":0}},{"type":"Feature","geometry":{"type":"Point","coordinates":[134.565,-14.816]},"properties":{"d":"2026-09-15","t":"0457","frp":5.8,"b":344.7,"c":1,"s":"SNPP","n":0}},{"type":"Feature","geometry":{"type":"Point","coordinates":[134.6057,-14.7157]},"properties":{"d":"2026-09-15","t":"0457","frp":5.5,"b":339.0,"c":0,"s":"SNPP","n":0}},{"type":"Feature","geometry":{"type":"Point","coordinates":[134.6051,-14.7122]},"properties":{"d":"2026-09-15","t":"0457","frp":5.5,"b":338.9,"c":0,"s":"SNPP","n":0}},{"type":"Feature","geometry":{"type":"Point","coordinates":[134.5823,-14.698]},"properties":{"d":"2026-09-15","t":"0457","frp":5.9,"b":345.3,"c":1,"s":"SNPP","n":0}},{"type":"Feature","geometry":{"type":"Point","coordinates":[134.7362,-14.6836]},"properties":{"d":"2026-09-15","t":"0457","frp":5.8,"b":352.8,"c":1,"s":"SNPP","n":0}},{"type":"Feature","geometry":{"type":"Point","coordinates":[135.5303,-14.574]},"properties":{"d":"2026-09-15","t":"0457","frp":3.5,"b":336.3,"c":1,"s":"SNPP","n":0}},{"type":"Feature","geometry":{"type":"Point","coordinates":[135.5313,-14.571]},"properties":{"d":"2026-09-15","t":"0457","frp":4.4,"b":346.7,"c":1,"s":"SNPP","n":0}},{"type":"Feature","geometry":{"type":"Point","coordinates":[135.5297,-14.5703]},"properties":{"d":"2026-09-15","t":"0457","frp":3.5,"b":343.3,"c":1,"s":"SNPP","n":0}},{"type":"Feature","geometry":{"type":"Point","coordinates":[135.2716,-14.4536]},"properties":{"d":"2026-09-15","t":"0457","frp":5.6,"b":342.0,"c":1,"s":"SNPP","n":0}},{"type":"Feature","geometry":{"type":"Point","coordinates":[136.4654,-14.1461]},"properties":{"d":"2026-09-15","t":"0457","frp":2.8,"b":333.5,"c":0,"s":"SNPP","n":0}},{"type":"Feature","geometry":{"type":"Point","coordinates":[136.4499,-14.1448]},"properties":{"d":"2026-09-15","t":"0457","frp":7.6,"b":342.5,"c":1,"s":"SNPP","n":0}},{"type":"Feature","geometry":{"type":"Point","coordinates":[136.4292,-14.0478]},"properties":{"d":"2026-09-15","t":"0457","frp":5.8,"b":345.5,"c":1,"s":"SNPP","n":0}},{"type":"Feature","geometry":{"type":"Point","coordinates":[136.4285,-14.0439]},"properties":{"d":"2026-09-15","t":"0457","frp":5.8,"b":343.1,"c":1,"s":"SNPP","n":0}},{"type":"Feature","geometry":{"type":"Point","coordinates":[123.3131,-13.966]},"properties":{"d":"2026-09-15","t":"0457","frp":15.0,"b":348.9,"c":1,"s":"SNPP","n":0}},{"type":"Feature","geometry":{"type":"Point","coordinates":[123.3162,-13.9657]},"properties":{"d":"2026-09-15","t":"0457","frp":23.4,"b":367.0,"c":2,"s":"SNPP","n":0}},{"type":"Feature","geometry":{"type":"Point","coordinates":[136.67,-13.9384]},"properties":{"d":"2026-09-15","t":"0457","frp":5.1,"b":339.0,"c":1,"s":"SNPP","n":0}},{"type":"Feature","geometry":{"type":"Point","coordinates":[136.6677,-13.9377]},"properties":{"d":"2026-09-15","t":"0457","frp":6.7,"b":337.9,"c":1,"s":"SNPP","n":0}},{"type":"Feature","geometry":{"type":"Point","coordinates":[136.5957,-13.9349]},"properties":{"d":"2026-09-15","t":"0457","frp":4.8,"b":335.4,"c":1,"s":"SNPP","n":0}},{"type":"Feature","geometry":{"type":"Point","coordinates":[136.6693,-13.9345]},"properties":{"d":"2026-09-15","t":"0457","frp":5.1,"b":342.8,"c":1,"s":"SNPP","n":0}},{"type":"Feature","geometry":{"type":"Point","coordinates":[136.4821,-13.9344]},"properties":{"d":"2026-09-15","t":"0457","frp":4.2,"b":343.2,"c":1,"s":"SNPP","n":0}},{"type":"Feature","geometry":{"type":"Point","coordinates":[136.4871,-13.9336]},"properties":{"d":"2026-09-15","t":"0457","frp":12.3,"b":367.0,"c":2,"s":"SNPP","n":0}},{"type":"Feature","geometry":{"type":"Point","coordinates":[136.6744,-13.9336]},"properties":{"d":"2026-09-15","t":"0457","frp":5.8,"b":345.8,"c":1,"s":"SNPP","n":0}},{"type":"Feature","geometry":{"type":"Point","coordinates":[136.6059,-13.9332]},"properties":{"d":"2026-09-15","t":"0457","frp":7.5,"b":347.0,"c":1,"s":"SNPP","n":0}},{"type":"Feature","geometry":{"type":"Point","coordinates":[136.595,-13.931]},"properties":{"d":"2026-09-15","t":"0457","frp":4.8,"b":347.0,"c":1,"s":"SNPP","n":0}},{"type":"Feature","geometry":{"type":"Point","coordinates":[136.4813,-13.9306]},"properties":{"d":"2026-09-15","t":"0457","frp":13.1,"b":351.5,"c":1,"s":"SNPP","n":0}},{"type":"Feature","geometry":{"type":"Point","coordinates":[136.5793,-13.9297]},"properties":{"d":"2026-09-15","t":"0457","frp":15.7,"b":345.3,"c":1,"s":"SNPP","n":0}},{"type":"Feature","geometry":{"type":"Point","coordinates":[136.5843,-13.9289]},"properties":{"d":"2026-09-15","t":"0457","frp":15.7,"b":343.0,"c":1,"s":"SNPP","n":0}},{"type":"Feature","geometry":{"type":"Point","coordinates":[136.4856,-13.9258]},"properties":{"d":"2026-09-15","t":"0457","frp":8.8,"b":332.2,"c":0,"s":"SNPP","n":0}},{"type":"Feature","geometry":{"type":"Point","coordinates":[136.5786,-13.9258]},"properties":{"d":"2026-09-15","t":"0457","frp":15.7,"b":352.8,"c":1,"s":"SNPP","n":0}},{"type":"Feature","geometry":{"type":"Point","coordinates":[136.7044,-13.9244]},"properties":{"d":"2026-09-15","t":"0457","frp":5.2,"b":343.0,"c":1,"s":"SNPP","n":0}},{"type":"Feature","geometry":{"type":"Point","coordinates":[136.7037,-13.9204]},"properties":{"d":"2026-09-15","t":"0457","frp":5.2,"b":332.6,"c":0,"s":"SNPP","n":0}},{"type":"Feature","geometry":{"type":"Point","coordinates":[136.7088,-13.9196]},"properties":{"d":"2026-09-15","t":"0457","frp":5.2,"b":337.3,"c":1,"s":"SNPP","n":0}},{"type":"Feature","geometry":{"type":"Point","coordinates":[136.7029,-13.9165]},"properties":{"d":"2026-09-15","t":"0457","frp":6.3,"b":337.4,"c":1,"s":"SNPP","n":0}},{"type":"Feature","geometry":{"type":"Point","coordinates":[136.7081,-13.9156]},"properties":{"d":"2026-09-15","t":"0457","frp":6.3,"b":334.6,"c":1,"s":"SNPP","n":0}},{"type":"Feature","geometry":{"type":"Point","coordinates":[136.692,-13.9144]},"properties":{"d":"2026-09-15","t":"0457","frp":3.8,"b":332.1,"c":1,"s":"SNPP","n":0}},{"type":"Feature","geometry":{"type":"Point","coordinates":[136.6971,-13.9135]},"properties":{"d":"2026-09-15","t":"0457","frp":3.8,"b":339.5,"c":1,"s":"SNPP","n":0}},{"type":"Feature","geometry":{"type":"Point","coordinates":[136.7022,-13.9126]},"properties":{"d":"2026-09-15","t":"0457","frp":6.3,"b":350.9,"c":1,"s":"SNPP","n":0}},{"type":"Feature","geometry":{"type":"Point","coordinates":[136.4728,-13.912]},"properties":{"d":"2026-09-15","t":"0457","frp":3.2,"b":334.4,"c":1,"s":"SNPP","n":0}},{"type":"Feature","geometry":{"type":"Point","coordinates":[136.4777,-13.9112]},"properties":{"d":"2026-09-15","t":"0457","frp":3.2,"b":332.9,"c":1,"s":"SNPP","n":0}},{"type":"Feature","geometry":{"type":"Point","coordinates":[136.6912,-13.9104]},"properties":{"d":"2026-09-15","t":"0457","frp":18.1,"b":351.3,"c":1,"s":"SNPP","n":0}},{"type":"Feature","geometry":{"type":"Point","coordinates":[136.6963,-13.9095]},"properties":{"d":"2026-09-15","t":"0457","frp":18.1,"b":354.9,"c":1,"s":"SNPP","n":0}},{"type":"Feature","geometry":{"type":"Point","coordinates":[136.5996,-13.898]},"properties":{"d":"2026-09-15","t":"0457","frp":4.9,"b":343.4,"c":1,"s":"SNPP","n":0}},{"type":"Feature","geometry":{"type":"Point","coordinates":[136.7623,-13.8941]},"properties":{"d":"2026-09-15","t":"0457","frp":11.1,"b":335.5,"c":1,"s":"SNPP","n":0}},{"type":"Feature","geometry":{"type":"Point","coordinates":[136.4441,-13.893]},"properties":{"d":"2026-09-15","t":"0457","frp":2.6,"b":332.2,"c":1,"s":"SNPP","n":0}},{"type":"Feature","geometry":{"type":"Point","coordinates":[136.4899,-13.893]},"properties":{"d":"2026-09-15","t":"0457","frp":18.4,"b":343.6,"c":1,"s":"SNPP","n":0}},{"type":"Feature","geometry":{"type":"Point","coordinates":[136.4948,-13.8922]},"properties":{"d":"2026-09-15","t":"0457","frp":18.4,"b":341.2,"c":1,"s":"SNPP","n":0}},{"type":"Feature","geometry":{"type":"Point","coordinates":[136.593,-13.8911]},"properties":{"d":"2026-09-15","t":"0457","frp":4.2,"b":332.1,"c":0,"s":"SNPP","n":0}},{"type":"Feature","geometry":{"type":"Point","coordinates":[136.4842,-13.89]},"properties":{"d":"2026-09-15","t":"0457","frp":5.6,"b":336.4,"c":1,"s":"SNPP","n":0}},{"type":"Feature","geometry":{"type":"Point","coordinates":[136.4892,-13.8891]},"properties":{"d":"2026-09-15","t":"0457","frp":11.1,"b":349.0,"c":1,"s":"SNPP","n":0}},{"type":"Feature","geometry":{"type":"Point","coordinates":[136.5923,-13.8872]},"properties":{"d":"2026-09-15","t":"0457","frp":6.7,"b":340.4,"c":1,"s":"SNPP","n":0}},{"type":"Feature","geometry":{"type":"Point","coordinates":[136.4784,-13.887]},"properties":{"d":"2026-09-15","t":"0457","frp":5.6,"b":335.4,"c":1,"s":"SNPP","n":0}},{"type":"Feature","geometry":{"type":"Point","coordinates":[136.5752,-13.8781]},"properties":{"d":"2026-09-15","t":"0457","frp":4.3,"b":330.5,"c":0,"s":"SNPP","n":0}},{"type":"Feature","geometry":{"type":"Point","coordinates":[136.5201,-13.8714]},"properties":{"d":"2026-09-15","t":"0457","frp":6.7,"b":331.1,"c":1,"s":"SNPP","n":0}},{"type":"Feature","geometry":{"type":"Point","coordinates":[136.5221,-13.8713]},"properties":{"d":"2026-09-15","t":"0457","frp":3.1,"b":339.1,"c":1,"s":"SNPP","n":0}},{"type":"Feature","geometry":{"type":"Point","coordinates":[136.2262,-13.805]},"properties":{"d":"2026-09-15","t":"0457","frp":3.1,"b":333.2,"c":1,"s":"SNPP","n":0}},{"type":"Feature","geometry":{"type":"Point","coordinates":[134.5135,-13.7559]},"properties":{"d":"2026-09-15","t":"0457","frp":11.9,"b":347.0,"c":1,"s":"SNPP","n":0}},{"type":"Feature","geometry":{"type":"Point","coordinates":[134.5049,-13.7537]},"properties":{"d":"2026-09-15","t":"0457","frp":7.2,"b":335.5,"c":1,"s":"SNPP","n":0}},{"type":"Feature","geometry":{"type":"Point","coordinates":[134.5089,-13.753]},"properties":{"d":"2026-09-15","t":"0457","frp":11.9,"b":367.0,"c":2,"s":"SNPP","n":0}},{"type":"Feature","geometry":{"type":"Point","coordinates":[134.5129,-13.7524]},"properties":{"d":"2026-09-15","t":"0457","frp":11.9,"b":343.1,"c":1,"s":"SNPP","n":0}},{"type":"Feature","geometry":{"type":"Point","coordinates":[134.517,-13.7517]},"properties":{"d":"2026-09-15","t":"0457","frp":6.5,"b":338.6,"c":0,"s":"SNPP","n":0}},{"type":"Feature","geometry":{"type":"Point","coordinates":[136.2137,-13.736]},"properties":{"d":"2026-09-15","t":"0457","frp":9.2,"b":348.7,"c":1,"s":"SNPP","n":0}},{"type":"Feature","geometry":{"type":"Point","coordinates":[136.2123,-13.7283]},"properties":{"d":"2026-09-15","t":"0457","frp":8.4,"b":345.3,"c":1,"s":"SNPP","n":0}},{"type":"Feature","geometry":{"type":"Point","coordinates":[136.2068,-13.7254]},"properties":{"d":"2026-09-15","t":"0457","frp":10.3,"b":346.1,"c":1,"s":"SNPP","n":0}},{"type":"Feature","geometry":{"type":"Point","coordinates":[136.2116,-13.7245]},"properties":{"d":"2026-09-15","t":"0457","frp":8.4,"b":339.8,"c":1,"s":"SNPP","n":0}},{"type":"Feature","geometry":{"type":"Point","coordinates":[136.2024,-13.6887]},"properties":{"d":"2026-09-15","t":"0457","frp":4.9,"b":333.1,"c":1,"s":"SNPP","n":0}},{"type":"Feature","geometry":{"type":"Point","coordinates":[134.3106,-13.6233]},"properties":{"d":"2026-09-15","t":"0457","frp":3.6,"b":337.5,"c":0,"s":"SNPP","n":0}},{"type":"Feature","geometry":{"type":"Point","coordinates":[134.4657,-13.5978]},"properties":{"d":"2026-09-15","t":"0457","frp":11.2,"b":348.3,"c":1,"s":"SNPP","n":0}},{"type":"Feature","geometry":{"type":"Point","coordinates":[134.4697,-13.5972]},"properties":{"d":"2026-09-15","t":"0457","frp":11.2,"b":343.8,"c":1,"s":"SNPP","n":0}},{"type":"Feature","geometry":{"type":"Point","coordinates":[134.4611,-13.595]},"properties":{"d":"2026-09-15","t":"0457","frp":9.9,"b":347.8,"c":1,"s":"SNPP","n":0}},{"type":"Feature","geometry":{"type":"Point","coordinates":[134.4651,-13.5943]},"properties":{"d":"2026-09-15","t":"0457","frp":11.2,"b":355.4,"c":1,"s":"SNPP","n":0}},{"type":"Feature","geometry":{"type":"Point","coordinates":[134.4691,-13.5937]},"properties":{"d":"2026-09-15","t":"0457","frp":11.2,"b":347.1,"c":1,"s":"SNPP","n":0}},{"type":"Feature","geometry":{"type":"Point","coordinates":[141.807,-13.5434]},"properties":{"d":"2026-09-15","t":"0457","frp":5.0,"b":330.9,"c":1,"s":"SNPP","n":0}},{"type":"Feature","geometry":{"type":"Point","coordinates":[134.5643,-13.5421]},"properties":{"d":"2026-09-15","t":"0457","frp":5.1,"b":337.2,"c":0,"s":"SNPP","n":0}},{"type":"Feature","geometry":{"type":"Point","coordinates":[135.5607,-13.5418]},"properties":{"d":"2026-09-15","t":"0457","frp":11.2,"b":352.7,"c":1,"s":"SNPP","n":0}},{"type":"Feature","geometry":{"type":"Point","coordinates":[134.5637,-13.5417]},"properties":{"d":"2026-09-15","t":"0457","frp":3.4,"b":341.1,"c":1,"s":"SNPP","n":0}},{"type":"Feature","geometry":{"type":"Point","coordinates":[134.5596,-13.5393]},"properties":{"d":"2026-09-15","t":"0457","frp":3.6,"b":341.6,"c":1,"s":"SNPP","n":0}},{"type":"Feature","geometry":{"type":"Point","coordinates":[134.5637,-13.5386]},"properties":{"d":"2026-09-15","t":"0457","frp":4.7,"b":338.1,"c":0,"s":"SNPP","n":0}},{"type":"Feature","geometry":{"type":"Point","coordinates":[135.56,-13.5381]},"properties":{"d":"2026-09-15","t":"0457","frp":7.0,"b":353.7,"c":1,"s":"SNPP","n":0}},{"type":"Feature","geometry":{"type":"Point","coordinates":[135.5646,-13.5373]},"properties":{"d":"2026-09-15","t":"0457","frp":7.0,"b":348.4,"c":1,"s":"SNPP","n":0}},{"type":"Feature","geometry":{"type":"Point","coordinates":[135.5594,-13.5344]},"properties":{"d":"2026-09-15","t":"0457","frp":7.0,"b":342.6,"c":1,"s":"SNPP","n":0}},{"type":"Feature","geometry":{"type":"Point","coordinates":[135.5639,-13.5337]},"properties":{"d":"2026-09-15","t":"0457","frp":7.0,"b":344.9,"c":1,"s":"SNPP","n":0}},{"type":"Feature","geometry":{"type":"Point","coordinates":[135.5684,-13.5329]},"properties":{"d":"2026-09-15","t":"0457","frp":3.2,"b":331.8,"c":0,"s":"SNPP","n":0}},{"type":"Feature","geometry":{"type":"Point","coordinates":[135.5677,-13.5292]},"properties":{"d":"2026-09-15","t":"0457","frp":4.0,"b":334.3,"c":0,"s":"SNPP","n":0}},{"type":"Feature","geometry":{"type":"Point","coordinates":[135.578,-13.5083]},"properties":{"d":"2026-09-15","t":"0457","frp":4.9,"b":346.6,"c":1,"s":"SNPP","n":0}},{"type":"Feature","geometry":{"type":"Point","coordinates":[135.5774,-13.5046]},"properties":{"d":"2026-09-15","t":"0457","frp":4.5,"b":335.4,"c":1,"s":"SNPP","n":0}},{"type":"Feature","geometry":{"type":"Point","coordinates":[135.5821,-13.5038]},"properties":{"d":"2026-09-15","t":"0457","frp":14.6,"b":336.4,"c":1,"s":"SNPP","n":0}},{"type":"Feature","geometry":{"type":"Point","coordinates":[135.5768,-13.5009]},"properties":{"d":"2026-09-15","t":"0457","frp":4.5,"b":338.0,"c":1,"s":"SNPP","n":0}},{"type":"Feature","geometry":{"type":"Point","coordinates":[135.5762,-13.4972]},"properties":{"d":"2026-09-15","t":"0457","frp":1.1,"b":338.6,"c":1,"s":"SNPP","n":0}},{"type":"Feature","geometry":{"type":"Point","coordinates":[135.6192,-13.4431]},"properties":{"d":"2026-09-15","t":"0457","frp":4.9,"b":338.1,"c":1,"s":"SNPP","n":0}},{"type":"Feature","geometry":{"type":"Point","coordinates":[135.5074,-13.4428]},"properties":{"d":"2026-09-15","t":"0457","frp":4.4,"b":339.0,"c":1,"s":"SNPP","n":0}},{"type":"Feature","geometry":{"type":"Point","coordinates":[135.6238,-13.4423]},"properties":{"d":"2026-09-15","t":"0457","frp":4.9,"b":341.6,"c":1,"s":"SNPP","n":0}},{"type":"Feature","geometry":{"type":"Point","coordinates":[135.5241,-13.4323]},"properties":{"d":"2026-09-15","t":"0457","frp":11.1,"b":335.7,"c":1,"s":"SNPP","n":0}},{"type":"Feature","geometry":{"type":"Point","coordinates":[135.5286,-13.4315]},"properties":{"d":"2026-09-15","t":"0457","frp":11.1,"b":357.2,"c":1,"s":"SNPP","n":0}},{"type":"Feature","geometry":{"type":"Point","coordinates":[135.6218,-13.4311]},"properties":{"d":"2026-09-15","t":"0457","frp":9.4,"b":347.6,"c":1,"s":"SNPP","n":0}},{"type":"Feature","geometry":{"type":"Point","coordinates":[135.5235,-13.4286]},"properties":{"d":"2026-09-15","t":"0457","frp":13.8,"b":350.2,"c":1,"s":"SNPP","n":0}},{"type":"Feature","geometry":{"type":"Point","coordinates":[135.528,-13.4278]},"properties":{"d":"2026-09-15","t":"0457","frp":13.8,"b":356.1,"c":1,"s":"SNPP","n":0}},{"type":"Feature","geometry":{"type":"Point","coordinates":[135.5325,-13.4271]},"properties":{"d":"2026-09-15","t":"0457","frp":2.8,"b":336.7,"c":1,"s":"SNPP","n":0}},{"type":"Feature","geometry":{"type":"Point","coordinates":[136.359,-13.2816]},"properties":{"d":"2026-09-15","t":"0457","frp":11.0,"b":352.6,"c":1,"s":"SNPP","n":0}},{"type":"Feature","geometry":{"type":"Point","coordinates":[136.3633,-13.2768]},"properties":{"d":"2026-09-15","t":"0457","frp":11.6,"b":350.2,"c":1,"s":"SNPP","n":0}},{"type":"Feature","geometry":{"type":"Point","coordinates":[136.357,-13.2699]},"properties":{"d":"2026-09-15","t":"0457","frp":10.1,"b":352.1,"c":1,"s":"SNPP","n":0}},{"type":"Feature","geometry":{"type":"Point","coordinates":[136.3506,-13.263]},"properties":{"d":"2026-09-15","t":"0457","frp":9.2,"b":351.8,"c":1,"s":"SNPP","n":0}},{"type":"Feature","geometry":{"type":"Point","coordinates":[136.35,-13.2591]},"properties":{"d":"2026-09-15","t":"0457","frp":9.2,"b":340.5,"c":1,"s":"SNPP","n":0}},{"type":"Feature","geometry":{"type":"Point","coordinates":[136.3393,-13.2569]},"properties":{"d":"2026-09-15","t":"0457","frp":14.2,"b":350.7,"c":1,"s":"SNPP","n":0}},{"type":"Feature","geometry":{"type":"Point","coordinates":[136.3337,-13.2539]},"properties":{"d":"2026-09-15","t":"0457","frp":9.0,"b":340.6,"c":1,"s":"SNPP","n":0}},{"type":"Feature","geometry":{"type":"Point","coordinates":[136.3358,-13.2533]},"properties":{"d":"2026-09-15","t":"0457","frp":11.9,"b":353.6,"c":1,"s":"SNPP","n":0}},{"type":"Feature","geometry":{"type":"Point","coordinates":[136.3386,-13.2531]},"properties":{"d":"2026-09-15","t":"0457","frp":14.2,"b":349.1,"c":1,"s":"SNPP","n":0}},{"type":"Feature","geometry":{"type":"Point","coordinates":[136.3408,-13.2525]},"properties":{"d":"2026-09-15","t":"0457","frp":10.7,"b":336.7,"c":1,"s":"SNPP","n":0}},{"type":"Feature","geometry":{"type":"Point","coordinates":[136.3302,-13.2502]},"properties":{"d":"2026-09-15","t":"0457","frp":11.9,"b":345.7,"c":1,"s":"SNPP","n":0}},{"type":"Feature","geometry":{"type":"Point","coordinates":[136.333,-13.25]},"properties":{"d":"2026-09-15","t":"0457","frp":11.0,"b":348.1,"c":1,"s":"SNPP","n":0}},{"type":"Feature","geometry":{"type":"Point","coordinates":[141.9062,-13.0798]},"properties":{"d":"2026-09-15","t":"0457","frp":2.9,"b":331.4,"c":1,"s":"SNPP","n":0}},{"type":"Feature","geometry":{"type":"Point","coordinates":[141.91,-13.0791]},"properties":{"d":"2026-09-15","t":"0457","frp":2.9,"b":335.4,"c":1,"s":"SNPP","n":0}},{"type":"Feature","geometry":{"type":"Point","coordinates":[141.9005,-13.0776]},"properties":{"d":"2026-09-15","t":"0457","frp":7.9,"b":348.4,"c":1,"s":"SNPP","n":0}},{"type":"Feature","geometry":{"type":"Point","coordinates":[141.9043,-13.0768]},"properties":{"d":"2026-09-15","t":"0457","frp":7.1,"b":348.9,"c":1,"s":"SNPP","n":0}},{"type":"Feature","geometry":{"type":"Point","coordinates":[141.9082,-13.076]},"properties":{"d":"2026-09-15","t":"0457","frp":7.1,"b":350.7,"c":1,"s":"SNPP","n":0}},{"type":"Feature","geometry":{"type":"Point","coordinates":[141.8972,-13.0758]},"properties":{"d":"2026-09-15","t":"0457","frp":5.4,"b":354.1,"c":1,"s":"SNPP","n":0}},{"type":"Feature","geometry":{"type":"Point","coordinates":[141.912,-13.0753]},"properties":{"d":"2026-09-15","t":"0457","frp":7.1,"b":349.1,"c":1,"s":"SNPP","n":0}},{"type":"Feature","geometry":{"type":"Point","coordinates":[141.9011,-13.075]},"properties":{"d":"2026-09-15","t":"0457","frp":5.4,"b":355.3,"c":1,"s":"SNPP","n":0}},{"type":"Feature","geometry":{"type":"Point","coordinates":[141.9158,-13.0746]},"properties":{"d":"2026-09-15","t":"0457","frp":7.1,"b":349.9,"c":1,"s":"SNPP","n":0}},{"type":"Feature","geometry":{"type":"Point","coordinates":[141.905,-13.0742]},"properties":{"d":"2026-09-15","t":"0457","frp":6.7,"b":348.6,"c":1,"s":"SNPP","n":0}},{"type":"Feature","geometry":{"type":"Point","coordinates":[141.9195,-13.0738]},"properties":{"d":"2026-09-15","t":"0457","frp":5.7,"b":337.8,"c":1,"s":"SNPP","n":0}},{"type":"Feature","geometry":{"type":"Point","coordinates":[141.9089,-13.0735]},"properties":{"d":"2026-09-15","t":"0457","frp":6.7,"b":350.7,"c":1,"s":"SNPP","n":0}},{"type":"Feature","geometry":{"type":"Point","coordinates":[141.8953,-13.0727]},"properties":{"d":"2026-09-15","t":"0457","frp":7.0,"b":367.0,"c":2,"s":"SNPP","n":0}},{"type":"Feature","geometry":{"type":"Point","coordinates":[141.9127,-13.0727]},"properties":{"d":"2026-09-15","t":"0457","frp":8.0,"b":341.5,"c":1,"s":"SNPP","n":0}},{"type":"Feature","geometry":{"type":"Point","coordinates":[141.8992,-13.072]},"properties":{"d":"2026-09-15","t":"0457","frp":7.0,"b":343.3,"c":1,"s":"SNPP","n":0}},{"type":"Feature","geometry":{"type":"Point","coordinates":[141.9164,-13.0719]},"properties":{"d":"2026-09-15","t":"0457","frp":8.0,"b":352.1,"c":1,"s":"SNPP","n":0}},{"type":"Feature","geometry":{"type":"Point","coordinates":[141.9031,-13.0712]},"properties":{"d":"2026-09-15","t":"0457","frp":5.1,"b":345.8,"c":1,"s":"SNPP","n":0}},{"type":"Feature","geometry":{"type":"Point","coordinates":[141.9201,-13.0712]},"properties":{"d":"2026-09-15","t":"0457","frp":10.0,"b":340.4,"c":1,"s":"SNPP","n":0}},{"type":"Feature","geometry":{"type":"Point","coordinates":[141.907,-13.0705]},"properties":{"d":"2026-09-15","t":"0457","frp":5.1,"b":331.7,"c":1,"s":"SNPP","n":0}},{"type":"Feature","geometry":{"type":"Point","coordinates":[141.896,-13.0702]},"properties":{"d":"2026-09-15","t":"0457","frp":5.4,"b":338.1,"c":1,"s":"SNPP","n":0}},{"type":"Feature","geometry":{"type":"Point","coordinates":[141.8999,-13.0694]},"properties":{"d":"2026-09-15","t":"0457","frp":5.4,"b":330.5,"c":1,"s":"SNPP","n":0}},{"type":"Feature","geometry":{"type":"Point","coordinates":[141.9038,-13.0687]},"properties":{"d":"2026-09-15","t":"0457","frp":6.7,"b":333.4,"c":1,"s":"SNPP","n":0}},{"type":"Feature","geometry":{"type":"Point","coordinates":[141.9161,-13.0571]},"properties":{"d":"2026-09-15","t":"0457","frp":4.2,"b":341.8,"c":1,"s":"SNPP","n":0}},{"type":"Feature","geometry":{"type":"Point","coordinates":[136.3731,-13.0465]},"properties":{"d":"2026-09-15","t":"0457","frp":12.9,"b":340.9,"c":1,"s":"SNPP","n":0}},{"type":"Feature","geometry":{"type":"Point","coordinates":[136.3782,-13.0457]},"properties":{"d":"2026-09-15","t":"0457","frp":4.6,"b":330.4,"c":0,"s":"SNPP","n":0}},{"type":"Feature","geometry":{"type":"Point","coordinates":[136.3467,-13.0431]},"properties":{"d":"2026-09-15","t":"0457","frp":3.8,"b":336.1,"c":1,"s":"SNPP","n":0}},{"type":"Feature","geometry":{"type":"Point","coordinates":[136.346,-13.0392]},"properties":{"d":"2026-09-15","t":"0457","frp":5.8,"b":333.4,"c":0,"s":"SNPP","n":0}},{"type":"Feature","geometry":{"type":"Point","coordinates":[136.3717,-13.0387]},"properties":{"d":"2026-09-15","t":"0457","frp":9.8,"b":331.8,"c":0,"s":"SNPP","n":0}},{"type":"Feature","geometry":{"type":"Point","coordinates":[136.3768,-13.0379]},"properties":{"d":"2026-09-15","t":"0457","frp":10.3,"b":334.7,"c":1,"s":"SNPP","n":0}},{"type":"Feature","geometry":{"type":"Point","coordinates":[136.3711,-13.0348]},"properties":{"d":"2026-09-15","t":"0457","frp":9.8,"b":341.6,"c":1,"s":"SNPP","n":0}},{"type":"Feature","geometry":{"type":"Point","coordinates":[136.3503,-13.0344]},"properties":{"d":"2026-09-15","t":"0457","frp":5.8,"b":335.8,"c":1,"s":"SNPP","n":0}},{"type":"Feature","geometry":{"type":"Point","coordinates":[136.3677,-13.0317]},"properties":{"d":"2026-09-15","t":"0457","frp":4.3,"b":330.8,"c":0,"s":"SNPP","n":0}},{"type":"Feature","geometry":{"type":"Point","coordinates":[136.3469,-13.0312]},"properties":{"d":"2026-09-15","t":"0457","frp":11.3,"b":342.0,"c":1,"s":"SNPP","n":0}},{"type":"Feature","geometry":{"type":"Point","coordinates":[136.3496,-13.0305]},"properties":{"d":"2026-09-15","t":"0457","frp":6.1,"b":335.9,"c":1,"s":"SNPP","n":0}},{"type":"Feature","geometry":{"type":"Point","coordinates":[136.3647,-13.0279]},"properties":{"d":"2026-09-15","t":"0457","frp":4.3,"b":335.5,"c":1,"s":"SNPP","n":0}},{"type":"Feature","geometry":{"type":"Point","coordinates":[136.3671,-13.0278]},"properties":{"d":"2026-09-15","t":"0457","frp":4.3,"b":342.6,"c":1,"s":"SNPP","n":0}},{"type":"Feature","geometry":{"type":"Point","coordinates":[142.0094,-12.943]},"properties":{"d":"2026-09-15","t":"0457","frp":6.1,"b":331.6,"c":1,"s":"SNPP","n":0}},{"type":"Feature","geometry":{"type":"Point","coordinates":[142.0061,-12.9399]},"properties":{"d":"2026-09-15","t":"0457","frp":5.5,"b":330.6,"c":1,"s":"SNPP","n":0}},{"type":"Feature","geometry":{"type":"Point","coordinates":[131.2588,-12.9337]},"properties":{"d":"2026-09-15","t":"0457","frp":5.2,"b":341.9,"c":1,"s":"SNPP","n":0}},{"type":"Feature","geometry":{"type":"Point","coordinates":[131.2405,-12.933]},"properties":{"d":"2026-09-15","t":"0457","frp":2.8,"b":340.9,"c":1,"s":"SNPP","n":0}},{"type":"Feature","geometry":{"type":"Point","coordinates":[131.2441,-12.9325]},"properties":{"d":"2026-09-15","t":"0457","frp":3.8,"b":353.5,"c":1,"s":"SNPP","n":0}},{"type":"Feature","geometry":{"type":"Point","coordinates":[131.2476,-12.932]},"properties":{"d":"2026-09-15","t":"0457","frp":3.8,"b":339.3,"c":0,"s":"SNPP","n":0}},{"type":"Feature","geometry":{"type":"Point","coordinates":[131.2329,-12.9308]},"properties":{"d":"2026-09-15","t":"0457","frp":17.7,"b":344.1,"c":1,"s":"SNPP","n":0}},{"type":"Feature","geometry":{"type":"Point","coordinates":[131.2364,-12.9302]},"properties":{"d":"2026-09-15","t":"0457","frp":16.6,"b":367.0,"c":2,"s":"SNPP","n":0}},{"type":"Feature","geometry":{"type":"Point","coordinates":[131.2619,-12.9298]},"properties":{"d":"2026-09-15","t":"0457","frp":5.2,"b":344.2,"c":1,"s":"SNPP","n":0}},{"type":"Feature","geometry":{"type":"Point","coordinates":[131.24,-12.9297]},"properties":{"d":"2026-09-15","t":"0457","frp":16.6,"b":350.2,"c":1,"s":"SNPP","n":0}},{"type":"Feature","geometry":{"type":"Point","coordinates":[131.2436,-12.9292]},"properties":{"d":"2026-09-15","t":"0457","frp":13.4,"b":338.3,"c":0,"s":"SNPP","n":0}},{"type":"Feature","geometry":{"type":"Point","coordinates":[131.2359,-12.9269]},"properties":{"d":"2026-09-15","t":"0457","frp":16.6,"b":348.9,"c":1,"s":"SNPP","n":0}},{"type":"Feature","geometry":{"type":"Point","coordinates":[131.243,-12.9258]},"properties":{"d":"2026-09-15","t":"0457","frp":13.4,"b":341.0,"c":1,"s":"SNPP","n":0}},{"type":"Feature","geometry":{"type":"Point","coordinates":[132.1885,-12.8392]},"properties":{"d":"2026-09-15","t":"0457","frp":3.9,"b":336.3,"c":1,"s":"SNPP","n":0}},{"type":"Feature","geometry":{"type":"Point","coordinates":[132.1921,-12.8387]},"properties":{"d":"2026-09-15","t":"0457","frp":3.9,"b":341.5,"c":1,"s":"SNPP","n":0}},{"type":"Feature","geometry":{"type":"Point","coordinates":[132.188,-12.8359]},"properties":{"d":"2026-09-15","t":"0457","frp":3.9,"b":350.2,"c":1,"s":"SNPP","n":0}},{"type":"Feature","geometry":{"type":"Point","coordinates":[132.1987,-12.8342]},"properties":{"d":"2026-09-15","t":"0457","frp":9.3,"b":344.8,"c":1,"s":"SNPP","n":0}},{"type":"Feature","geometry":{"type":"Point","coordinates":[136.3291,-12.8138]},"properties":{"d":"2026-09-15","t":"0457","frp":4.6,"b":342.1,"c":1,"s":"SNPP","n":0}},{"type":"Feature","geometry":{"type":"Point","coordinates":[136.3317,-12.813]},"properties":{"d":"2026-09-15","t":"0457","frp":6.6,"b":340.8,"c":1,"s":"SNPP","n":0}},{"type":"Feature","geometry":{"type":"Point","coordinates":[136.3284,-12.8099]},"properties":{"d":"2026-09-15","t":"0457","frp":4.6,"b":333.4,"c":0,"s":"SNPP","n":0}},{"type":"Feature","geometry":{"type":"Point","coordinates":[136.331,-12.8091]},"properties":{"d":"2026-09-15","t":"0457","frp":4.0,"b":330.1,"c":0,"s":"SNPP","n":0}},{"type":"Feature","geometry":{"type":"Point","coordinates":[132.1435,-12.8086]},"properties":{"d":"2026-09-15","t":"0457","frp":4.6,"b":351.6,"c":1,"s":"SNPP","n":0}},{"type":"Feature","geometry":{"type":"Point","coordinates":[132.1252,-12.808]},"properties":{"d":"2026-09-15","t":"0457","frp":12.9,"b":349.2,"c":1,"s":"SNPP","n":0}},{"type":"Feature","geometry":{"type":"Point","coordinates":[132.1288,-12.8075]},"properties":{"d":"2026-09-15","t":"0457","frp":12.9,"b":367.0,"c":2,"s":"SNPP","n":0}},{"type":"Feature","geometry":{"type":"Point","coordinates":[136.3202,-12.807]},"properties":{"d":"2026-09-15","t":"0457","frp":6.3,"b":334.5,"c":0,"s":"SNPP","n":0}},{"type":"Feature","geometry":{"type":"Point","coordinates":[132.143,-12.8053]},"properties":{"d":"2026-09-15","t":"0457","frp":13.5,"b":352.9,"c":1,"s":"SNPP","n":0}},{"type":"Feature","geometry":{"type":"Point","coordinates":[132.1466,-12.8047]},"properties":{"d":"2026-09-15","t":"0457","frp":6.9,"b":354.8,"c":1,"s":"SNPP","n":0}},{"type":"Feature","geometry":{"type":"Point","coordinates":[132.1501,-12.8042]},"properties":{"d":"2026-09-15","t":"0457","frp":6.9,"b":354.9,"c":1,"s":"SNPP","n":0}},{"type":"Feature","geometry":{"type":"Point","coordinates":[136.3168,-12.8038]},"properties":{"d":"2026-09-15","t":"0457","frp":4.7,"b":332.9,"c":0,"s":"SNPP","n":0}},{"type":"Feature","geometry":{"type":"Point","coordinates":[136.1815,-12.7947]},"properties":{"d":"2026-09-15","t":"0457","frp":11.6,"b":349.1,"c":1,"s":"SNPP","n":0}},{"type":"Feature","geometry":{"type":"Point","coordinates":[136.1808,-12.7908]},"properties":{"d":"2026-09-15","t":"0457","frp":5.8,"b":334.9,"c":0,"s":"SNPP","n":0}},{"type":"Feature","geometry":{"type":"Point","coordinates":[136.1858,-12.79]},"properties":{"d":"2026-09-15","t":"0457","frp":3.3,"b":334.6,"c":1,"s":"SNPP","n":0}},{"type":"Feature","geometry":{"type":"Point","coordinates":[136.1653,-12.7895]},"properties":{"d":"2026-09-15","t":"0457","frp":9.0,"b":347.7,"c":1,"s":"SNPP","n":0}},{"type":"Feature","geometry":{"type":"Point","coordinates":[136.1703,-12.7886]},"properties":{"d":"2026-09-15","t":"0457","frp":9.0,"b":345.6,"c":1,"s":"SNPP","n":0}},{"type":"Feature","geometry":{"type":"Point","coordinates":[132.1876,-12.7881]},"properties":{"d":"2026-09-15","t":"0457","frp":6.0,"b":355.0,"c":1,"s":"SNPP","n":0}},{"type":"Feature","geometry":{"type":"Point","coordinates":[136.1801,-12.7869]},"properties":{"d":"2026-09-15","t":"0457","frp":5.8,"b":342.8,"c":1,"s":"SNPP","n":0}},{"type":"Feature","geometry":{"type":"Point","coordinates":[136.1597,-12.7865]},"properties":{"d":"2026-09-15","t":"0457","frp":61.6,"b":332.9,"c":0,"s":"SNPP","n":0}},{"type":"Feature","geometry":{"type":"Point","coordinates":[136.1851,-12.7861]},"properties":{"d":"2026-09-15","t":"0457","frp":3.3,"b":334.5,"c":1,"s":"SNPP","n":0}},{"type":"Feature","geometry":{"type":"Point","coordinates":[136.1646,-12.7856]},"properties":{"d":"2026-09-15","t":"0457","frp":89.7,"b":348.6,"c":1,"s":"SNPP","n":0}},{"type":"Feature","geometry":{"type":"Point","coordinates":[136.1696,-12.7848]},"properties":{"d":"2026-09-15","t":"0457","frp":89.7,"b":341.2,"c":1,"s":"SNPP","n":0}},{"type":"Feature","geometry":{"type":"Point","coordinates":[136.1541,-12.7834]},"properties":{"d":"2026-09-15","t":"0457","frp":61.6,"b":336.3,"c":1,"s":"SNPP","n":0}},{"type":"Feature","geometry":{"type":"Point","coordinates":[142.3056,-12.7834]},"properties":{"d":"2026-09-15","t":"0457","frp":4.7,"b":333.2,"c":1,"s":"SNPP","n":0}},{"type":"Feature","geometry":{"type":"Point","coordinates":[132.1428,-12.7814]},"properties":{"d":"2026-09-15","t":"0457","frp":5.7,"b":349.1,"c":1,"s":"SNPP","n":0}},{"type":"Feature","geometry":{"type":"Point","coordinates":[136.1583,-12.7787]},"properties":{"d":"2026-09-15","t":"0457","frp":3.8,"b":330.4,"c":0,"s":"SNPP","n":0}},{"type":"Feature","geometry":{"type":"Point","coordinates":[132.1458,-12.7775]},"properties":{"d":"2026-09-15","t":"0457","frp":8.7,"b":349.3,"c":1,"s":"SNPP","n":0}},{"type":"Feature","geometry":{"type":"Point","coordinates":[142.3086,-12.7767]},"properties":{"d":"2026-09-15","t":"0457","frp":4.8,"b":347.5,"c":1,"s":"SNPP","n":0}},{"type":"Feature","geometry":{"type":"Point","coordinates":[142.3106,-12.776]},"properties":{"d":"2026-09-15","t":"0457","frp":5.9,"b":340.9,"c":1,"s":"SNPP","n":0}},{"type":"Feature","geometry":{"type":"Point","coordinates":[131.9925,-12.7739]},"properties":{"d":"2026-09-15","t":"0457","frp":4.0,"b":337.3,"c":0,"s":"SNPP","n":0}},{"type":"Feature","geometry":{"type":"Point","coordinates":[131.9961,-12.7734]},"properties":{"d":"2026-09-15","t":"0457","frp":3.1,"b":347.4,"c":1,"s":"SNPP","n":0}},{"type":"Feature","geometry":{"type":"Point","coordinates":[131.9885,-12.7711]},"properties":{"d":"2026-09-15","t":"0457","frp":4.0,"b":354.3,"c":1,"s":"SNPP","n":0}},{"type":"Feature","geometry":{"type":"Point","coordinates":[142.3053,-12.7711]},"properties":{"d":"2026-09-15","t":"0457","frp":5.9,"b":330.2,"c":0,"s":"SNPP","n":0}},{"type":"Feature","geometry":{"type":"Point","coordinates":[142.3074,-12.771]},"properties":{"d":"2026-09-15","t":"0457","frp":4.8,"b":341.0,"c":1,"s":"SNPP","n":0}},{"type":"Feature","geometry":{"type":"Point","coordinates":[131.992,-12.7706]},"properties":{"d":"2026-09-15","t":"0457","frp":4.0,"b":338.9,"c":1,"s":"SNPP","n":0}},{"type":"Feature","geometry":{"type":"Point","coordinates":[131.9956,-12.77]},"properties":{"d":"2026-09-15","t":"0457","frp":3.1,"b":337.4,"c":1,"s":"SNPP","n":0}},{"type":"Feature","geometry":{"type":"Point","coordinates":[131.9991,-12.7695]},"properties":{"d":"2026-09-15","t":"0457","frp":3.1,"b":336.5,"c":0,"s":"SNPP","n":0}},{"type":"Feature","geometry":{"type":"Point","coordinates":[131.988,-12.7678]},"properties":{"d":"2026-09-15","t":"0457","frp":11.1,"b":338.8,"c":1,"s":"SNPP","n":0}},{"type":"Feature","geometry":{"type":"Point","coordinates":[131.9915,-12.7673]},"properties":{"d":"2026-09-15","t":"0457","frp":11.1,"b":345.0,"c":1,"s":"SNPP","n":0}},{"type":"Feature","geometry":{"type":"Point","coordinates":[132.1757,-12.7592]},"properties":{"d":"2026-09-15","t":"0457","frp":3.4,"b":338.9,"c":1,"s":"SNPP","n":0}},{"type":"Feature","geometry":{"type":"Point","coordinates":[132.0006,-12.7568]},"properties":{"d":"2026-09-15","t":"0457","frp":2.9,"b":336.7,"c":0,"s":"SNPP","n":0}},{"type":"Feature","geometry":{"type":"Point","coordinates":[132.0001,-12.7535]},"properties":{"d":"2026-09-15","t":"0457","frp":2.1,"b":333.3,"c":0,"s":"SNPP","n":0}},{"type":"Feature","geometry":{"type":"Point","coordinates":[132.1634,-12.7509]},"properties":{"d":"2026-09-15","t":"0457","frp":5.8,"b":353.1,"c":1,"s":"SNPP","n":0}},{"type":"Feature","geometry":{"type":"Point","coordinates":[132.167,-12.7503]},"properties":{"d":"2026-09-15","t":"0457","frp":7.1,"b":353.7,"c":1,"s":"SNPP","n":0}},{"type":"Feature","geometry":{"type":"Point","coordinates":[132.1593,-12.7481]},"properties":{"d":"2026-09-15","t":"0457","frp":19.2,"b":367.0,"c":2,"s":"SNPP","n":0}},{"type":"Feature","geometry":{"type":"Point","coordinates":[132.1629,-12.7476]},"properties":{"d":"2026-09-15","t":"0457","frp":19.2,"b":352.0,"c":1,"s":"SNPP","n":0}},{"type":"Feature","geometry":{"type":"Point","coordinates":[132.1553,-12.7453]},"properties":{"d":"2026-09-15","t":"0457","frp":8.2,"b":350.0,"c":1,"s":"SNPP","n":0}},{"type":"Feature","geometry":{"type":"Point","coordinates":[132.0238,-12.743]},"properties":{"d":"2026-09-15","t":"0457","frp":5.7,"b":342.3,"c":0,"s":"SNPP","n":0}},{"type":"Feature","geometry":{"type":"Point","coordinates":[132.1512,-12.7425]},"properties":{"d":"2026-09-15","t":"0457","frp":5.5,"b":351.3,"c":1,"s":"SNPP","n":0}},{"type":"Feature","geometry":{"type":"Point","coordinates":[132.1548,-12.742]},"properties":{"d":"2026-09-15","t":"0457","frp":5.5,"b":337.2,"c":1,"s":"SNPP","n":0}},{"type":"Feature","geometry":{"type":"Point","coordinates":[132.1471,-12.7398]},"properties":{"d":"2026-09-15","t":"0457","frp":7.8,"b":348.5,"c":1,"s":"SNPP","n":0}},{"type":"Feature","geometry":{"type":"Point","coordinates":[132.0233,-12.7397]},"properties":{"d":"2026-09-15","t":"0457","frp":5.7,"b":351.4,"c":1,"s":"SNPP","n":0}},{"type":"Feature","geometry":{"type":"Point","coordinates":[132.1507,-12.7392]},"properties":{"d":"2026-09-15","t":"0457","frp":5.5,"b":337.6,"c":1,"s":"SNPP","n":0}},{"type":"Feature","geometry":{"type":"Point","coordinates":[132.0268,-12.7391]},"properties":{"d":"2026-09-15","t":"0457","frp":5.5,"b":335.9,"c":0,"s":"SNPP","n":0}},{"type":"Feature","geometry":{"type":"Point","coordinates":[132.1467,-12.7377]},"properties":{"d":"2026-09-15","t":"0457","frp":3.6,"b":338.1,"c":1,"s":"SNPP","n":0}},{"type":"Feature","geometry":{"type":"Point","coordinates":[132.0187,-12.7336]},"properties":{"d":"2026-09-15","t":"0457","frp":2.8,"b":338.6,"c":1,"s":"SNPP","n":0}},{"type":"Feature","geometry":{"type":"Point","coordinates":[132.0222,-12.733]},"properties":{"d":"2026-09-15","t":"0457","frp":2.8,"b":337.9,"c":1,"s":"SNPP","n":0}},{"type":"Feature","geometry":{"type":"Point","coordinates":[132.0258,-12.7325]},"properties":{"d":"2026-09-15","t":"0457","frp":2.3,"b":347.6,"c":1,"s":"SNPP","n":0}},{"type":"Feature","geometry":{"type":"Point","coordinates":[132.0252,-12.7291]},"properties":{"d":"2026-09-15","t":"0457","frp":7.8,"b":342.6,"c":1,"s":"SNPP","n":0}},{"type":"Feature","geometry":{"type":"Point","coordinates":[132.0212,-12.7264]},"properties":{"d":"2026-09-15","t":"0457","frp":6.8,"b":367.0,"c":2,"s":"SNPP","n":0}},{"type":"Feature","geometry":{"type":"Point","coordinates":[132.0247,-12.7258]},"properties":{"d":"2026-09-15","t":"0457","frp":7.8,"b":351.2,"c":1,"s":"SNPP","n":0}},{"type":"Feature","geometry":{"type":"Point","coordinates":[132.9619,-12.7189]},"properties":{"d":"2026-09-15","t":"0457","frp":4.6,"b":341.2,"c":0,"s":"SNPP","n":0}},{"type":"Feature","geometry":{"type":"Point","coordinates":[132.9577,-12.7161]},"properties":{"d":"2026-09-15","t":"0457","frp":4.6,"b":342.6,"c":0,"s":"SNPP","n":0}},{"type":"Feature","geometry":{"type":"Point","coordinates":[132.9613,-12.7155]},"properties":{"d":"2026-09-15","t":"0457","frp":4.6,"b":343.0,"c":1,"s":"SNPP","n":0}},{"type":"Feature","geometry":{"type":"Point","coordinates":[132.965,-12.7149]},"properties":{"d":"2026-09-15","t":"0457","frp":11.7,"b":353.2,"c":1,"s":"SNPP","n":0}},{"type":"Feature","geometry":{"type":"Point","coordinates":[132.9571,-12.7127]},"properties":{"d":"2026-09-15","t":"0457","frp":7.8,"b":341.4,"c":1,"s":"SNPP","n":0}},{"type":"Feature","geometry":{"type":"Point","coordinates":[132.9732,-12.6964]},"properties":{"d":"2026-09-15","t":"0457","frp":6.5,"b":341.2,"c":1,"s":"SNPP","n":0}},{"type":"Feature","geometry":{"type":"Point","coordinates":[132.9841,-12.6946]},"properties":{"d":"2026-09-15","t":"0457","frp":8.9,"b":346.3,"c":1,"s":"SNPP","n":0}},{"type":"Feature","geometry":{"type":"Point","coordinates":[132.9783,-12.6817]},"properties":{"d":"2026-09-15","t":"0457","frp":67.2,"b":349.1,"c":1,"s":"SNPP","n":0}},{"type":"Feature","geometry":{"type":"Point","coordinates":[136.5983,-12.6574]},"properties":{"d":"2026-09-15","t":"0457","frp":2.9,"b":339.7,"c":1,"s":"SNPP","n":0}},{"type":"Feature","geometry":{"type":"Point","coordinates":[136.6003,-12.6558]},"properties":{"d":"2026-09-15","t":"0457","frp":6.5,"b":333.7,"c":1,"s":"SNPP","n":0}},{"type":"Feature","geometry":{"type":"Point","coordinates":[132.9811,-12.6535]},"properties":{"d":"2026-09-15","t":"0457","frp":7.2,"b":346.4,"c":1,"s":"SNPP","n":0}},{"type":"Feature","geometry":{"type":"Point","coordinates":[132.9848,-12.653]},"properties":{"d":"2026-09-15","t":"0457","frp":5.0,"b":345.4,"c":1,"s":"SNPP","n":0}},{"type":"Feature","geometry":{"type":"Point","coordinates":[132.9769,-12.6507]},"properties":{"d":"2026-09-15","t":"0457","frp":7.2,"b":342.8,"c":0,"s":"SNPP","n":0}},{"type":"Feature","geometry":{"type":"Point","coordinates":[136.1739,-12.6239]},"properties":{"d":"2026-09-15","t":"0457","frp":1.8,"b":331.0,"c":1,"s":"SNPP","n":0}},{"type":"Feature","geometry":{"type":"Point","coordinates":[136.1759,-12.6232]},"properties":{"d":"2026-09-15","t":"0457","frp":7.3,"b":347.1,"c":1,"s":"SNPP","n":0}},{"type":"Feature","geometry":{"type":"Point","coordinates":[136.1789,-12.623]},"properties":{"d":"2026-09-15","t":"0457","frp":11.2,"b":348.9,"c":1,"s":"SNPP","n":0}},{"type":"Feature","geometry":{"type":"Point","coordinates":[136.1809,-12.6224]},"properties":{"d":"2026-09-15","t":"0457","frp":4.6,"b":332.9,"c":0,"s":"SNPP","n":0}},{"type":"Feature","geometry":{"type":"Point","coordinates":[134.2689,-12.5618]},"properties":{"d":"2026-09-15","t":"0457","frp":16.0,"b":343.9,"c":0,"s":"SNPP","n":0}},{"type":"Feature","geometry":{"type":"Point","coordinates":[136.2141,-12.5485]},"properties":{"d":"2026-09-15","t":"0457","frp":9.3,"b":338.7,"c":1,"s":"SNPP","n":0}},{"type":"Feature","geometry":{"type":"Point","coordinates":[136.2084,-12.5455]},"properties":{"d":"2026-09-15","t":"0457","frp":8.3,"b":342.2,"c":1,"s":"SNPP","n":0}},{"type":"Feature","geometry":{"type":"Point","coordinates":[136.7163,-12.5449]},"properties":{"d":"2026-09-15","t":"0457","frp":4.6,"b":334.5,"c":1,"s":"SNPP","n":0}},{"type":"Feature","geometry":{"type":"Point","coordinates":[136.7199,-12.5443]},"properties":{"d":"2026-09-15","t":"0457","frp":5.8,"b":337.9,"c":1,"s":"SNPP","n":0}},{"type":"Feature","geometry":{"type":"Point","coordinates":[136.2028,-12.5424]},"properties":{"d":"2026-09-15","t":"0457","frp":5.3,"b":337.9,"c":1,"s":"SNPP","n":0}},{"type":"Feature","geometry":{"type":"Point","coordinates":[136.2078,-12.5416]},"properties":{"d":"2026-09-15","t":"0457","frp":8.3,"b":351.1,"c":1,"s":"SNPP","n":0}},{"type":"Feature","geometry":{"type":"Point","coordinates":[136.2127,-12.5407]},"properties":{"d":"2026-09-15","t":"0457","frp":8.3,"b":341.8,"c":1,"s":"SNPP","n":0}},{"type":"Feature","geometry":{"type":"Point","coordinates":[136.2071,-12.5377]},"properties":{"d":"2026-09-15","t":"0457","frp":12.3,"b":351.2,"c":1,"s":"SNPP","n":0}},{"type":"Feature","geometry":{"type":"Point","coordinates":[136.2121,-12.5368]},"properties":{"d":"2026-09-15","t":"0457","frp":12.3,"b":347.1,"c":1,"s":"SNPP","n":0}},{"type":"Feature","geometry":{"type":"Point","coordinates":[130.6947,-12.499]},"properties":{"d":"2026-09-15","t":"0457","frp":43.1,"b":336.4,"c":1,"s":"SNPP","n":0}},{"type":"Feature","geometry":{"type":"Point","coordinates":[135.8353,-12.4975]},"properties":{"d":"2026-09-15","t":"0457","frp":8.8,"b":343.3,"c":1,"s":"SNPP","n":0}},{"type":"Feature","geometry":{"type":"Point","coordinates":[135.8401,-12.4967]},"properties":{"d":"2026-09-15","t":"0457","frp":2.1,"b":330.6,"c":1,"s":"SNPP","n":0}},{"type":"Feature","geometry":{"type":"Point","coordinates":[130.6942,-12.4957]},"properties":{"d":"2026-09-15","t":"0457","frp":43.1,"b":352.7,"c":1,"s":"SNPP","n":0}},{"type":"Feature","geometry":{"type":"Point","coordinates":[135.8005,-12.4956]},"properties":{"d":"2026-09-15","t":"0457","frp":6.5,"b":350.1,"c":1,"s":"SNPP","n":0}},{"type":"Feature","geometry":{"type":"Point","coordinates":[135.8497,-12.4951]},"properties":{"d":"2026-09-15","t":"0457","frp":7.5,"b":340.4,"c":1,"s":"SNPP","n":0}},{"type":"Feature","geometry":{"type":"Point","coordinates":[135.8053,-12.4948]},"properties":{"d":"2026-09-15","t":"0457","frp":6.5,"b":336.6,"c":1,"s":"SNPP","n":0}},{"type":"Feature","geometry":{"type":"Point","coordinates":[135.8347,-12.4937]},"properties":{"d":"2026-09-15","t":"0457","frp":41.9,"b":352.1,"c":1,"s":"SNPP","n":0}},{"type":"Feature","geometry":{"type":"Point","coordinates":[135.8395,-12.4929]},"properties":{"d":"2026-09-15","t":"0457","frp":10.2,"b":338.3,"c":1,"s":"SNPP","n":0}},{"type":"Feature","geometry":{"type":"Point","coordinates":[130.6901,-12.4928]},"properties":{"d":"2026-09-15","t":"0457","frp":14.5,"b":331.3,"c":1,"s":"SNPP","n":0}},{"type":"Feature","geometry":{"type":"Point","coordinates":[130.6936,-12.4923]},"properties":{"d":"2026-09-15","t":"0457","frp":14.5,"b":367.0,"c":2,"s":"SNPP","n":0}},{"type":"Feature","geometry":{"type":"Point","coordinates":[135.8443,-12.4921]},"properties":{"d":"2026-09-15","t":"0457","frp":10.2,"b":337.1,"c":1,"s":"SNPP","n":0}},{"type":"Feature","geometry":{"type":"Point","coordinates":[130.6972,-12.4918]},"properties":{"d":"2026-09-15","t":"0457","frp":8.3,"b":355.9,"c":1,"s":"SNPP","n":0}},{"type":"Feature","geometry":{"type":"Point","coordinates":[135.8491,-12.4912]},"properties":{"d":"2026-09-15","t":"0457","frp":13.2,"b":356.1,"c":1,"s":"SNPP","n":0}},{"type":"Feature","geometry":{"type":"Point","coordinates":[135.8538,-12.4904]},"properties":{"d":"2026-09-15","t":"0457","frp":13.2,"b":334.5,"c":1,"s":"SNPP","n":0}},{"type":"Feature","geometry":{"type":"Point","coordinates":[135.8094,-12.4902]},"properties":{"d":"2026-09-15","t":"0457","frp":5.8,"b":333.6,"c":0,"s":"SNPP","n":0}},{"type":"Feature","geometry":{"type":"Point","coordinates":[135.834,-12.4899]},"properties":{"d":"2026-09-15","t":"0457","frp":41.9,"b":351.9,"c":1,"s":"SNPP","n":0}},{"type":"Feature","geometry":{"type":"Point","coordinates":[130.6895,-12.4895]},"properties":{"d":"2026-09-15","t":"0457","frp":14.5,"b":344.5,"c":1,"s":"SNPP","n":0}},{"type":"Feature","geometry":{"type":"Point","coordinates":[135.8388,-12.4891]},"properties":{"d":"2026-09-15","t":"0457","frp":10.2,"b":340.9,"c":1,"s":"SNPP","n":0}},{"type":"Feature","geometry":{"type":"Point","coordinates":[130.6931,-12.489]},"properties":{"d":"2026-09-15","t":"0457","frp":14.5,"b":349.4,"c":1,"s":"SNPP","n":0}},{"type":"Feature","geometry":{"type":"Point","coordinates":[130.6967,-12.4884]},"properties":{"d":"2026-09-15","t":"0457","frp":8.3,"b":342.8,"c":1,"s":"SNPP","n":0}},{"type":"Feature","geometry":{"type":"Point","coordinates":[135.8436,-12.4882]},"properties":{"d":"2026-09-15","t":"0457","frp":10.2,"b":356.1,"c":1,"s":"SNPP","n":0}},{"type":"Feature","geometry":{"type":"Point","coordinates":[135.8484,-12.4874]},"properties":{"d":"2026-09-15","t":"0457","frp":13.2,"b":335.2,"c":1,"s":"SNPP","n":0}},{"type":"Feature","geometry":{"type":"Point","coordinates":[130.6818,-12.4872]},"properties":{"d":"2026-09-15","t":"0457","frp":16.0,"b":343.5,"c":1,"s":"SNPP","n":0}},{"type":"Feature","geometry":{"type":"Point","coordinates":[130.6854,-12.4867]},"properties":{"d":"2026-09-15","t":"0457","frp":16.0,"b":349.9,"c":1,"s":"SNPP","n":0}},{"type":"Feature","geometry":{"type":"Point","coordinates":[130.6926,-12.4856]},"properties":{"d":"2026-09-15","t":"0457","frp":12.0,"b":340.7,"c":1,"s":"SNPP","n":0}},{"type":"Feature","geometry":{"type":"Point","coordinates":[130.6483,-12.4854]},"properties":{"d":"2026-09-15","t":"0457","frp":13.5,"b":367.0,"c":2,"s":"SNPP","n":0}},{"type":"Feature","geometry":{"type":"Point","coordinates":[130.6519,-12.4848]},"properties":{"d":"2026-09-15","t":"0457","frp":41.5,"b":351.1,"c":1,"s":"SNPP","n":0}},{"type":"Feature","geometry":{"type":"Point","coordinates":[130.6998,-12.4845]},"properties":{"d":"2026-09-15","t":"0457","frp":4.1,"b":341.6,"c":1,"s":"SNPP","n":0}},{"type":"Feature","geometry":{"type":"Point","coordinates":[130.6813,-12.4839]},"properties":{"d":"2026-09-15","t":"0457","frp":16.0,"b":345.8,"c":1,"s":"SNPP","n":0}},{"type":"Feature","geometry":{"type":"Point","coordinates":[130.707,-12.4834]},"properties":{"d":"2026-09-15","t":"0457","frp":4.3,"b":334.4,"c":1,"s":"SNPP","n":0}},{"type":"Feature","geometry":{"type":"Point","coordinates":[130.6849,-12.4833]},"properties":{"d":"2026-09-15","t":"0457","frp":16.0,"b":345.4,"c":1,"s":"SNPP","n":0}},{"type":"Feature","geometry":{"type":"Point","coordinates":[132.2649,-12.4825]},"properties":{"d":"2026-09-15","t":"0457","frp":2.8,"b":340.2,"c":1,"s":"SNPP","n":0}},{"type":"Feature","geometry":{"type":"Point","coordinates":[130.67,-12.4821]},"properties":{"d":"2026-09-15","t":"0457","frp":2.7,"b":337.0,"c":1,"s":"SNPP","n":0}},{"type":"Feature","geometry":{"type":"Point","coordinates":[130.6478,-12.482]},"properties":{"d":"2026-09-15","t":"0457","frp":13.5,"b":331.8,"c":1,"s":"SNPP","n":0}},{"type":"Feature","geometry":{"type":"Point","coordinates":[130.6514,-12.4815]},"properties":{"d":"2026-09-15","t":"0457","frp":41.5,"b":367.0,"c":0,"s":"SNPP","n":0}},{"type":"Feature","geometry":{"type":"Point","coordinates":[130.6993,-12.4812]},"properties":{"d":"2026-09-15","t":"0457","frp":4.1,"b":340.6,"c":1,"s":"SNPP","n":0}},{"type":"Feature","geometry":{"type":"Point","coordinates":[130.655,-12.4809]},"properties":{"d":"2026-09-15","t":"0457","frp":41.5,"b":349.6,"c":1,"s":"SNPP","n":0}},{"type":"Feature","geometry":{"type":"Point","coordinates":[130.6844,-12.48]},"properties":{"d":"2026-09-15","t":"0457","frp":5.4,"b":350.7,"c":1,"s":"SNPP","n":0}},{"type":"Feature","geometry":{"type":"Point","coordinates":[130.688,-12.4794]},"properties":{"d":"2026-09-15","t":"0457","frp":3.6,"b":349.0,"c":1,"s":"SNPP","n":0}},{"type":"Feature","geometry":{"type":"Point","coordinates":[132.2644,-12.4792]},"properties":{"d":"2026-09-15","t":"0457","frp":2.8,"b":335.1,"c":0,"s":"SNPP","n":0}},{"type":"Feature","geometry":{"type":"Point","coordinates":[130.6916,-12.4789]},"properties":{"d":"2026-09-15","t":"0457","frp":3.6,"b":331.7,"c":0,"s":"SNPP","n":0}},{"type":"Feature","geometry":{"type":"Point","coordinates":[130.6509,-12.4781]},"properties":{"d":"2026-09-15","t":"0457","frp":24.4,"b":352.7,"c":1,"s":"SNPP","n":0}},{"type":"Feature","geometry":{"type":"Point","coordinates":[142.0637,-12.478]},"properties":{"d":"2026-09-15","t":"0457","frp":4.0,"b":330.5,"c":0,"s":"SNPP","n":0}},{"type":"Feature","geometry":{"type":"Point","coordinates":[130.6545,-12.4776]},"properties":{"d":"2026-09-15","t":"0457","frp":24.4,"b":347.6,"c":1,"s":"SNPP","n":0}},{"type":"Feature","geometry":{"type":"Point","coordinates":[132.907,-12.4765]},"properties":{"d":"2026-09-15","t":"0457","frp":35.9,"b":350.6,"c":1,"s":"SNPP","n":0}},{"type":"Feature","geometry":{"type":"Point","coordinates":[132.2598,-12.4731]},"properties":{"d":"2026-09-15","t":"0457","frp":5.9,"b":343.5,"c":1,"s":"SNPP","n":0}},{"type":"Feature","geometry":{"type":"Point","coordinates":[132.2628,-12.4692]},"properties":{"d":"2026-09-15","t":"0457","frp":13.4,"b":336.1,"c":0,"s":"SNPP","n":0}},{"type":"Feature","geometry":{"type":"Point","coordinates":[132.2587,-12.4664]},"properties":{"d":"2026-09-15","t":"0457","frp":13.4,"b":350.2,"c":1,"s":"SNPP","n":0}},{"type":"Feature","geometry":{"type":"Point","coordinates":[142.0402,-12.4648]},"properties":{"d":"2026-09-15","t":"0457","frp":7.3,"b":336.9,"c":1,"s":"SNPP","n":0}},{"type":"Feature","geometry":{"type":"Point","coordinates":[132.2546,-12.4636]},"properties":{"d":"2026-09-15","t":"0457","frp":5.0,"b":346.4,"c":1,"s":"SNPP","n":0}},{"type":"Feature","geometry":{"type":"Point","coordinates":[132.2582,-12.4631]},"properties":{"d":"2026-09-15","t":"0457","frp":6.3,"b":345.2,"c":1,"s":"SNPP","n":0}},{"type":"Feature","geometry":{"type":"Point","coordinates":[132.2541,-12.4603]},"properties":{"d":"2026-09-15","t":"0457","frp":5.0,"b":336.9,"c":0,"s":"SNPP","n":0}},{"type":"Feature","geometry":{"type":"Point","coordinates":[142.039,-12.4591]},"properties":{"d":"2026-09-15","t":"0457","frp":4.4,"b":336.4,"c":1,"s":"SNPP","n":0}},{"type":"Feature","geometry":{"type":"Point","coordinates":[132.2535,-12.457]},"properties":{"d":"2026-09-15","t":"0457","frp":3.2,"b":340.4,"c":1,"s":"SNPP","n":0}},{"type":"Feature","geometry":{"type":"Point","coordinates":[132.2494,-12.4542]},"properties":{"d":"2026-09-15","t":"0457","frp":3.2,"b":335.5,"c":0,"s":"SNPP","n":0}},{"type":"Feature","geometry":{"type":"Point","coordinates":[132.253,-12.4536]},"properties":{"d":"2026-09-15","t":"0457","frp":3.2,"b":335.5,"c":0,"s":"SNPP","n":0}},{"type":"Feature","geometry":{"type":"Point","coordinates":[142.3826,-12.4517]},"properties":{"d":"2026-09-15","t":"0457","frp":4.2,"b":336.5,"c":1,"s":"SNPP","n":0}},{"type":"Feature","geometry":{"type":"Point","coordinates":[142.3833,-12.4498]},"properties":{"d":"2026-09-15","t":"0457","frp":5.0,"b":342.2,"c":1,"s":"SNPP","n":0}},{"type":"Feature","geometry":{"type":"Point","coordinates":[142.3856,-12.4451]},"properties":{"d":"2026-09-15","t":"0457","frp":6.9,"b":337.2,"c":1,"s":"SNPP","n":0}},{"type":"Feature","geometry":{"type":"Point","coordinates":[132.2443,-12.4447]},"properties":{"d":"2026-09-15","t":"0457","frp":4.9,"b":339.8,"c":1,"s":"SNPP","n":0}},{"type":"Feature","geometry":{"type":"Point","coordinates":[142.3863,-12.4431]},"properties":{"d":"2026-09-15","t":"0457","frp":6.4,"b":333.1,"c":1,"s":"SNPP","n":0}},{"type":"Feature","geometry":{"type":"Point","coordinates":[142.2836,-12.4348]},"properties":{"d":"2026-09-15","t":"0457","frp":6.5,"b":341.7,"c":1,"s":"SNPP","n":0}},{"type":"Feature","geometry":{"type":"Point","coordinates":[142.2877,-12.434]},"properties":{"d":"2026-09-15","t":"0457","frp":10.2,"b":340.1,"c":1,"s":"SNPP","n":0}},{"type":"Feature","geometry":{"type":"Point","coordinates":[130.6802,-12.4291]},"properties":{"d":"2026-09-15","t":"0457","frp":8.2,"b":332.4,"c":1,"s":"SNPP","n":0}},{"type":"Feature","geometry":{"type":"Point","coordinates":[130.6838,-12.4286]},"properties":{"d":"2026-09-15","t":"0457","frp":8.2,"b":367.0,"c":2,"s":"SNPP","n":0}},{"type":"Feature","geometry":{"type":"Point","coordinates":[130.6874,-12.428]},"properties":{"d":"2026-09-15","t":"0457","frp":2.8,"b":332.6,"c":1,"s":"SNPP","n":0}},{"type":"Feature","geometry":{"type":"Point","coordinates":[130.6868,-12.4247]},"properties":{"d":"2026-09-15","t":"0457","frp":2.2,"b":331.9,"c":1,"s":"SNPP","n":0}},{"type":"Feature","geometry":{"type":"Point","coordinates":[130.6827,-12.4219]},"properties":{"d":"2026-09-15","t":"0457","frp":5.2,"b":332.3,"c":0,"s":"SNPP","n":0}},{"type":"Feature","geometry":{"type":"Point","coordinates":[136.6602,-12.3796]},"properties":{"d":"2026-09-15","t":"0457","frp":4.0,"b":342.5,"c":1,"s":"SNPP","n":0}},{"type":"Feature","geometry":{"type":"Point","coordinates":[136.6638,-12.379]},"properties":{"d":"2026-09-15","t":"0457","frp":4.0,"b":343.0,"c":1,"s":"SNPP","n":0}},{"type":"Feature","geometry":{"type":"Point","coordinates":[136.6522,-12.3768]},"properties":{"d":"2026-09-15","t":"0457","frp":24.5,"b":330.3,"c":1,"s":"SNPP","n":0}},{"type":"Feature","geometry":{"type":"Point","coordinates":[136.6558,-12.3762]},"properties":{"d":"2026-09-15","t":"0457","frp":24.5,"b":352.8,"c":1,"s":"SNPP","n":0}},{"type":"Feature","geometry":{"type":"Point","coordinates":[136.6595,-12.3756]},"properties":{"d":"2026-09-15","t":"0457","frp":17.2,"b":347.4,"c":1,"s":"SNPP","n":0}},{"type":"Feature","geometry":{"type":"Point","coordinates":[136.6631,-12.375]},"properties":{"d":"2026-09-15","t":"0457","frp":17.2,"b":332.5,"c":1,"s":"SNPP","n":0}},{"type":"Feature","geometry":{"type":"Point","coordinates":[136.6479,-12.3735]},"properties":{"d":"2026-09-15","t":"0457","frp":9.9,"b":342.1,"c":1,"s":"SNPP","n":0}},{"type":"Feature","geometry":{"type":"Point","coordinates":[136.6515,-12.3728]},"properties":{"d":"2026-09-15","t":"0457","frp":24.5,"b":352.4,"c":1,"s":"SNPP","n":0}},{"type":"Feature","geometry":{"type":"Point","coordinates":[136.6552,-12.3722]},"properties":{"d":"2026-09-15","t":"0457","frp":24.5,"b":356.4,"c":1,"s":"SNPP","n":0}},{"type":"Feature","geometry":{"type":"Point","coordinates":[136.6588,-12.3716]},"properties":{"d":"2026-09-15","t":"0457","frp":17.2,"b":338.0,"c":1,"s":"SNPP","n":0}},{"type":"Feature","geometry":{"type":"Point","coordinates":[134.6578,-12.3709]},"properties":{"d":"2026-09-15","t":"0457","frp":12.4,"b":355.6,"c":1,"s":"SNPP","n":0}},{"type":"Feature","geometry":{"type":"Point","coordinates":[136.6624,-12.3709]},"properties":{"d":"2026-09-15","t":"0457","frp":17.2,"b":336.4,"c":1,"s":"SNPP","n":0}},{"type":"Feature","geometry":{"type":"Point","coordinates":[136.6472,-12.3694]},"properties":{"d":"2026-09-15","t":"0457","frp":3.1,"b":331.3,"c":1,"s":"SNPP","n":0}},{"type":"Feature","geometry":{"type":"Point","coordinates":[136.6508,-12.3688]},"properties":{"d":"2026-09-15","t":"0457","frp":10.9,"b":367.0,"c":2,"s":"SNPP","n":0}},{"type":"Feature","geometry":{"type":"Point","coordinates":[136.6545,-12.3682]},"properties":{"d":"2026-09-15","t":"0457","frp":10.9,"b":335.2,"c":1,"s":"SNPP","n":0}},{"type":"Feature","geometry":{"type":"Point","coordinates":[136.6581,-12.3675]},"properties":{"d":"2026-09-15","t":"0457","frp":7.2,"b":330.4,"c":1,"s":"SNPP","n":0}},{"type":"Feature","geometry":{"type":"Point","coordinates":[134.6614,-12.3666]},"properties":{"d":"2026-09-15","t":"0457","frp":8.1,"b":340.9,"c":1,"s":"SNPP","n":0}},{"type":"Feature","geometry":{"type":"Point","coordinates":[136.6429,-12.366]},"properties":{"d":"2026-09-15","t":"0457","frp":3.1,"b":337.9,"c":1,"s":"SNPP","n":0}},{"type":"Feature","geometry":{"type":"Point","coordinates":[136.6464,-12.3654]},"properties":{"d":"2026-09-15","t":"0457","frp":3.1,"b":333.9,"c":1,"s":"SNPP","n":0}},{"type":"Feature","geometry":{"type":"Point","coordinates":[136.6574,-12.3635]},"properties":{"d":"2026-09-15","t":"0457","frp":7.2,"b":350.4,"c":1,"s":"SNPP","n":0}},{"type":"Feature","geometry":{"type":"Point","coordinates":[134.6608,-12.363]},"properties":{"d":"2026-09-15","t":"0457","frp":8.1,"b":347.4,"c":1,"s":"SNPP","n":0}},{"type":"Feature","geometry":{"type":"Point","coordinates":[136.661,-12.3629]},"properties":{"d":"2026-09-15","t":"0457","frp":7.2,"b":367.0,"c":2,"s":"SNPP","n":0}},{"type":"Feature","geometry":{"type":"Point","coordinates":[136.6387,-12.3626]},"properties":{"d":"2026-09-15","t":"0457","frp":15.8,"b":357.0,"c":1,"s":"SNPP","n":0}},{"type":"Feature","geometry":{"type":"Point","coordinates":[136.6646,-12.3623]},"properties":{"d":"2026-09-15","t":"0457","frp":6.1,"b":346.0,"c":1,"s":"SNPP","n":0}},{"type":"Feature","geometry":{"type":"Point","coordinates":[136.6422,-12.362]},"properties":{"d":"2026-09-15","t":"0457","frp":20.2,"b":367.0,"c":2,"s":"SNPP","n":0}},{"type":"Feature","geometry":{"type":"Point","coordinates":[136.6567,-12.3595]},"properties":{"d":"2026-09-15","t":"0457","frp":29.6,"b":349.9,"c":1,"s":"SNPP","n":0}},{"type":"Feature","geometry":{"type":"Point","coordinates":[134.6602,-12.3594]},"properties":{"d":"2026-09-15","t":"0457","frp":7.7,"b":348.3,"c":1,"s":"SNPP","n":0}},{"type":"Feature","geometry":{"type":"Point","coordinates":[134.1826,-12.3593]},"properties":{"d":"2026-09-15","t":"0457","frp":114.0,"b":344.7,"c":1,"s":"SNPP","n":0}},{"type":"Feature","geometry":{"type":"Point","coordinates":[136.6602,-12.3589]},"properties":{"d":"2026-09-15","t":"0457","frp":29.6,"b":356.3,"c":1,"s":"SNPP","n":0}},{"type":"Feature","geometry":{"type":"Point","coordinates":[136.638,-12.3586]},"properties":{"d":"2026-09-15","t":"0457","frp":15.8,"b":336.4,"c":1,"s":"SNPP","n":0}},{"type":"Feature","geometry":{"type":"Point","coordinates":[136.6574,-12.3428]},"properties":{"d":"2026-09-15","t":"0457","frp":22.4,"b":357.0,"c":1,"s":"SNPP","n":0}},{"type":"Feature","geometry":{"type":"Point","coordinates":[136.6531,-12.3394]},"properties":{"d":"2026-09-15","t":"0457","frp":22.4,"b":336.5,"c":1,"s":"SNPP","n":0}},{"type":"Feature","geometry":{"type":"Point","coordinates":[136.6567,-12.3388]},"properties":{"d":"2026-09-15","t":"0457","frp":22.4,"b":356.6,"c":1,"s":"SNPP","n":0}},{"type":"Feature","geometry":{"type":"Point","coordinates":[136.6602,-12.3381]},"properties":{"d":"2026-09-15","t":"0457","frp":10.6,"b":348.7,"c":1,"s":"SNPP","n":0}},{"type":"Feature","geometry":{"type":"Point","coordinates":[134.1784,-12.3347]},"properties":{"d":"2026-09-15","t":"0457","frp":26.4,"b":352.9,"c":1,"s":"SNPP","n":0}},{"type":"Feature","geometry":{"type":"Point","coordinates":[134.1778,-12.3312]},"properties":{"d":"2026-09-15","t":"0457","frp":34.5,"b":350.1,"c":1,"s":"SNPP","n":0}},{"type":"Feature","geometry":{"type":"Point","coordinates":[136.7897,-12.278]},"properties":{"d":"2026-09-15","t":"0457","frp":6.3,"b":352.4,"c":1,"s":"SNPP","n":0}},{"type":"Feature","geometry":{"type":"Point","coordinates":[136.789,-12.2739]},"properties":{"d":"2026-09-15","t":"0457","frp":6.3,"b":330.8,"c":1,"s":"SNPP","n":0}},{"type":"Feature","geometry":{"type":"Point","coordinates":[136.8117,-12.2322]},"properties":{"d":"2026-09-15","t":"0457","frp":9.7,"b":337.9,"c":1,"s":"SNPP","n":0}},{"type":"Feature","geometry":{"type":"Point","coordinates":[136.8153,-12.2316]},"properties":{"d":"2026-09-15","t":"0457","frp":9.7,"b":356.0,"c":1,"s":"SNPP","n":0}},{"type":"Feature","geometry":{"type":"Point","coordinates":[134.3219,-12.2281]},"properties":{"d":"2026-09-15","t":"0457","frp":3.6,"b":335.2,"c":1,"s":"SNPP","n":0}},{"type":"Feature","geometry":{"type":"Point","coordinates":[134.6696,-12.2264]},"properties":{"d":"2026-09-15","t":"0457","frp":4.0,"b":343.1,"c":1,"s":"SNPP","n":0}},{"type":"Feature","geometry":{"type":"Point","coordinates":[134.6685,-12.224]},"properties":{"d":"2026-09-15","t":"0457","frp":4.9,"b":337.5,"c":1,"s":"SNPP","n":0}},{"type":"Feature","geometry":{"type":"Point","coordinates":[134.6396,-12.2017]},"properties":{"d":"2026-09-15","t":"0457","frp":7.2,"b":332.1,"c":1,"s":"SNPP","n":0}},{"type":"Feature","geometry":{"type":"Point","coordinates":[134.6438,-12.2011]},"properties":{"d":"2026-09-15","t":"0457","frp":7.2,"b":354.7,"c":1,"s":"SNPP","n":0}},{"type":"Feature","geometry":{"type":"Point","coordinates":[134.648,-12.2004]},"properties":{"d":"2026-09-15","t":"0457","frp":9.3,"b":341.5,"c":1,"s":"SNPP","n":0}},{"type":"Feature","geometry":{"type":"Point","coordinates":[134.6431,-12.1975]},"properties":{"d":"2026-09-15","t":"0457","frp":38.7,"b":348.8,"c":1,"s":"SNPP","n":0}},{"type":"Feature","geometry":{"type":"Point","coordinates":[134.6473,-12.1968]},"properties":{"d":"2026-09-15","t":"0457","frp":12.6,"b":338.2,"c":1,"s":"SNPP","n":0}},{"type":"Feature","geometry":{"type":"Point","coordinates":[134.6515,-12.1961]},"properties":{"d":"2026-09-15","t":"0457","frp":12.6,"b":333.1,"c":1,"s":"SNPP","n":0}},{"type":"Feature","geometry":{"type":"Point","coordinates":[134.6384,-12.1945]},"properties":{"d":"2026-09-15","t":"0457","frp":38.7,"b":342.1,"c":1,"s":"SNPP","n":0}},{"type":"Feature","geometry":{"type":"Point","coordinates":[134.6425,-12.1939]},"properties":{"d":"2026-09-15","t":"0457","frp":38.7,"b":355.8,"c":1,"s":"SNPP","n":0}},{"type":"Feature","geometry":{"type":"Point","coordinates":[133.6727,-12.1935]},"properties":{"d":"2026-09-15","t":"0457","frp":5.5,"b":342.7,"c":0,"s":"SNPP","n":0}},{"type":"Feature","geometry":{"type":"Point","coordinates":[134.6467,-12.1932]},"properties":{"d":"2026-09-15","t":"0457","frp":12.6,"b":367.0,"c":2,"s":"SNPP","n":0}},{"type":"Feature","geometry":{"type":"Point","coordinates":[134.6725,-12.1926]},"properties":{"d":"2026-09-15","t":"0457","frp":2.1,"b":335.0,"c":0,"s":"SNPP","n":0}},{"type":"Feature","geometry":{"type":"Point","coordinates":[134.6509,-12.1925]},"properties":{"d":"2026-09-15","t":"0457","frp":12.6,"b":356.4,"c":1,"s":"SNPP","n":0}},{"type":"Feature","geometry":{"type":"Point","coordinates":[134.6551,-12.1918]},"properties":{"d":"2026-09-15","t":"0457","frp":7.2,"b":348.4,"c":1,"s":"SNPP","n":0}},{"type":"Feature","geometry":{"type":"Point","coordinates":[134.6593,-12.1911]},"properties":{"d":"2026-09-15","t":"0457","frp":7.2,"b":335.4,"c":1,"s":"SNPP","n":0}},{"type":"Feature","geometry":{"type":"Point","coordinates":[133.6682,-12.1907]},"properties":{"d":"2026-09-15","t":"0457","frp":13.9,"b":341.4,"c":1,"s":"SNPP","n":0}},{"type":"Feature","geometry":{"type":"Point","coordinates":[134.6635,-12.1904]},"properties":{"d":"2026-09-15","t":"0457","frp":19.1,"b":356.1,"c":1,"s":"SNPP","n":0}},{"type":"Feature","geometry":{"type":"Point","coordinates":[134.6677,-12.1897]},"properties":{"d":"2026-09-15","t":"0457","frp":19.1,"b":355.9,"c":1,"s":"SNPP","n":0}},{"type":"Feature","geometry":{"type":"Point","coordinates":[134.6719,-12.189]},"properties":{"d":"2026-09-15","t":"0457","frp":2.1,"b":330.4,"c":0,"s":"SNPP","n":0}},{"type":"Feature","geometry":{"type":"Point","coordinates":[134.2859,-12.1867]},"properties":{"d":"2026-09-15","t":"0457","frp":2.8,"b":337.1,"c":1,"s":"SNPP","n":0}},{"type":"Feature","geometry":{"type":"Point","coordinates":[134.2899,-12.186]},"properties":{"d":"2026-09-15","t":"0457","frp":26.4,"b":354.7,"c":1,"s":"SNPP","n":0}},{"type":"Feature","geometry":{"type":"Point","coordinates":[134.2939,-12.1853]},"properties":{"d":"2026-09-15","t":"0457","frp":26.4,"b":367.0,"c":2,"s":"SNPP","n":0}},{"type":"Feature","geometry":{"type":"Point","coordinates":[134.2857,-12.1841]},"properties":{"d":"2026-09-15","t":"0457","frp":12.2,"b":347.6,"c":1,"s":"SNPP","n":0}},{"type":"Feature","geometry":{"type":"Point","coordinates":[134.2897,-12.1835]},"properties":{"d":"2026-09-15","t":"0457","frp":14.0,"b":341.5,"c":1,"s":"SNPP","n":0}},{"type":"Feature","geometry":{"type":"Point","coordinates":[134.2852,-12.1831]},"properties":{"d":"2026-09-15","t":"0457","frp":10.0,"b":340.1,"c":1,"s":"SNPP","n":0}},{"type":"Feature","geometry":{"type":"Point","coordinates":[134.2938,-12.1828]},"properties":{"d":"2026-09-15","t":"0457","frp":14.0,"b":353.2,"c":1,"s":"SNPP","n":0}},{"type":"Feature","geometry":{"type":"Point","coordinates":[134.2893,-12.1825]},"properties":{"d":"2026-09-15","t":"0457","frp":16.0,"b":349.0,"c":1,"s":"SNPP","n":0}},{"type":"Feature","geometry":{"type":"Point","coordinates":[134.2978,-12.1822]},"properties":{"d":"2026-09-15","t":"0457","frp":11.1,"b":346.5,"c":1,"s":"SNPP","n":0}},{"type":"Feature","geometry":{"type":"Point","coordinates":[134.2933,-12.1818]},"properties":{"d":"2026-09-15","t":"0457","frp":16.0,"b":342.8,"c":1,"s":"SNPP","n":0}},{"type":"Feature","geometry":{"type":"Point","coordinates":[134.3019,-12.1815]},"properties":{"d":"2026-09-15","t":"0457","frp":11.1,"b":340.3,"c":1,"s":"SNPP","n":0}},{"type":"Feature","geometry":{"type":"Point","coordinates":[134.2974,-12.1811]},"properties":{"d":"2026-09-15","t":"0457","frp":12.2,"b":352.1,"c":1,"s":"SNPP","n":0}},{"type":"Feature","geometry":{"type":"Point","coordinates":[134.3014,-12.1805]},"properties":{"d":"2026-09-15","t":"0457","frp":12.2,"b":345.1,"c":1,"s":"SNPP","n":0}},{"type":"Feature","geometry":{"type":"Point","coordinates":[134.31,-12.1802]},"properties":{"d":"2026-09-15","t":"0457","frp":5.4,"b":341.4,"c":1,"s":"SNPP","n":0}},{"type":"Feature","geometry":{"type":"Point","coordinates":[134.2891,-12.1799]},"properties":{"d":"2026-09-15","t":"0457","frp":14.0,"b":350.1,"c":1,"s":"SNPP","n":0}},{"type":"Feature","geometry":{"type":"Point","coordinates":[134.3055,-12.1798]},"properties":{"d":"2026-09-15","t":"0457","frp":8.2,"b":332.5,"c":1,"s":"SNPP","n":0}},{"type":"Feature","geometry":{"type":"Point","coordinates":[134.2846,-12.1796]},"properties":{"d":"2026-09-15","t":"0457","frp":10.0,"b":330.9,"c":0,"s":"SNPP","n":0}},{"type":"Feature","geometry":{"type":"Point","coordinates":[134.3096,-12.1791]},"properties":{"d":"2026-09-15","t":"0457","frp":8.2,"b":351.0,"c":1,"s":"SNPP","n":0}},{"type":"Feature","geometry":{"type":"Point","coordinates":[134.2887,-12.1789]},"properties":{"d":"2026-09-15","t":"0457","frp":16.0,"b":352.2,"c":1,"s":"SNPP","n":0}},{"type":"Feature","geometry":{"type":"Point","coordinates":[134.2972,-12.1786]},"properties":{"d":"2026-09-15","t":"0457","frp":11.1,"b":350.6,"c":1,"s":"SNPP","n":0}},{"type":"Feature","geometry":{"type":"Point","coordinates":[134.3013,-12.178]},"properties":{"d":"2026-09-15","t":"0457","frp":11.1,"b":335.3,"c":1,"s":"SNPP","n":0}},{"type":"Feature","geometry":{"type":"Point","coordinates":[134.2968,-12.1776]},"properties":{"d":"2026-09-15","t":"0457","frp":12.2,"b":338.0,"c":1,"s":"SNPP","n":0}},{"type":"Feature","geometry":{"type":"Point","coordinates":[134.3054,-12.1773]},"properties":{"d":"2026-09-15","t":"0457","frp":5.4,"b":334.0,"c":0,"s":"SNPP","n":0}},{"type":"Feature","geometry":{"type":"Point","coordinates":[134.2845,-12.1771]},"properties":{"d":"2026-09-15","t":"0457","frp":26.3,"b":341.8,"c":1,"s":"SNPP","n":0}},{"type":"Feature","geometry":{"type":"Point","coordinates":[134.3008,-12.1769]},"properties":{"d":"2026-09-15","t":"0457","frp":12.2,"b":330.9,"c":1,"s":"SNPP","n":0}},{"type":"Feature","geometry":{"type":"Point","coordinates":[134.3094,-12.1767]},"properties":{"d":"2026-09-15","t":"0457","frp":5.4,"b":350.4,"c":1,"s":"SNPP","n":0}},{"type":"Feature","geometry":{"type":"Point","coordinates":[134.2885,-12.1764]},"properties":{"d":"2026-09-15","t":"0457","frp":17.7,"b":347.5,"c":1,"s":"SNPP","n":0}},{"type":"Feature","geometry":{"type":"Point","coordinates":[134.2879,-12.1729]},"properties":{"d":"2026-09-15","t":"0457","frp":17.7,"b":340.6,"c":1,"s":"SNPP","n":0}},{"type":"Feature","geometry":{"type":"Point","coordinates":[134.2995,-12.1674]},"properties":{"d":"2026-09-15","t":"0457","frp":5.9,"b":341.1,"c":1,"s":"SNPP","n":0}},{"type":"Feature","geometry":{"type":"Point","coordinates":[134.3286,-12.1663]},"properties":{"d":"2026-09-15","t":"0457","frp":11.5,"b":348.9,"c":1,"s":"SNPP","n":0}},{"type":"Feature","geometry":{"type":"Point","coordinates":[133.592,-12.1583]},"properties":{"d":"2026-09-15","t":"0457","frp":6.7,"b":334.3,"c":0,"s":"SNPP","n":0}},{"type":"Feature","geometry":{"type":"Point","coordinates":[131.0394,-12.1558]},"properties":{"d":"2026-09-15","t":"0457","frp":3.3,"b":333.7,"c":1,"s":"SNPP","n":0}},{"type":"Feature","geometry":{"type":"Point","coordinates":[134.3576,-12.1397]},"properties":{"d":"2026-09-15","t":"0457","frp":13.6,"b":356.1,"c":1,"s":"SNPP","n":0}},{"type":"Feature","geometry":{"type":"Point","coordinates":[133.9543,-12.1369]},"properties":{"d":"2026-09-15","t":"0457","frp":4.1,"b":331.6,"c":0,"s":"SNPP","n":0}},{"type":"Feature","geometry":{"type":"Point","coordinates":[134.357,-12.1361]},"properties":{"d":"2026-09-15","t":"0457","frp":2.8,"b":335.3,"c":1,"s":"SNPP","n":0}},{"type":"Feature","geometry":{"type":"Point","coordinates":[133.9497,-12.134]},"properties":{"d":"2026-09-15","t":"0457","frp":3.6,"b":337.5,"c":0,"s":"SNPP","n":0}},{"type":"Feature","geometry":{"type":"Point","coordinates":[133.9537,-12.1334]},"properties":{"d":"2026-09-15","t":"0457","frp":4.1,"b":350.5,"c":1,"s":"SNPP","n":0}},{"type":"Feature","geometry":{"type":"Point","coordinates":[134.3564,-12.1326]},"properties":{"d":"2026-09-15","t":"0457","frp":2.8,"b":336.6,"c":1,"s":"SNPP","n":0}},{"type":"Feature","geometry":{"type":"Point","coordinates":[133.9492,-12.1305]},"properties":{"d":"2026-09-15","t":"0457","frp":9.7,"b":354.5,"c":1,"s":"SNPP","n":0}},{"type":"Feature","geometry":{"type":"Point","coordinates":[133.9452,-12.1303]},"properties":{"d":"2026-09-15","t":"0457","frp":6.7,"b":333.8,"c":0,"s":"SNPP","n":0}},{"type":"Feature","geometry":{"type":"Point","coordinates":[133.9491,-12.1297]},"properties":{"d":"2026-09-15","t":"0457","frp":6.7,"b":348.0,"c":1,"s":"SNPP","n":0}},{"type":"Feature","geometry":{"type":"Point","coordinates":[133.9486,-12.127]},"properties":{"d":"2026-09-15","t":"0457","frp":9.7,"b":338.5,"c":1,"s":"SNPP","n":0}},{"type":"Feature","geometry":{"type":"Point","coordinates":[136.4071,-12.127]},"properties":{"d":"2026-09-15","t":"0457","frp":6.3,"b":336.5,"c":1,"s":"SNPP","n":0}},{"type":"Feature","geometry":{"type":"Point","coordinates":[133.9446,-12.1268]},"properties":{"d":"2026-09-15","t":"0457","frp":6.7,"b":341.0,"c":1,"s":"SNPP","n":0}},{"type":"Feature","geometry":{"type":"Point","coordinates":[133.9486,-12.1262]},"properties":{"d":"2026-09-15","t":"0457","frp":6.7,"b":336.1,"c":0,"s":"SNPP","n":0}},{"type":"Feature","geometry":{"type":"Point","coordinates":[133.9441,-12.1234]},"properties":{"d":"2026-09-15","t":"0457","frp":3.0,"b":335.9,"c":1,"s":"SNPP","n":0}},{"type":"Feature","geometry":{"type":"Point","coordinates":[134.3587,-12.1213]},"properties":{"d":"2026-09-15","t":"0457","frp":5.5,"b":343.2,"c":1,"s":"SNPP","n":0}},{"type":"Feature","geometry":{"type":"Point","coordinates":[134.354,-12.1184]},"properties":{"d":"2026-09-15","t":"0457","frp":5.5,"b":331.8,"c":0,"s":"SNPP","n":0}},{"type":"Feature","geometry":{"type":"Point","coordinates":[134.3581,-12.1177]},"properties":{"d":"2026-09-15","t":"0457","frp":5.5,"b":356.6,"c":1,"s":"SNPP","n":0}},{"type":"Feature","geometry":{"type":"Point","coordinates":[134.3621,-12.117]},"properties":{"d":"2026-09-15","t":"0457","frp":3.9,"b":334.5,"c":1,"s":"SNPP","n":0}},{"type":"Feature","geometry":{"type":"Point","coordinates":[134.3604,-12.1064]},"properties":{"d":"2026-09-15","t":"0457","frp":3.9,"b":332.7,"c":1,"s":"SNPP","n":0}},{"type":"Feature","geometry":{"type":"Point","coordinates":[134.3475,-12.1048]},"properties":{"d":"2026-09-15","t":"0457","frp":7.0,"b":347.9,"c":1,"s":"SNPP","n":0}},{"type":"Feature","geometry":{"type":"Point","coordinates":[134.3516,-12.1042]},"properties":{"d":"2026-09-15","t":"0457","frp":7.2,"b":351.9,"c":1,"s":"SNPP","n":0}},{"type":"Feature","geometry":{"type":"Point","coordinates":[134.3557,-12.1035]},"properties":{"d":"2026-09-15","t":"0457","frp":7.2,"b":352.4,"c":1,"s":"SNPP","n":0}},{"type":"Feature","geometry":{"type":"Point","coordinates":[134.3715,-12.0972]},"properties":{"d":"2026-09-15","t":"0457","frp":3.8,"b":331.1,"c":0,"s":"SNPP","n":0}},{"type":"Feature","geometry":{"type":"Point","coordinates":[134.3756,-12.0966]},"properties":{"d":"2026-09-15","t":"0457","frp":1.5,"b":330.9,"c":1,"s":"SNPP","n":0}},{"type":"Feature","geometry":{"type":"Point","coordinates":[134.6902,-12.0891]},"properties":{"d":"2026-09-15","t":"0457","frp":3.2,"b":332.6,"c":0,"s":"SNPP","n":0}},{"type":"Feature","geometry":{"type":"Point","coordinates":[136.299,-12.0699]},"properties":{"d":"2026-09-15","t":"0457","frp":5.6,"b":343.0,"c":1,"s":"SNPP","n":0}},{"type":"Feature","geometry":{"type":"Point","coordinates":[136.301,-12.0677]},"properties":{"d":"2026-09-15","t":"0457","frp":7.9,"b":340.3,"c":1,"s":"SNPP","n":0}},{"type":"Feature","geometry":{"type":"Point","coordinates":[134.2469,-12.0493]},"properties":{"d":"2026-09-15","t":"0457","frp":2.9,"b":331.5,"c":0,"s":"SNPP","n":0}},{"type":"Feature","geometry":{"type":"Point","coordinates":[134.2908,-12.0385]},"properties":{"d":"2026-09-15","t":"0457","frp":4.7,"b":345.6,"c":1,"s":"SNPP","n":0}},{"type":"Feature","geometry":{"type":"Point","coordinates":[134.2815,-12.0327]},"properties":{"d":"2026-09-15","t":"0457","frp":3.9,"b":335.2,"c":1,"s":"SNPP","n":0}},{"type":"Feature","geometry":{"type":"Point","coordinates":[142.5687,-12.0066]},"properties":{"d":"2026-09-15","t":"0457","frp":4.0,"b":332.3,"c":1,"s":"SNPP","n":0}},{"type":"Feature","geometry":{"type":"Point","coordinates":[142.5731,-12.0057]},"properties":{"d":"2026-09-15","t":"0457","frp":4.0,"b":331.7,"c":1,"s":"SNPP","n":0}},{"type":"Feature","geometry":{"type":"Point","coordinates":[142.5762,-11.9989]},"properties":{"d":"2026-09-15","t":"0457","frp":9.0,"b":332.7,"c":1,"s":"SNPP","n":0}},{"type":"Feature","geometry":{"type":"Point","coordinates":[142.575,-11.9971]},"properties":{"d":"2026-09-15","t":"0457","frp":4.0,"b":332.5,"c":1,"s":"SNPP","n":0}},{"type":"Feature","geometry":{"type":"Point","coordinates":[142.5749,-11.993]},"properties":{"d":"2026-09-15","t":"0457","frp":4.1,"b":336.1,"c":1,"s":"SNPP","n":0}},{"type":"Feature","geometry":{"type":"Point","coordinates":[142.5737,-11.9912]},"properties":{"d":"2026-09-15","t":"0457","frp":4.0,"b":337.1,"c":1,"s":"SNPP","n":0}},{"type":"Feature","geometry":{"type":"Point","coordinates":[142.5737,-11.9871]},"properties":{"d":"2026-09-15","t":"0457","frp":4.1,"b":336.8,"c":1,"s":"SNPP","n":0}},{"type":"Feature","geometry":{"type":"Point","coordinates":[133.9413,-11.9619]},"properties":{"d":"2026-09-15","t":"0457","frp":4.7,"b":343.7,"c":1,"s":"SNPP","n":0}},{"type":"Feature","geometry":{"type":"Point","coordinates":[133.9453,-11.9613]},"properties":{"d":"2026-09-15","t":"0457","frp":4.7,"b":336.1,"c":1,"s":"SNPP","n":0}},{"type":"Feature","geometry":{"type":"Point","coordinates":[133.9408,-11.9584]},"properties":{"d":"2026-09-15","t":"0457","frp":5.8,"b":341.0,"c":1,"s":"SNPP","n":0}},{"type":"Feature","geometry":{"type":"Point","coordinates":[133.9447,-11.9578]},"properties":{"d":"2026-09-15","t":"0457","frp":5.8,"b":348.4,"c":1,"s":"SNPP","n":0}},{"type":"Feature","geometry":{"type":"Point","coordinates":[132.7677,-11.8179]},"properties":{"d":"2026-09-15","t":"0457","frp":4.8,"b":350.9,"c":1,"s":"SNPP","n":0}},{"type":"Feature","geometry":{"type":"Point","coordinates":[132.7781,-11.8128]},"properties":{"d":"2026-09-15","t":"0457","frp":4.1,"b":337.6,"c":1,"s":"SNPP","n":0}},{"type":"Feature","geometry":{"type":"Point","coordinates":[132.7811,-11.8089]},"properties":{"d":"2026-09-15","t":"0457","frp":4.1,"b":342.1,"c":1,"s":"SNPP","n":0}},{"type":"Feature","geometry":{"type":"Point","coordinates":[132.7848,-11.8083]},"properties":{"d":"2026-09-15","t":"0457","frp":5.4,"b":351.8,"c":1,"s":"SNPP","n":0}},{"type":"Feature","geometry":{"type":"Point","coordinates":[133.2233,-11.8051]},"properties":{"d":"2026-09-15","t":"0457","frp":3.4,"b":342.7,"c":1,"s":"SNPP","n":0}},{"type":"Feature","geometry":{"type":"Point","coordinates":[132.7842,-11.8049]},"properties":{"d":"2026-09-15","t":"0457","frp":5.1,"b":344.2,"c":1,"s":"SNPP","n":0}},{"type":"Feature","geometry":{"type":"Point","coordinates":[133.227,-11.8045]},"properties":{"d":"2026-09-15","t":"0457","frp":3.4,"b":334.9,"c":0,"s":"SNPP","n":0}},{"type":"Feature","geometry":{"type":"Point","coordinates":[132.7879,-11.8043]},"properties":{"d":"2026-09-15","t":"0457","frp":5.1,"b":355.9,"c":1,"s":"SNPP","n":0}},{"type":"Feature","geometry":{"type":"Point","coordinates":[133.2227,-11.8017]},"properties":{"d":"2026-09-15","t":"0457","frp":3.4,"b":336.9,"c":1,"s":"SNPP","n":0}},{"type":"Feature","geometry":{"type":"Point","coordinates":[132.7873,-11.801]},"properties":{"d":"2026-09-15","t":"0457","frp":5.1,"b":335.4,"c":0,"s":"SNPP","n":0}},{"type":"Feature","geometry":{"type":"Point","coordinates":[132.7904,-11.797]},"properties":{"d":"2026-09-15","t":"0457","frp":4.2,"b":344.3,"c":1,"s":"SNPP","n":0}},{"type":"Feature","geometry":{"type":"Point","coordinates":[132.7899,-11.7936]},"properties":{"d":"2026-09-15","t":"0457","frp":4.2,"b":343.3,"c":1,"s":"SNPP","n":0}},{"type":"Feature","geometry":{"type":"Point","coordinates":[132.793,-11.7897]},"properties":{"d":"2026-09-15","t":"0457","frp":4.5,"b":341.5,"c":1,"s":"SNPP","n":0}},{"type":"Feature","geometry":{"type":"Point","coordinates":[132.7851,-11.7875]},"properties":{"d":"2026-09-15","t":"0457","frp":10.7,"b":349.0,"c":1,"s":"SNPP","n":0}},{"type":"Feature","geometry":{"type":"Point","coordinates":[132.7888,-11.7869]},"properties":{"d":"2026-09-15","t":"0457","frp":4.5,"b":345.1,"c":1,"s":"SNPP","n":0}},{"type":"Feature","geometry":{"type":"Point","coordinates":[132.7924,-11.7863]},"properties":{"d":"2026-09-15","t":"0457","frp":4.5,"b":337.5,"c":1,"s":"SNPP","n":0}},{"type":"Feature","geometry":{"type":"Point","coordinates":[132.7846,-11.7841]},"properties":{"d":"2026-09-15","t":"0457","frp":7.0,"b":353.1,"c":1,"s":"SNPP","n":0}},{"type":"Feature","geometry":{"type":"Point","coordinates":[132.7882,-11.7835]},"properties":{"d":"2026-09-15","t":"0457","frp":5.8,"b":348.7,"c":1,"s":"SNPP","n":0}},{"type":"Feature","geometry":{"type":"Point","coordinates":[133.7871,-11.7561]},"properties":{"d":"2026-09-15","t":"0457","frp":3.0,"b":337.6,"c":1,"s":"SNPP","n":0}},{"type":"Feature","geometry":{"type":"Point","coordinates":[133.7865,-11.7526]},"properties":{"d":"2026-09-15","t":"0457","frp":9.9,"b":346.2,"c":1,"s":"SNPP","n":0}},{"type":"Feature","geometry":{"type":"Point","coordinates":[133.7782,-11.7503]},"properties":{"d":"2026-09-15","t":"0457","frp":2.5,"b":332.6,"c":0,"s":"SNPP","n":0}},{"type":"Feature","geometry":{"type":"Point","coordinates":[133.7821,-11.7497]},"properties":{"d":"2026-09-15","t":"0457","frp":2.5,"b":332.6,"c":0,"s":"SNPP","n":0}},{"type":"Feature","geometry":{"type":"Point","coordinates":[133.7859,-11.7491]},"properties":{"d":"2026-09-15","t":"0457","frp":9.9,"b":348.6,"c":1,"s":"SNPP","n":0}},{"type":"Feature","geometry":{"type":"Point","coordinates":[133.7853,-11.7456]},"properties":{"d":"2026-09-15","t":"0457","frp":11.1,"b":343.6,"c":1,"s":"SNPP","n":0}},{"type":"Feature","geometry":{"type":"Point","coordinates":[133.7893,-11.745]},"properties":{"d":"2026-09-15","t":"0457","frp":11.1,"b":334.3,"c":0,"s":"SNPP","n":0}},{"type":"Feature","geometry":{"type":"Point","coordinates":[133.7809,-11.7427]},"properties":{"d":"2026-09-15","t":"0457","frp":7.0,"b":341.8,"c":1,"s":"SNPP","n":0}},{"type":"Feature","geometry":{"type":"Point","coordinates":[130.6862,-11.6117]},"properties":{"d":"2026-09-15","t":"0457","frp":21.8,"b":349.0,"c":1,"s":"SNPP","n":0}},{"type":"Feature","geometry":{"type":"Point","coordinates":[130.6821,-11.6089]},"properties":{"d":"2026-09-15","t":"0457","frp":10.7,"b":349.9,"c":1,"s":"SNPP","n":0}},{"type":"Feature","geometry":{"type":"Point","coordinates":[130.6857,-11.6083]},"properties":{"d":"2026-09-15","t":"0457","frp":10.7,"b":345.8,"c":1,"s":"SNPP","n":0}},{"type":"Feature","geometry":{"type":"Point","coordinates":[130.6893,-11.6078]},"properties":{"d":"2026-09-15","t":"0457","frp":8.4,"b":335.6,"c":0,"s":"SNPP","n":0}},{"type":"Feature","geometry":{"type":"Point","coordinates":[130.6816,-11.6055]},"properties":{"d":"2026-09-15","t":"0457","frp":10.7,"b":349.5,"c":1,"s":"SNPP","n":0}},{"type":"Feature","geometry":{"type":"Point","coordinates":[130.6852,-11.605]},"properties":{"d":"2026-09-15","t":"0457","frp":10.7,"b":342.4,"c":1,"s":"SNPP","n":0}},{"type":"Feature","geometry":{"type":"Point","coordinates":[130.6887,-11.6044]},"properties":{"d":"2026-09-15","t":"0457","frp":8.4,"b":339.7,"c":1,"s":"SNPP","n":0}},{"type":"Feature","geometry":{"type":"Point","coordinates":[130.6847,-11.6016]},"properties":{"d":"2026-09-15","t":"0457","frp":6.5,"b":343.0,"c":1,"s":"SNPP","n":0}},{"type":"Feature","geometry":{"type":"Point","coordinates":[130.6882,-11.6011]},"properties":{"d":"2026-09-15","t":"0457","frp":9.2,"b":343.8,"c":1,"s":"SNPP","n":0}},{"type":"Feature","geometry":{"type":"Point","coordinates":[130.5264,-11.5515]},"properties":{"d":"2026-09-15","t":"0457","frp":12.9,"b":355.6,"c":1,"s":"SNPP","n":0}},{"type":"Feature","geometry":{"type":"Point","coordinates":[130.53,-11.551]},"properties":{"d":"2026-09-15","t":"0457","frp":12.9,"b":367.0,"c":2,"s":"SNPP","n":0}},{"type":"Feature","geometry":{"type":"Point","coordinates":[130.5295,-11.5476]},"properties":{"d":"2026-09-15","t":"0457","frp":12.9,"b":339.6,"c":1,"s":"SNPP","n":0}},{"type":"Feature","geometry":{"type":"Point","coordinates":[130.5438,-11.5455]},"properties":{"d":"2026-09-15","t":"0457","frp":31.2,"b":340.6,"c":0,"s":"SNPP","n":0}},{"type":"Feature","geometry":{"type":"Point","coordinates":[131.3517,-11.4903]},"properties":{"d":"2026-09-15","t":"0457","frp":2.5,"b":340.1,"c":1,"s":"SNPP","n":0}},{"type":"Feature","geometry":{"type":"Point","coordinates":[131.3552,-11.4898]},"properties":{"d":"2026-09-15","t":"0457","frp":2.5,"b":333.5,"c":0,"s":"SNPP","n":0}},{"type":"Feature","geometry":{"type":"Point","coordinates":[131.3546,-11.4864]},"properties":{"d":"2026-09-15","t":"0457","frp":3.9,"b":333.8,"c":0,"s":"SNPP","n":0}},{"type":"Feature","geometry":{"type":"Point","coordinates":[130.5192,-11.4806]},"properties":{"d":"2026-09-15","t":"0457","frp":5.1,"b":340.4,"c":0,"s":"SNPP","n":0}},{"type":"Feature","geometry":{"type":"Point","coordinates":[130.5228,-11.4801]},"properties":{"d":"2026-09-15","t":"0457","frp":7.1,"b":341.9,"c":0,"s":"SNPP","n":0}},{"type":"Feature","geometry":{"type":"Point","coordinates":[131.3571,-11.4793]},"properties":{"d":"2026-09-15","t":"0457","frp":4.5,"b":348.7,"c":1,"s":"SNPP","n":0}},{"type":"Feature","geometry":{"type":"Point","coordinates":[131.3607,-11.4787]},"properties":{"d":"2026-09-15","t":"0457","frp":4.5,"b":337.7,"c":1,"s":"SNPP","n":0}},{"type":"Feature","geometry":{"type":"Point","coordinates":[131.3601,-11.4754]},"properties":{"d":"2026-09-15","t":"0457","frp":4.5,"b":352.1,"c":1,"s":"SNPP","n":0}},{"type":"Feature","geometry":{"type":"Point","coordinates":[131.3631,-11.4715]},"properties":{"d":"2026-09-15","t":"0457","frp":2.0,"b":332.5,"c":0,"s":"SNPP","n":0}},{"type":"Feature","geometry":{"type":"Point","coordinates":[131.3621,-11.4649]},"properties":{"d":"2026-09-15","t":"0457","frp":3.7,"b":367.0,"c":2,"s":"SNPP","n":0}},{"type":"Feature","geometry":{"type":"Point","coordinates":[131.3656,-11.4643]},"properties":{"d":"2026-09-15","t":"0457","frp":3.7,"b":333.1,"c":1,"s":"SNPP","n":0}},{"type":"Feature","geometry":{"type":"Point","coordinates":[131.3616,-11.4616]},"properties":{"d":"2026-09-15","t":"0457","frp":3.7,"b":339.5,"c":1,"s":"SNPP","n":0}},{"type":"Feature","geometry":{"type":"Point","coordinates":[131.3651,-11.461]},"properties":{"d":"2026-09-15","t":"0457","frp":3.7,"b":335.4,"c":1,"s":"SNPP","n":0}},{"type":"Feature","geometry":{"type":"Point","coordinates":[130.7966,-11.4595]},"properties":{"d":"2026-09-15","t":"0457","frp":18.5,"b":353.0,"c":1,"s":"SNPP","n":0}},{"type":"Feature","geometry":{"type":"Point","coordinates":[131.361,-11.4582]},"properties":{"d":"2026-09-15","t":"0457","frp":4.7,"b":339.6,"c":0,"s":"SNPP","n":0}},{"type":"Feature","geometry":{"type":"Point","coordinates":[130.7961,-11.4562]},"properties":{"d":"2026-09-15","t":"0457","frp":7.0,"b":349.7,"c":1,"s":"SNPP","n":0}},{"type":"Feature","geometry":{"type":"Point","coordinates":[131.3605,-11.4549]},"properties":{"d":"2026-09-15","t":"0457","frp":4.7,"b":351.0,"c":1,"s":"SNPP","n":0}},{"type":"Feature","geometry":{"type":"Point","coordinates":[130.7956,-11.4529]},"properties":{"d":"2026-09-15","t":"0457","frp":7.0,"b":354.1,"c":1,"s":"SNPP","n":0}},{"type":"Feature","geometry":{"type":"Point","coordinates":[131.3594,-11.4525]},"properties":{"d":"2026-09-15","t":"0457","frp":9.7,"b":352.6,"c":1,"s":"SNPP","n":0}},{"type":"Feature","geometry":{"type":"Point","coordinates":[130.7915,-11.4501]},"properties":{"d":"2026-09-15","t":"0457","frp":15.1,"b":351.7,"c":1,"s":"SNPP","n":0}},{"type":"Feature","geometry":{"type":"Point","coordinates":[130.791,-11.4467]},"properties":{"d":"2026-09-15","t":"0457","frp":15.1,"b":349.5,"c":1,"s":"SNPP","n":0}},{"type":"Feature","geometry":{"type":"Point","coordinates":[130.7869,-11.4439]},"properties":{"d":"2026-09-15","t":"0457","frp":13.4,"b":349.3,"c":1,"s":"SNPP","n":0}},{"type":"Feature","geometry":{"type":"Point","coordinates":[130.9812,-11.4351]},"properties":{"d":"2026-09-15","t":"0457","frp":3.4,"b":337.6,"c":0,"s":"SNPP","n":0}},{"type":"Feature","geometry":{"type":"Point","coordinates":[130.9878,-11.4307]},"properties":{"d":"2026-09-15","t":"0457","frp":3.2,"b":346.2,"c":1,"s":"SNPP","n":0}},{"type":"Feature","geometry":{"type":"Point","coordinates":[130.7698,-11.4274]},"properties":{"d":"2026-09-15","t":"0457","frp":2.7,"b":338.3,"c":0,"s":"SNPP","n":0}},{"type":"Feature","geometry":{"type":"Point","coordinates":[130.9872,-11.4273]},"properties":{"d":"2026-09-15","t":"0457","frp":3.2,"b":338.6,"c":1,"s":"SNPP","n":0}},{"type":"Feature","geometry":{"type":"Point","coordinates":[130.7734,-11.4268]},"properties":{"d":"2026-09-15","t":"0457","frp":2.7,"b":338.4,"c":0,"s":"SNPP","n":0}},{"type":"Feature","geometry":{"type":"Point","coordinates":[132.1023,-11.4087]},"properties":{"d":"2026-09-15","t":"0457","frp":8.4,"b":352.3,"c":1,"s":"SNPP","n":0}},{"type":"Feature","geometry":{"type":"Point","coordinates":[130.9574,-11.3989]},"properties":{"d":"2026-09-15","t":"0457","frp":6.3,"b":347.0,"c":1,"s":"SNPP","n":0}},{"type":"Feature","geometry":{"type":"Point","coordinates":[130.9377,-11.3883]},"properties":{"d":"2026-09-15","t":"0457","frp":33.1,"b":332.6,"c":0,"s":"SNPP","n":0}},{"type":"Feature","geometry":{"type":"Point","coordinates":[130.9447,-11.3872]},"properties":{"d":"2026-09-15","t":"0457","frp":6.6,"b":348.1,"c":1,"s":"SNPP","n":0}},{"type":"Feature","geometry":{"type":"Point","coordinates":[130.9483,-11.3867]},"properties":{"d":"2026-09-15","t":"0457","frp":6.6,"b":333.4,"c":0,"s":"SNPP","n":0}},{"type":"Feature","geometry":{"type":"Point","coordinates":[130.7088,-11.3854]},"properties":{"d":"2026-09-15","t":"0457","frp":2.9,"b":342.5,"c":1,"s":"SNPP","n":0}},{"type":"Feature","geometry":{"type":"Point","coordinates":[130.7124,-11.3848]},"properties":{"d":"2026-09-15","t":"0457","frp":6.8,"b":356.6,"c":1,"s":"SNPP","n":0}},{"type":"Feature","geometry":{"type":"Point","coordinates":[130.7159,-11.3843]},"properties":{"d":"2026-09-15","t":"0457","frp":6.8,"b":347.8,"c":1,"s":"SNPP","n":0}},{"type":"Feature","geometry":{"type":"Point","coordinates":[142.1405,-11.3151]},"properties":{"d":"2026-09-15","t":"0457","frp":6.7,"b":329.8,"c":1,"s":"SNPP","n":0}},{"type":"Feature","geometry":{"type":"Point","coordinates":[132.4545,-11.2952]},"properties":{"d":"2026-09-15","t":"0457","frp":3.2,"b":340.5,"c":1,"s":"SNPP","n":0}},{"type":"Feature","geometry":{"type":"Point","coordinates":[132.4539,-11.2919]},"properties":{"d":"2026-09-15","t":"0457","frp":3.2,"b":341.2,"c":1,"s":"SNPP","n":0}},{"type":"Feature","geometry":{"type":"Point","coordinates":[132.4648,-11.2902]},"properties":{"d":"2026-09-15","t":"0457","frp":2.3,"b":336.4,"c":1,"s":"SNPP","n":0}},{"type":"Feature","geometry":{"type":"Point","coordinates":[132.4534,-11.2885]},"properties":{"d":"2026-09-15","t":"0457","frp":5.6,"b":337.2,"c":1,"s":"SNPP","n":0}},{"type":"Feature","geometry":{"type":"Point","coordinates":[132.457,-11.2879]},"properties":{"d":"2026-09-15","t":"0457","frp":5.6,"b":336.7,"c":0,"s":"SNPP","n":0}},{"type":"Feature","geometry":{"type":"Point","coordinates":[132.4606,-11.2874]},"properties":{"d":"2026-09-15","t":"0457","frp":11.5,"b":350.7,"c":1,"s":"SNPP","n":0}},{"type":"Feature","geometry":{"type":"Point","coordinates":[132.4642,-11.2868]},"properties":{"d":"2026-09-15","t":"0457","frp":11.5,"b":351.6,"c":1,"s":"SNPP","n":0}},{"type":"Feature","geometry":{"type":"Point","coordinates":[132.4678,-11.2862]},"properties":{"d":"2026-09-15","t":"0457","frp":8.4,"b":367.0,"c":2,"s":"SNPP","n":0}},{"type":"Feature","geometry":{"type":"Point","coordinates":[132.4673,-11.2829]},"properties":{"d":"2026-09-15","t":"0457","frp":8.4,"b":332.6,"c":1,"s":"SNPP","n":0}},{"type":"Feature","geometry":{"type":"Point","coordinates":[132.4709,-11.2823]},"properties":{"d":"2026-09-15","t":"0457","frp":8.4,"b":367.0,"c":2,"s":"SNPP","n":0}},{"type":"Feature","geometry":{"type":"Point","coordinates":[132.4745,-11.2817]},"properties":{"d":"2026-09-15","t":"0457","frp":6.2,"b":353.2,"c":1,"s":"SNPP","n":0}},{"type":"Feature","geometry":{"type":"Point","coordinates":[132.4701,-11.281]},"properties":{"d":"2026-09-15","t":"0457","frp":4.8,"b":341.4,"c":1,"s":"SNPP","n":0}},{"type":"Feature","geometry":{"type":"Point","coordinates":[132.4737,-11.2805]},"properties":{"d":"2026-09-15","t":"0457","frp":8.9,"b":367.0,"c":2,"s":"SNPP","n":0}},{"type":"Feature","geometry":{"type":"Point","coordinates":[132.4773,-11.2799]},"properties":{"d":"2026-09-15","t":"0457","frp":8.9,"b":343.5,"c":1,"s":"SNPP","n":0}},{"type":"Feature","geometry":{"type":"Point","coordinates":[132.4768,-11.2766]},"properties":{"d":"2026-09-15","t":"0457","frp":8.9,"b":350.6,"c":1,"s":"SNPP","n":0}},{"type":"Feature","geometry":{"type":"Point","coordinates":[132.4804,-11.276]},"properties":{"d":"2026-09-15","t":"0457","frp":7.5,"b":339.2,"c":1,"s":"SNPP","n":0}},{"type":"Feature","geometry":{"type":"Point","coordinates":[132.4799,-11.2726]},"properties":{"d":"2026-09-15","t":"0457","frp":11.7,"b":347.3,"c":1,"s":"SNPP","n":0}},{"type":"Feature","geometry":{"type":"Point","coordinates":[132.4793,-11.2693]},"properties":{"d":"2026-09-15","t":"0457","frp":11.7,"b":348.5,"c":1,"s":"SNPP","n":0}},{"type":"Feature","geometry":{"type":"Point","coordinates":[132.4788,-11.2659]},"properties":{"d":"2026-09-15","t":"0457","frp":2.9,"b":334.9,"c":1,"s":"SNPP","n":0}},{"type":"Feature","geometry":{"type":"Point","coordinates":[132.3347,-11.2643]},"properties":{"d":"2026-09-15","t":"0457","frp":7.0,"b":348.5,"c":1,"s":"SNPP","n":0}},{"type":"Feature","geometry":{"type":"Point","coordinates":[132.3383,-11.2637]},"properties":{"d":"2026-09-15","t":"0457","frp":4.2,"b":339.8,"c":1,"s":"SNPP","n":0}},{"type":"Feature","geometry":{"type":"Point","coordinates":[132.4741,-11.2597]},"properties":{"d":"2026-09-15","t":"0457","frp":7.7,"b":335.6,"c":1,"s":"SNPP","n":0}},{"type":"Feature","geometry":{"type":"Point","coordinates":[132.4663,-11.2575]},"properties":{"d":"2026-09-15","t":"0457","frp":6.2,"b":345.9,"c":1,"s":"SNPP","n":0}},{"type":"Feature","geometry":{"type":"Point","coordinates":[132.47,-11.2569]},"properties":{"d":"2026-09-15","t":"0457","frp":7.7,"b":367.0,"c":2,"s":"SNPP","n":0}},{"type":"Feature","geometry":{"type":"Point","coordinates":[132.4736,-11.2564]},"properties":{"d":"2026-09-15","t":"0457","frp":7.7,"b":334.3,"c":1,"s":"SNPP","n":0}},{"type":"Feature","geometry":{"type":"Point","coordinates":[132.4622,-11.2547]},"properties":{"d":"2026-09-15","t":"0457","frp":9.5,"b":338.2,"c":0,"s":"SNPP","n":0}},{"type":"Feature","geometry":{"type":"Point","coordinates":[132.4658,-11.2541]},"properties":{"d":"2026-09-15","t":"0457","frp":9.5,"b":352.2,"c":1,"s":"SNPP","n":0}},{"type":"Feature","geometry":{"type":"Point","coordinates":[132.4653,-11.2508]},"properties":{"d":"2026-09-15","t":"0457","frp":9.5,"b":348.1,"c":1,"s":"SNPP","n":0}},{"type":"Feature","geometry":{"type":"Point","coordinates":[132.4606,-11.2446]},"properties":{"d":"2026-09-15","t":"0457","frp":5.4,"b":346.4,"c":1,"s":"SNPP","n":0}},{"type":"Feature","geometry":{"type":"Point","coordinates":[132.4642,-11.244]},"properties":{"d":"2026-09-15","t":"0457","frp":5.4,"b":337.5,"c":1,"s":"SNPP","n":0}},{"type":"Feature","geometry":{"type":"Point","coordinates":[132.4528,-11.2424]},"properties":{"d":"2026-09-15","t":"0457","frp":8.8,"b":338.4,"c":1,"s":"SNPP","n":0}},{"type":"Feature","geometry":{"type":"Point","coordinates":[132.4564,-11.2418]},"properties":{"d":"2026-09-15","t":"0457","frp":8.8,"b":367.0,"c":2,"s":"SNPP","n":0}},{"type":"Feature","geometry":{"type":"Point","coordinates":[132.46,-11.2413]},"properties":{"d":"2026-09-15","t":"0457","frp":7.4,"b":348.8,"c":1,"s":"SNPP","n":0}},{"type":"Feature","geometry":{"type":"Point","coordinates":[132.4486,-11.2396]},"properties":{"d":"2026-09-15","t":"0457","frp":9.4,"b":367.0,"c":2,"s":"SNPP","n":0}},{"type":"Feature","geometry":{"type":"Point","coordinates":[132.4523,-11.239]},"properties":{"d":"2026-09-15","t":"0457","frp":8.8,"b":354.8,"c":1,"s":"SNPP","n":0}},{"type":"Feature","geometry":{"type":"Point","coordinates":[132.4445,-11.2368]},"properties":{"d":"2026-09-15","t":"0457","frp":4.9,"b":350.3,"c":1,"s":"SNPP","n":0}},{"type":"Feature","geometry":{"type":"Point","coordinates":[132.4481,-11.2362]},"properties":{"d":"2026-09-15","t":"0457","frp":4.9,"b":338.9,"c":1,"s":"SNPP","n":0}},{"type":"Feature","geometry":{"type":"Point","coordinates":[132.4368,-11.2346]},"properties":{"d":"2026-09-15","t":"0457","frp":5.2,"b":334.4,"c":1,"s":"SNPP","n":0}},{"type":"Feature","geometry":{"type":"Point","coordinates":[132.4404,-11.234]},"properties":{"d":"2026-09-15","t":"0457","frp":5.2,"b":351.6,"c":1,"s":"SNPP","n":0}},{"type":"Feature","geometry":{"type":"Point","coordinates":[132.444,-11.2334]},"properties":{"d":"2026-09-15","t":"0457","frp":4.9,"b":340.5,"c":1,"s":"SNPP","n":0}},{"type":"Feature","geometry":{"type":"Point","coordinates":[132.429,-11.2323]},"properties":{"d":"2026-09-15","t":"0457","frp":14.5,"b":336.1,"c":1,"s":"SNPP","n":0}},{"type":"Feature","geometry":{"type":"Point","coordinates":[132.4326,-11.2317]},"properties":{"d":"2026-09-15","t":"0457","frp":14.5,"b":367.0,"c":2,"s":"SNPP","n":0}},{"type":"Feature","geometry":{"type":"Point","coordinates":[132.4362,-11.2312]},"properties":{"d":"2026-09-15","t":"0457","frp":15.0,"b":367.0,"c":2,"s":"SNPP","n":0}},{"type":"Feature","geometry":{"type":"Point","coordinates":[132.4398,-11.2306]},"properties":{"d":"2026-09-15","t":"0457","frp":15.0,"b":347.1,"c":1,"s":"SNPP","n":0}},{"type":"Feature","geometry":{"type":"Point","coordinates":[132.3765,-11.2268]},"properties":{"d":"2026-09-15","t":"0457","frp":2.9,"b":341.0,"c":1,"s":"SNPP","n":0}},{"type":"Feature","geometry":{"type":"Point","coordinates":[132.3724,-11.224]},"properties":{"d":"2026-09-15","t":"0457","frp":3.8,"b":340.4,"c":1,"s":"SNPP","n":0}},{"type":"Feature","geometry":{"type":"Point","coordinates":[132.376,-11.2234]},"properties":{"d":"2026-09-15","t":"0457","frp":2.9,"b":337.5,"c":1,"s":"SNPP","n":0}},{"type":"Feature","geometry":{"type":"Point","coordinates":[132.3666,-11.2111]},"properties":{"d":"2026-09-15","t":"0457","frp":1.8,"b":330.9,"c":1,"s":"SNPP","n":0}},{"type":"Feature","geometry":{"type":"Point","coordinates":[132.3702,-11.2106]},"properties":{"d":"2026-09-15","t":"0457","frp":1.8,"b":333.7,"c":1,"s":"SNPP","n":0}},{"type":"Feature","geometry":{"type":"Point","coordinates":[132.3738,-11.21]},"properties":{"d":"2026-09-15","t":"0457","frp":8.7,"b":352.1,"c":1,"s":"SNPP","n":0}},{"type":"Feature","geometry":{"type":"Point","coordinates":[132.3661,-11.2078]},"properties":{"d":"2026-09-15","t":"0457","frp":6.8,"b":345.6,"c":1,"s":"SNPP","n":0}},{"type":"Feature","geometry":{"type":"Point","coordinates":[132.3697,-11.2072]},"properties":{"d":"2026-09-15","t":"0457","frp":6.8,"b":367.0,"c":2,"s":"SNPP","n":0}},{"type":"Feature","geometry":{"type":"Point","coordinates":[132.3733,-11.2066]},"properties":{"d":"2026-09-15","t":"0457","frp":7.3,"b":347.1,"c":1,"s":"SNPP","n":0}},{"type":"Feature","geometry":{"type":"Point","coordinates":[132.5595,-11.1452]},"properties":{"d":"2026-09-15","t":"0457","frp":29.7,"b":352.4,"c":1,"s":"SNPP","n":0}},{"type":"Feature","geometry":{"type":"Point","coordinates":[132.5631,-11.1447]},"properties":{"d":"2026-09-15","t":"0457","frp":4.0,"b":335.9,"c":1,"s":"SNPP","n":0}},{"type":"Feature","geometry":{"type":"Point","coordinates":[141.2965,-9.1201]},"properties":{"d":"2026-09-15","t":"0457","frp":7.9,"b":327.1,"c":1,"s":"SNPP","n":0}},{"type":"Feature","geometry":{"type":"Point","coordinates":[141.2712,-9.119]},"properties":{"d":"2026-09-15","t":"0457","frp":12.0,"b":328.8,"c":1,"s":"SNPP","n":0}},{"type":"Feature","geometry":{"type":"Point","coordinates":[141.2709,-9.1185]},"properties":{"d":"2026-09-15","t":"0457","frp":12.0,"b":328.6,"c":1,"s":"SNPP","n":0}},{"type":"Feature","geometry":{"type":"Point","coordinates":[141.2752,-9.1182]},"properties":{"d":"2026-09-15","t":"0457","frp":12.0,"b":331.7,"c":1,"s":"SNPP","n":0}},{"type":"Feature","geometry":{"type":"Point","coordinates":[141.275,-9.1177]},"properties":{"d":"2026-09-15","t":"0457","frp":12.0,"b":332.9,"c":1,"s":"SNPP","n":0}},{"type":"Feature","geometry":{"type":"Point","coordinates":[141.2793,-9.1174]},"properties":{"d":"2026-09-15","t":"0457","frp":30.0,"b":357.2,"c":0,"s":"SNPP","n":0}},{"type":"Feature","geometry":{"type":"Point","coordinates":[141.279,-9.117]},"properties":{"d":"2026-09-15","t":"0457","frp":29.7,"b":357.2,"c":0,"s":"SNPP","n":0}},{"type":"Feature","geometry":{"type":"Point","coordinates":[141.2833,-9.1167]},"properties":{"d":"2026-09-15","t":"0457","frp":30.0,"b":341.4,"c":1,"s":"SNPP","n":0}},{"type":"Feature","geometry":{"type":"Point","coordinates":[141.2831,-9.1163]},"properties":{"d":"2026-09-15","t":"0457","frp":29.7,"b":344.0,"c":1,"s":"SNPP","n":0}},{"type":"Feature","geometry":{"type":"Point","coordinates":[141.2874,-9.1159]},"properties":{"d":"2026-09-15","t":"0457","frp":8.2,"b":327.3,"c":1,"s":"SNPP","n":0}},{"type":"Feature","geometry":{"type":"Point","coordinates":[141.2872,-9.1155]},"properties":{"d":"2026-09-15","t":"0457","frp":7.6,"b":327.5,"c":1,"s":"SNPP","n":0}},{"type":"Feature","geometry":{"type":"Point","coordinates":[141.2914,-9.1151]},"properties":{"d":"2026-09-15","t":"0457","frp":8.2,"b":337.1,"c":1,"s":"SNPP","n":0}},{"type":"Feature","geometry":{"type":"Point","coordinates":[141.2912,-9.1148]},"properties":{"d":"2026-09-15","t":"0457","frp":7.6,"b":337.2,"c":1,"s":"SNPP","n":0}},{"type":"Feature","geometry":{"type":"Point","coordinates":[141.2742,-9.1125]},"properties":{"d":"2026-09-15","t":"0457","frp":12.0,"b":354.5,"c":1,"s":"SNPP","n":0}},{"type":"Feature","geometry":{"type":"Point","coordinates":[141.2739,-9.112]},"properties":{"d":"2026-09-15","t":"0457","frp":12.0,"b":351.9,"c":1,"s":"SNPP","n":0}},{"type":"Feature","geometry":{"type":"Point","coordinates":[141.2782,-9.1117]},"properties":{"d":"2026-09-15","t":"0457","frp":30.0,"b":367.0,"c":2,"s":"SNPP","n":0}},{"type":"Feature","geometry":{"type":"Point","coordinates":[141.278,-9.1112]},"properties":{"d":"2026-09-15","t":"0457","frp":29.7,"b":367.0,"c":2,"s":"SNPP","n":0}},{"type":"Feature","geometry":{"type":"Point","coordinates":[141.2823,-9.1109]},"properties":{"d":"2026-09-15","t":"0457","frp":30.0,"b":345.7,"c":1,"s":"SNPP","n":0}},{"type":"Feature","geometry":{"type":"Point","coordinates":[141.282,-9.1105]},"properties":{"d":"2026-09-15","t":"0457","frp":29.7,"b":345.2,"c":1,"s":"SNPP","n":0}},{"type":"Feature","geometry":{"type":"Point","coordinates":[141.2863,-9.1101]},"properties":{"d":"2026-09-15","t":"0457","frp":8.2,"b":352.7,"c":1,"s":"SNPP","n":0}},{"type":"Feature","geometry":{"type":"Point","coordinates":[141.2861,-9.1098]},"properties":{"d":"2026-09-15","t":"0457","frp":7.6,"b":353.3,"c":1,"s":"SNPP","n":0}},{"type":"Feature","geometry":{"type":"Point","coordinates":[141.2904,-9.1094]},"properties":{"d":"2026-09-15","t":"0457","frp":8.2,"b":356.9,"c":0,"s":"SNPP","n":0}},{"type":"Feature","geometry":{"type":"Point","coordinates":[141.2902,-9.109]},"properties":{"d":"2026-09-15","t":"0457","frp":7.6,"b":357.8,"c":0,"s":"SNPP","n":0}},{"type":"Feature","geometry":{"type":"Point","coordinates":[141.2772,-9.1059]},"properties":{"d":"2026-09-15","t":"0457","frp":9.0,"b":353.0,"c":1,"s":"SNPP","n":0}},{"type":"Feature","geometry":{"type":"Point","coordinates":[141.2769,-9.1055]},"properties":{"d":"2026-09-15","t":"0457","frp":8.2,"b":353.7,"c":1,"s":"SNPP","n":0}},{"type":"Feature","geometry":{"type":"Point","coordinates":[141.2812,-9.1051]},"properties":{"d":"2026-09-15","t":"0457","frp":9.0,"b":355.1,"c":1,"s":"SNPP","n":0}},{"type":"Feature","geometry":{"type":"Point","coordinates":[141.2519,-9.1048]},"properties":{"d":"2026-09-15","t":"0457","frp":3.6,"b":342.3,"c":1,"s":"SNPP","n":0}},{"type":"Feature","geometry":{"type":"Point","coordinates":[141.2809,-9.1047]},"properties":{"d":"2026-09-15","t":"0457","frp":8.2,"b":355.1,"c":1,"s":"SNPP","n":0}},{"type":"Feature","geometry":{"type":"Point","coordinates":[141.2852,-9.1044]},"properties":{"d":"2026-09-15","t":"0457","frp":8.9,"b":331.2,"c":1,"s":"SNPP","n":0}},{"type":"Feature","geometry":{"type":"Point","coordinates":[141.2516,-9.1042]},"properties":{"d":"2026-09-15","t":"0457","frp":4.0,"b":343.6,"c":1,"s":"SNPP","n":0}},{"type":"Feature","geometry":{"type":"Point","coordinates":[141.256,-9.104]},"properties":{"d":"2026-09-15","t":"0457","frp":3.6,"b":326.1,"c":1,"s":"SNPP","n":0}},{"type":"Feature","geometry":{"type":"Point","coordinates":[141.285,-9.104]},"properties":{"d":"2026-09-15","t":"0457","frp":6.0,"b":329.4,"c":1,"s":"SNPP","n":0}},{"type":"Feature","geometry":{"type":"Point","coordinates":[141.2557,-9.1034]},"properties":{"d":"2026-09-15","t":"0457","frp":4.0,"b":328.8,"c":1,"s":"SNPP","n":0}},{"type":"Feature","geometry":{"type":"Point","coordinates":[141.2721,-9.1009]},"properties":{"d":"2026-09-15","t":"0457","frp":12.5,"b":340.1,"c":1,"s":"SNPP","n":0}},{"type":"Feature","geometry":{"type":"Point","coordinates":[141.2718,-9.1005]},"properties":{"d":"2026-09-15","t":"0457","frp":10.3,"b":339.9,"c":1,"s":"SNPP","n":0}},{"type":"Feature","geometry":{"type":"Point","coordinates":[141.2761,-9.1001]},"properties":{"d":"2026-09-15","t":"0457","frp":9.0,"b":346.5,"c":1,"s":"SNPP","n":0}},{"type":"Feature","geometry":{"type":"Point","coordinates":[141.2758,-9.0997]},"properties":{"d":"2026-09-15","t":"0457","frp":8.2,"b":343.3,"c":1,"s":"SNPP","n":0}},{"type":"Feature","geometry":{"type":"Point","coordinates":[141.2465,-9.0992]},"properties":{"d":"2026-09-15","t":"0457","frp":4.9,"b":337.3,"c":1,"s":"SNPP","n":0}},{"type":"Feature","geometry":{"type":"Point","coordinates":[141.2506,-9.0984]},"properties":{"d":"2026-09-15","t":"0457","frp":3.5,"b":330.8,"c":1,"s":"SNPP","n":0}},{"type":"Feature","geometry":{"type":"Point","coordinates":[141.2586,-9.0969]},"properties":{"d":"2026-09-15","t":"0457","frp":8.0,"b":336.2,"c":1,"s":"SNPP","n":0}},{"type":"Feature","geometry":{"type":"Point","coordinates":[141.2495,-9.0927]},"properties":{"d":"2026-09-15","t":"0457","frp":3.5,"b":328.9,"c":1,"s":"SNPP","n":0}},{"type":"Feature","geometry":{"type":"Point","coordinates":[141.2535,-9.0919]},"properties":{"d":"2026-09-15","t":"0457","frp":3.5,"b":328.1,"c":1,"s":"SNPP","n":0}},{"type":"Feature","geometry":{"type":"Point","coordinates":[141.2363,-9.0891]},"properties":{"d":"2026-09-15","t":"0457","frp":13.1,"b":345.1,"c":1,"s":"SNPP","n":0}},{"type":"Feature","geometry":{"type":"Point","coordinates":[141.2404,-9.0884]},"properties":{"d":"2026-09-15","t":"0457","frp":15.1,"b":345.1,"c":1,"s":"SNPP","n":0}},{"type":"Feature","geometry":{"type":"Point","coordinates":[141.2484,-9.0869]},"properties":{"d":"2026-09-15","t":"0457","frp":7.7,"b":336.6,"c":1,"s":"SNPP","n":0}},{"type":"Feature","geometry":{"type":"Point","coordinates":[141.2525,-9.0862]},"properties":{"d":"2026-09-15","t":"0457","frp":7.7,"b":354.1,"c":1,"s":"SNPP","n":0}},{"type":"Feature","geometry":{"type":"Point","coordinates":[141.2312,-9.0841]},"properties":{"d":"2026-09-15","t":"0457","frp":13.1,"b":332.1,"c":1,"s":"SNPP","n":0}},{"type":"Feature","geometry":{"type":"Point","coordinates":[141.2353,-9.0834]},"properties":{"d":"2026-09-15","t":"0457","frp":13.1,"b":356.8,"c":0,"s":"SNPP","n":0}},{"type":"Feature","geometry":{"type":"Point","coordinates":[141.2393,-9.0826]},"properties":{"d":"2026-09-15","t":"0457","frp":15.1,"b":336.5,"c":1,"s":"SNPP","n":0}},{"type":"Feature","geometry":{"type":"Point","coordinates":[140.9354,-9.0084]},"properties":{"d":"2026-09-15","t":"0457","frp":9.4,"b":357.7,"c":1,"s":"SNPP","n":0}},{"type":"Feature","geometry":{"type":"Point","coordinates":[123.3421,-10.6363]},"properties":{"d":"2026-09-15","t":"0459","frp":10.1,"b":347.0,"c":1,"s":"SNPP","n":0}},{"type":"Feature","geometry":{"type":"Point","coordinates":[123.3426,-10.6336]},"properties":{"d":"2026-09-15","t":"0459","frp":13.9,"b":355.9,"c":1,"s":"SNPP","n":0}},{"type":"Feature","geometry":{"type":"Point","coordinates":[123.3414,-10.6314]},"properties":{"d":"2026-09-15","t":"0459","frp":8.5,"b":340.2,"c":1,"s":"SNPP","n":0}},{"type":"Feature","geometry":{"type":"Point","coordinates":[123.6748,-10.2957]},"properties":{"d":"2026-09-15","t":"0459","frp":5.0,"b":331.9,"c":1,"s":"SNPP","n":0}},{"type":"Feature","geometry":{"type":"Point","coordinates":[124.3143,-10.1613]},"properties":{"d":"2026-09-15","t":"0459","frp":2.4,"b":334.2,"c":1,"s":"SNPP","n":0}},{"type":"Feature","geometry":{"type":"Point","coordinates":[124.3079,-10.1483]},"properties":{"d":"2026-09-15","t":"0459","frp":9.2,"b":342.6,"c":1,"s":"SNPP","n":0}},{"type":"Feature","geometry":{"type":"Point","coordinates":[124.0792,-10.146]},"properties":{"d":"2026-09-15","t":"0459","frp":4.0,"b":336.8,"c":1,"s":"SNPP","n":0}},{"type":"Feature","geometry":{"type":"Point","coordinates":[123.9576,-10.1116]},"properties":{"d":"2026-09-15","t":"0459","frp":9.5,"b":340.7,"c":1,"s":"SNPP","n":0}},{"type":"Feature","geometry":{"type":"Point","coordinates":[124.1474,-10.0859]},"properties":{"d":"2026-09-15","t":"0459","frp":5.5,"b":342.9,"c":1,"s":"SNPP","n":0}},{"type":"Feature","geometry":{"type":"Point","coordinates":[124.0812,-10.0337]},"properties":{"d":"2026-09-15","t":"0459","frp":2.3,"b":336.0,"c":1,"s":"SNPP","n":0}},{"type":"Feature","geometry":{"type":"Point","coordinates":[120.6674,-9.9285]},"properties":{"d":"2026-09-15","t":"0459","frp":4.1,"b":334.4,"c":1,"s":"SNPP","n":0}},{"type":"Feature","geometry":{"type":"Point","coordinates":[120.668,-9.9283]},"properties":{"d":"2026-09-15","t":"0459","frp":3.6,"b":337.1,"c":1,"s":"SNPP","n":0}},{"type":"Feature","geometry":{"type":"Point","coordinates":[119.8829,-9.9048]},"properties":{"d":"2026-09-15","t":"0459","frp":5.2,"b":337.5,"c":1,"s":"SNPP","n":0}},{"type":"Feature","geometry":{"type":"Point","coordinates":[124.1522,-9.8758]},"properties":{"d":"2026-09-15","t":"0459","frp":6.4,"b":335.6,"c":1,"s":"SNPP","n":0}},{"type":"Feature","geometry":{"type":"Point","coordinates":[119.9187,-9.8696]},"properties":{"d":"2026-09-15","t":"0459","frp":5.3,"b":332.4,"c":1,"s":"SNPP","n":0}},{"type":"Feature","geometry":{"type":"Point","coordinates":[119.943,-9.8234]},"properties":{"d":"2026-09-15","t":"0459","frp":6.3,"b":336.6,"c":1,"s":"SNPP","n":0}},{"type":"Feature","geometry":{"type":"Point","coordinates":[119.9395,-9.8227]},"properties":{"d":"2026-09-15","t":"0459","frp":4.2,"b":342.4,"c":1,"s":"SNPP","n":0}},{"type":"Feature","geometry":{"type":"Point","coordinates":[123.827,-9.8086]},"properties":{"d":"2026-09-15","t":"0459","frp":5.3,"b":341.9,"c":1,"s":"SNPP","n":0}},{"type":"Feature","geometry":{"type":"Point","coordinates":[120.0442,-9.8031]},"properties":{"d":"2026-09-15","t":"0459","frp":3.3,"b":330.5,"c":0,"s":"SNPP","n":0}},{"type":"Feature","geometry":{"type":"Point","coordinates":[123.7944,-9.77]},"properties":{"d":"2026-09-15","t":"0459","frp":3.7,"b":332.0,"c":1,"s":"SNPP","n":0}},{"type":"Feature","geometry":{"type":"Point","coordinates":[120.549,-9.7081]},"properties":{"d":"2026-09-15","t":"0459","frp":3.8,"b":330.7,"c":0,"s":"SNPP","n":0}},{"type":"Feature","geometry":{"type":"Point","coordinates":[119.1663,-9.6936]},"properties":{"d":"2026-09-15","t":"0459","frp":20.4,"b":340.7,"c":1,"s":"SNPP","n":0}},{"type":"Feature","geometry":{"type":"Point","coordinates":[119.1722,-9.6929]},"properties":{"d":"2026-09-15","t":"0459","frp":20.4,"b":367.0,"c":2,"s":"SNPP","n":0}},{"type":"Feature","geometry":{"type":"Point","coordinates":[119.1659,-9.6913]},"properties":{"d":"2026-09-15","t":"0459","frp":22.5,"b":342.4,"c":1,"s":"SNPP","n":0}},{"type":"Feature","geometry":{"type":"Point","coordinates":[119.1719,-9.6906]},"properties":{"d":"2026-09-15","t":"0459","frp":41.3,"b":367.0,"c":2,"s":"SNPP","n":0}},{"type":"Feature","geometry":{"type":"Point","coordinates":[119.1831,-9.6891]},"properties":{"d":"2026-09-15","t":"0459","frp":7.3,"b":344.0,"c":1,"s":"SNPP","n":0}},{"type":"Feature","geometry":{"type":"Point","coordinates":[119.1828,-9.6852]},"properties":{"d":"2026-09-15","t":"0459","frp":5.3,"b":338.2,"c":1,"s":"SNPP","n":0}},{"type":"Feature","geometry":{"type":"Point","coordinates":[119.9481,-9.6799]},"properties":{"d":"2026-09-15","t":"0459","frp":3.6,"b":332.0,"c":1,"s":"SNPP","n":0}},{"type":"Feature","geometry":{"type":"Point","coordinates":[119.9489,-9.6793]},"properties":{"d":"2026-09-15","t":"0459","frp":4.9,"b":338.7,"c":1,"s":"SNPP","n":0}},{"type":"Feature","geometry":{"type":"Point","coordinates":[119.8178,-9.6586]},"properties":{"d":"2026-09-15","t":"0459","frp":5.4,"b":349.9,"c":1,"s":"SNPP","n":0}},{"type":"Feature","geometry":{"type":"Point","coordinates":[123.759,-9.6373]},"properties":{"d":"2026-09-15","t":"0459","frp":9.1,"b":343.9,"c":1,"s":"SNPP","n":0}},{"type":"Feature","geometry":{"type":"Point","coordinates":[123.7555,-9.6345]},"properties":{"d":"2026-09-15","t":"0459","frp":6.2,"b":338.9,"c":1,"s":"SNPP","n":0}},{"type":"Feature","geometry":{"type":"Point","coordinates":[123.7604,-9.6338]},"properties":{"d":"2026-09-15","t":"0459","frp":6.2,"b":340.2,"c":1,"s":"SNPP","n":0}},{"type":"Feature","geometry":{"type":"Point","coordinates":[119.8815,-9.6322]},"properties":{"d":"2026-09-15","t":"0459","frp":2.0,"b":330.6,"c":1,"s":"SNPP","n":0}},{"type":"Feature","geometry":{"type":"Point","coordinates":[119.9877,-9.6314]},"properties":{"d":"2026-09-15","t":"0459","frp":3.7,"b":337.2,"c":1,"s":"SNPP","n":0}},{"type":"Feature","geometry":{"type":"Point","coordinates":[124.1215,-9.5866]},"properties":{"d":"2026-09-15","t":"0459","frp":3.4,"b":330.3,"c":0,"s":"SNPP","n":0}},{"type":"Feature","geometry":{"type":"Point","coordinates":[124.1071,-9.5792]},"properties":{"d":"2026-09-15","t":"0459","frp":3.0,"b":331.1,"c":0,"s":"SNPP","n":0}},{"type":"Feature","geometry":{"type":"Point","coordinates":[124.5393,-9.5285]},"properties":{"d":"2026-09-15","t":"0459","frp":3.0,"b":335.0,"c":1,"s":"SNPP","n":0}},{"type":"Feature","geometry":{"type":"Point","coordinates":[124.5945,-9.5285]},"properties":{"d":"2026-09-15","t":"0459","frp":3.9,"b":338.8,"c":1,"s":"SNPP","n":0}},{"type":"Feature","geometry":{"type":"Point","coordinates":[124.5414,-9.5266]},"properties":{"d":"2026-09-15","t":"0459","frp":3.4,"b":332.7,"c":1,"s":"SNPP","n":0}},{"type":"Feature","geometry":{"type":"Point","coordinates":[119.8928,-9.4935]},"properties":{"d":"2026-09-15","t":"0459","frp":3.1,"b":331.1,"c":1,"s":"SNPP","n":0}},{"type":"Feature","geometry":{"type":"Point","coordinates":[119.8918,-9.488]},"properties":{"d":"2026-09-15","t":"0459","frp":12.8,"b":367.0,"c":2,"s":"SNPP","n":0}},{"type":"Feature","geometry":{"type":"Point","coordinates":[124.0993,-9.4875]},"properties":{"d":"2026-09-15","t":"0459","frp":3.7,"b":334.3,"c":1,"s":"SNPP","n":0}},{"type":"Feature","geometry":{"type":"Point","coordinates":[119.8923,-9.4874]},"properties":{"d":"2026-09-15","t":"0459","frp":13.9,"b":367.0,"c":2,"s":"SNPP","n":0}},{"type":"Feature","geometry":{"type":"Point","coordinates":[124.0253,-9.4695]},"properties":{"d":"2026-09-15","t":"0459","frp":3.5,"b":332.5,"c":1,"s":"SNPP","n":0}},{"type":"Feature","geometry":{"type":"Point","coordinates":[124.0981,-9.4688]},"properties":{"d":"2026-09-15","t":"0459","frp":5.8,"b":330.4,"c":1,"s":"SNPP","n":0}},{"type":"Feature","geometry":{"type":"Point","coordinates":[124.1008,-9.4687]},"properties":{"d":"2026-09-15","t":"0459","frp":12.8,"b":349.0,"c":1,"s":"SNPP","n":0}},{"type":"Feature","geometry":{"type":"Point","coordinates":[124.1024,-9.4682]},"properties":{"d":"2026-09-15","t":"0459","frp":8.9,"b":341.8,"c":1,"s":"SNPP","n":0}},{"type":"Feature","geometry":{"type":"Point","coordinates":[124.0966,-9.4643]},"properties":{"d":"2026-09-15","t":"0459","frp":5.8,"b":343.9,"c":1,"s":"SNPP","n":0}},{"type":"Feature","geometry":{"type":"Point","coordinates":[124.1009,-9.4637]},"properties":{"d":"2026-09-15","t":"0459","frp":8.9,"b":341.3,"c":1,"s":"SNPP","n":0}},{"type":"Feature","geometry":{"type":"Point","coordinates":[124.0951,-9.4599]},"properties":{"d":"2026-09-15","t":"0459","frp":3.2,"b":331.0,"c":0,"s":"SNPP","n":0}},{"type":"Feature","geometry":{"type":"Point","coordinates":[119.2802,-9.4501]},"properties":{"d":"2026-09-15","t":"0459","frp":4.0,"b":330.8,"c":1,"s":"SNPP","n":0}},{"type":"Feature","geometry":{"type":"Point","coordinates":[119.5621,-9.4487]},"properties":{"d":"2026-09-15","t":"0459","frp":5.6,"b":331.1,"c":1,"s":"SNPP","n":0}},{"type":"Feature","geometry":{"type":"Point","coordinates":[124.1454,-9.4483]},"properties":{"d":"2026-09-15","t":"0459","frp":7.9,"b":347.3,"c":1,"s":"SNPP","n":0}},{"type":"Feature","geometry":{"type":"Point","coordinates":[124.6891,-9.4314]},"properties":{"d":"2026-09-15","t":"0459","frp":3.4,"b":335.1,"c":1,"s":"SNPP","n":0}},{"type":"Feature","geometry":{"type":"Point","coordinates":[124.1447,-9.4159]},"properties":{"d":"2026-09-15","t":"0459","frp":4.4,"b":331.7,"c":0,"s":"SNPP","n":0}},{"type":"Feature","geometry":{"type":"Point","coordinates":[124.1491,-9.4153]},"properties":{"d":"2026-09-15","t":"0459","frp":11.0,"b":341.3,"c":1,"s":"SNPP","n":0}},{"type":"Feature","geometry":{"type":"Point","coordinates":[124.1448,-9.4113]},"properties":{"d":"2026-09-15","t":"0459","frp":4.4,"b":341.9,"c":1,"s":"SNPP","n":0}},{"type":"Feature","geometry":{"type":"Point","coordinates":[124.4195,-9.3786]},"properties":{"d":"2026-09-15","t":"0459","frp":3.2,"b":334.1,"c":1,"s":"SNPP","n":0}},{"type":"Feature","geometry":{"type":"Point","coordinates":[124.2738,-9.3571]},"properties":{"d":"2026-09-15","t":"0459","frp":2.3,"b":332.9,"c":1,"s":"SNPP","n":0}},{"type":"Feature","geometry":{"type":"Point","coordinates":[124.2703,-9.3565]},"properties":{"d":"2026-09-15","t":"0459","frp":2.6,"b":331.2,"c":1,"s":"SNPP","n":0}},{"type":"Feature","geometry":{"type":"Point","coordinates":[124.2227,-9.3547]},"properties":{"d":"2026-09-15","t":"0459","frp":50.1,"b":345.0,"c":1,"s":"SNPP","n":0}},{"type":"Feature","geometry":{"type":"Point","coordinates":[124.2192,-9.3544]},"properties":{"d":"2026-09-15","t":"0459","frp":27.5,"b":333.9,"c":1,"s":"SNPP","n":0}},{"type":"Feature","geometry":{"type":"Point","coordinates":[124.2242,-9.3537]},"properties":{"d":"2026-09-15","t":"0459","frp":27.5,"b":355.8,"c":1,"s":"SNPP","n":0}},{"type":"Feature","geometry":{"type":"Point","coordinates":[124.2228,-9.35]},"properties":{"d":"2026-09-15","t":"0459","frp":14.2,"b":367.0,"c":2,"s":"SNPP","n":0}},{"type":"Feature","geometry":{"type":"Point","coordinates":[124.2244,-9.3491]},"properties":{"d":"2026-09-15","t":"0459","frp":27.5,"b":336.6,"c":1,"s":"SNPP","n":0}},{"type":"Feature","geometry":{"type":"Point","coordinates":[124.4228,-9.3464]},"properties":{"d":"2026-09-15","t":"0459","frp":6.7,"b":331.9,"c":0,"s":"SNPP","n":0}},{"type":"Feature","geometry":{"type":"Point","coordinates":[124.2286,-9.3347]},"properties":{"d":"2026-09-15","t":"0459","frp":7.3,"b":341.6,"c":1,"s":"SNPP","n":0}},{"type":"Feature","geometry":{"type":"Point","coordinates":[124.9635,-9.3129]},"properties":{"d":"2026-09-15","t":"0459","frp":6.5,"b":346.5,"c":1,"s":"SNPP","n":0}},{"type":"Feature","geometry":{"type":"Point","coordinates":[124.9159,-9.3019]},"properties":{"d":"2026-09-15","t":"0459","frp":4.7,"b":332.0,"c":0,"s":"SNPP","n":0}},{"type":"Feature","geometry":{"type":"Point","coordinates":[124.9153,-9.2976]},"properties":{"d":"2026-09-15","t":"0459","frp":4.7,"b":341.4,"c":1,"s":"SNPP","n":0}},{"type":"Feature","geometry":{"type":"Point","coordinates":[125.1691,-9.2888]},"properties":{"d":"2026-09-15","t":"0459","frp":8.7,"b":355.1,"c":1,"s":"SNPP","n":0}},{"type":"Feature","geometry":{"type":"Point","coordinates":[125.1616,-9.2855]},"properties":{"d":"2026-09-15","t":"0459","frp":10.8,"b":348.8,"c":1,"s":"SNPP","n":0}},{"type":"Feature","geometry":{"type":"Point","coordinates":[125.1651,-9.285]},"properties":{"d":"2026-09-15","t":"0459","frp":18.9,"b":356.5,"c":1,"s":"SNPP","n":0}},{"type":"Feature","geometry":{"type":"Point","coordinates":[125.1686,-9.2845]},"properties":{"d":"2026-09-15","t":"0459","frp":18.9,"b":367.0,"c":2,"s":"SNPP","n":0}},{"type":"Feature","geometry":{"type":"Point","coordinates":[124.8022,-9.2776]},"properties":{"d":"2026-09-15","t":"0459","frp":12.8,"b":367.0,"c":2,"s":"SNPP","n":0}},{"type":"Feature","geometry":{"type":"Point","coordinates":[124.7987,-9.2775]},"properties":{"d":"2026-09-15","t":"0459","frp":5.7,"b":335.7,"c":1,"s":"SNPP","n":0}},{"type":"Feature","geometry":{"type":"Point","coordinates":[124.8028,-9.2769]},"properties":{"d":"2026-09-15","t":"0459","frp":14.2,"b":357.1,"c":1,"s":"SNPP","n":0}},{"type":"Feature","geometry":{"type":"Point","coordinates":[124.8061,-9.2727]},"properties":{"d":"2026-09-15","t":"0459","frp":3.4,"b":330.7,"c":1,"s":"SNPP","n":0}},{"type":"Feature","geometry":{"type":"Point","coordinates":[124.8718,-9.2583]},"properties":{"d":"2026-09-15","t":"0459","frp":3.0,"b":334.9,"c":1,"s":"SNPP","n":0}},{"type":"Feature","geometry":{"type":"Point","coordinates":[124.9097,-9.2545]},"properties":{"d":"2026-09-15","t":"0459","frp":4.5,"b":341.3,"c":1,"s":"SNPP","n":0}},{"type":"Feature","geometry":{"type":"Point","coordinates":[124.7416,-9.2411]},"properties":{"d":"2026-09-15","t":"0459","frp":3.2,"b":334.7,"c":1,"s":"SNPP","n":0}},{"type":"Feature","geometry":{"type":"Point","coordinates":[124.8521,-9.2038]},"properties":{"d":"2026-09-15","t":"0459","frp":5.3,"b":332.6,"c":1,"s":"SNPP","n":0}},{"type":"Feature","geometry":{"type":"Point","coordinates":[124.8518,-9.1994]},"properties":{"d":"2026-09-15","t":"0459","frp":5.3,"b":349.0,"c":1,"s":"SNPP","n":0}},{"type":"Feature","geometry":{"type":"Point","coordinates":[125.1038,-9.1265]},"properties":{"d":"2026-09-15","t":"0459","frp":3.0,"b":330.6,"c":1,"s":"SNPP","n":0}},{"type":"Feature","geometry":{"type":"Point","coordinates":[125.8793,-9.1069]},"properties":{"d":"2026-09-15","t":"0459","frp":1.6,"b":338.3,"c":1,"s":"SNPP","n":0}},{"type":"Feature","geometry":{"type":"Point","coordinates":[125.4656,-9.077]},"properties":{"d":"2026-09-15","t":"0459","frp":4.9,"b":336.8,"c":1,"s":"SNPP","n":0}},{"type":"Feature","geometry":{"type":"Point","coordinates":[125.4652,-9.0749]},"properties":{"d":"2026-09-15","t":"0459","frp":5.3,"b":335.4,"c":1,"s":"SNPP","n":0}},{"type":"Feature","geometry":{"type":"Point","coordinates":[125.3354,-9.0467]},"properties":{"d":"2026-09-15","t":"0459","frp":3.9,"b":340.2,"c":1,"s":"SNPP","n":0}},{"type":"Feature","geometry":{"type":"Point","coordinates":[125.5216,-9.0332]},"properties":{"d":"2026-09-15","t":"0459","frp":5.9,"b":342.9,"c":1,"s":"SNPP","n":0}},{"type":"Feature","geometry":{"type":"Point","coordinates":[125.8179,-9.0248]},"properties":{"d":"2026-09-15","t":"0459","frp":3.9,"b":334.3,"c":1,"s":"SNPP","n":0}},{"type":"Feature","geometry":{"type":"Point","coordinates":[125.8174,-9.0244]},"properties":{"d":"2026-09-15","t":"0459","frp":4.0,"b":331.6,"c":0,"s":"SNPP","n":0}},{"type":"Feature","geometry":{"type":"Point","coordinates":[125.8349,-9.0178]},"properties":{"d":"2026-09-15","t":"0459","frp":2.0,"b":333.8,"c":1,"s":"SNPP","n":0}},{"type":"Feature","geometry":{"type":"Point","coordinates":[125.8488,-9.0158]},"properties":{"d":"2026-09-15","t":"0459","frp":2.8,"b":333.0,"c":1,"s":"SNPP","n":0}},{"type":"Feature","geometry":{"type":"Point","coordinates":[125.5495,-9.0083]},"properties":{"d":"2026-09-15","t":"0459","frp":5.4,"b":333.5,"c":1,"s":"SNPP","n":0}},{"type":"Feature","geometry":{"type":"Point","coordinates":[125.8793,-9.0032]},"properties":{"d":"2026-09-15","t":"0459","frp":3.5,"b":335.7,"c":1,"s":"SNPP","n":0}},{"type":"Feature","geometry":{"type":"Point","coordinates":[118.161,-34.7329]},"properties":{"d":"2026-09-15","t":"0633","frp":2.9,"b":328.8,"c":1,"s":"SNPP","n":0}},{"type":"Feature","geometry":{"type":"Point","coordinates":[118.1652,-34.732]},"properties":{"d":"2026-09-15","t":"0633","frp":2.9,"b":328.9,"c":1,"s":"SNPP","n":0}},{"type":"Feature","geometry":{"type":"Point","coordinates":[118.1514,-34.7307]},"properties":{"d":"2026-09-15","t":"0633","frp":23.5,"b":345.2,"c":1,"s":"SNPP","n":0}},{"type":"Feature","geometry":{"type":"Point","coordinates":[118.1556,-34.7298]},"properties":{"d":"2026-09-15","t":"0633","frp":23.5,"b":336.4,"c":1,"s":"SNPP","n":0}},{"type":"Feature","geometry":{"type":"Point","coordinates":[118.1598,-34.7289]},"properties":{"d":"2026-09-15","t":"0633","frp":26.0,"b":354.6,"c":1,"s":"SNPP","n":0}},{"type":"Feature","geometry":{"type":"Point","coordinates":[118.1641,-34.728]},"properties":{"d":"2026-09-15","t":"0633","frp":26.0,"b":332.9,"c":1,"s":"SNPP","n":0}},{"type":"Feature","geometry":{"type":"Point","coordinates":[118.146,-34.7276]},"properties":{"d":"2026-09-15","t":"0633","frp":5.6,"b":326.5,"c":1,"s":"SNPP","n":0}},{"type":"Feature","geometry":{"type":"Point","coordinates":[118.1502,-34.7267]},"properties":{"d":"2026-09-15","t":"0633","frp":23.5,"b":349.2,"c":1,"s":"SNPP","n":0}},{"type":"Feature","geometry":{"type":"Point","coordinates":[118.1544,-34.7258]},"properties":{"d":"2026-09-15","t":"0633","frp":23.5,"b":347.1,"c":1,"s":"SNPP","n":0}},{"type":"Feature","geometry":{"type":"Point","coordinates":[117.8137,-32.1305]},"properties":{"d":"2026-09-15","t":"0633","frp":3.2,"b":325.1,"c":1,"s":"SNPP","n":0}},{"type":"Feature","geometry":{"type":"Point","coordinates":[116.8721,-31.6191]},"properties":{"d":"2026-09-15","t":"0633","frp":2.9,"b":327.3,"c":1,"s":"SNPP","n":0}},{"type":"Feature","geometry":{"type":"Point","coordinates":[115.5922,-31.4297]},"properties":{"d":"2026-09-15","t":"0633","frp":5.4,"b":339.8,"c":1,"s":"SNPP","n":0}},{"type":"Feature","geometry":{"type":"Point","coordinates":[115.6065,-31.3995]},"properties":{"d":"2026-09-15","t":"0633","frp":5.8,"b":336.6,"c":1,"s":"SNPP","n":0}},{"type":"Feature","geometry":{"type":"Point","coordinates":[115.733,-30.7359]},"properties":{"d":"2026-09-15","t":"0633","frp":2.8,"b":334.1,"c":1,"s":"SNPP","n":0}},{"type":"Feature","geometry":{"type":"Point","coordinates":[115.7884,-30.7292]},"properties":{"d":"2026-09-15","t":"0633","frp":3.6,"b":331.6,"c":1,"s":"SNPP","n":0}},{"type":"Feature","geometry":{"type":"Point","coordinates":[115.7939,-30.7281]},"properties":{"d":"2026-09-15","t":"0633","frp":7.8,"b":351.1,"c":1,"s":"SNPP","n":0}},{"type":"Feature","geometry":{"type":"Point","coordinates":[115.7929,-30.7243]},"properties":{"d":"2026-09-15","t":"0633","frp":7.8,"b":329.3,"c":1,"s":"SNPP","n":0}},{"type":"Feature","geometry":{"type":"Point","coordinates":[124.2314,-22.2411]},"properties":{"d":"2026-09-15","t":"0635","frp":7.0,"b":339.3,"c":1,"s":"SNPP","n":0}},{"type":"Feature","geometry":{"type":"Point","coordinates":[124.2393,-22.2391]},"properties":{"d":"2026-09-15","t":"0635","frp":7.0,"b":336.6,"c":1,"s":"SNPP","n":0}},{"type":"Feature","geometry":{"type":"Point","coordinates":[113.2442,-19.9247]},"properties":{"d":"2026-09-15","t":"0637","frp":22.8,"b":339.0,"c":1,"s":"SNPP","n":0}},{"type":"Feature","geometry":{"type":"Point","coordinates":[119.9555,-9.8245]},"properties":{"d":"2026-09-15","t":"0640","frp":13.3,"b":339.0,"c":1,"s":"SNPP","n":0}},{"type":"Feature","geometry":{"type":"Point","coordinates":[119.9561,-9.8238]},"properties":{"d":"2026-09-15","t":"0640","frp":15.8,"b":339.4,"c":1,"s":"SNPP","n":0}},{"type":"Feature","geometry":{"type":"Point","coordinates":[120.0676,-9.809]},"properties":{"d":"2026-09-15","t":"0640","frp":6.5,"b":342.7,"c":1,"s":"SNPP","n":0}},{"type":"Feature","geometry":{"type":"Point","coordinates":[119.5852,-9.4566]},"properties":{"d":"2026-09-15","t":"0640","frp":7.9,"b":341.5,"c":1,"s":"SNPP","n":0}},{"type":"Feature","geometry":{"type":"Point","coordinates":[119.5916,-9.4509]},"properties":{"d":"2026-09-15","t":"0640","frp":7.6,"b":340.7,"c":1,"s":"SNPP","n":0}},{"type":"Feature","geometry":{"type":"Point","coordinates":[120.0802,-9.6443]},"properties":{"d":"2026-09-15","t":"0037","frp":13.5,"b":321.1,"c":1,"s":"MODIS","n":0}},{"type":"Feature","geometry":{"type":"Point","coordinates":[113.2466,-19.9303]},"properties":{"d":"2026-09-15","t":"0039","frp":14.0,"b":312.0,"c":1,"s":"MODIS","n":0}},{"type":"Feature","geometry":{"type":"Point","coordinates":[113.2405,-19.927]},"properties":{"d":"2026-09-15","t":"0039","frp":24.4,"b":319.7,"c":1,"s":"MODIS","n":0}},{"type":"Feature","geometry":{"type":"Point","coordinates":[119.5497,-31.3781]},"properties":{"d":"2026-09-15","t":"0041","frp":6.2,"b":300.5,"c":0,"s":"MODIS","n":0}},{"type":"Feature","geometry":{"type":"Point","coordinates":[115.7534,-30.7394]},"properties":{"d":"2026-09-15","t":"0041","frp":42.3,"b":337.6,"c":2,"s":"MODIS","n":0}},{"type":"Feature","geometry":{"type":"Point","coordinates":[119.6325,-29.6675]},"properties":{"d":"2026-09-15","t":"0041","frp":3.6,"b":300.7,"c":0,"s":"MODIS","n":0}},{"type":"Feature","geometry":{"type":"Point","coordinates":[149.125,-35.4051]},"properties":{"d":"2026-09-15","t":"0529","frp":27.6,"b":304.0,"c":1,"s":"MODIS","n":0}},{"type":"Feature","geometry":{"type":"Point","coordinates":[146.4296,-32.811]},"properties":{"d":"2026-09-15","t":"0529","frp":57.4,"b":307.9,"c":1,"s":"MODIS","n":0}},{"type":"Feature","geometry":{"type":"Point","coordinates":[149.4009,-31.6129]},"properties":{"d":"2026-09-15","t":"0531","frp":19.3,"b":306.6,"c":1,"s":"MODIS","n":0}},{"type":"Feature","geometry":{"type":"Point","coordinates":[149.4275,-31.6107]},"properties":{"d":"2026-09-15","t":"0531","frp":19.3,"b":306.6,"c":1,"s":"MODIS","n":0}},{"type":"Feature","geometry":{"type":"Point","coordinates":[151.9988,-30.2862]},"properties":{"d":"2026-09-15","t":"0531","frp":7.7,"b":304.1,"c":1,"s":"MODIS","n":0}},{"type":"Feature","geometry":{"type":"Point","coordinates":[152.0758,-30.0379]},"properties":{"d":"2026-09-15","t":"0531","frp":14.5,"b":309.4,"c":1,"s":"MODIS","n":0}},{"type":"Feature","geometry":{"type":"Point","coordinates":[148.5584,-29.3614]},"properties":{"d":"2026-09-15","t":"0531","frp":49.1,"b":320.1,"c":1,"s":"MODIS","n":0}},{"type":"Feature","geometry":{"type":"Point","coordinates":[152.7961,-29.1418]},"properties":{"d":"2026-09-15","t":"0531","frp":7.0,"b":308.2,"c":1,"s":"MODIS","n":0}},{"type":"Feature","geometry":{"type":"Point","coordinates":[152.7946,-29.1315]},"properties":{"d":"2026-09-15","t":"0531","frp":9.2,"b":309.8,"c":1,"s":"MODIS","n":0}},{"type":"Feature","geometry":{"type":"Point","coordinates":[152.8089,-29.1298]},"properties":{"d":"2026-09-15","t":"0531","frp":11.7,"b":312.1,"c":1,"s":"MODIS","n":0}},{"type":"Feature","geometry":{"type":"Point","coordinates":[151.8146,-28.9375]},"properties":{"d":"2026-09-15","t":"0531","frp":33.5,"b":322.2,"c":1,"s":"MODIS","n":0}},{"type":"Feature","geometry":{"type":"Point","coordinates":[151.8124,-28.9266]},"properties":{"d":"2026-09-15","t":"0531","frp":22.8,"b":316.8,"c":1,"s":"MODIS","n":0}},{"type":"Feature","geometry":{"type":"Point","coordinates":[149.1772,-28.323]},"properties":{"d":"2026-09-15","t":"0531","frp":75.7,"b":330.4,"c":2,"s":"MODIS","n":0}},{"type":"Feature","geometry":{"type":"Point","coordinates":[149.2012,-28.3207]},"properties":{"d":"2026-09-15","t":"0531","frp":39.3,"b":321.8,"c":1,"s":"MODIS","n":0}},{"type":"Feature","geometry":{"type":"Point","coordinates":[153.065,-27.8571]},"properties":{"d":"2026-09-15","t":"0531","frp":22.5,"b":322.0,"c":1,"s":"MODIS","n":0}},{"type":"Feature","geometry":{"type":"Point","coordinates":[153.0779,-27.8556]},"properties":{"d":"2026-09-15","t":"0531","frp":20.7,"b":320.5,"c":1,"s":"MODIS","n":0}},{"type":"Feature","geometry":{"type":"Point","coordinates":[152.801,-27.685]},"properties":{"d":"2026-09-15","t":"0531","frp":8.4,"b":312.4,"c":1,"s":"MODIS","n":0}},{"type":"Feature","geometry":{"type":"Point","coordinates":[152.8078,-27.6844]},"properties":{"d":"2026-09-15","t":"0531","frp":6.7,"b":310.9,"c":1,"s":"MODIS","n":0}},{"type":"Feature","geometry":{"type":"Point","coordinates":[152.2849,-27.4423]},"properties":{"d":"2026-09-15","t":"0531","frp":8.9,"b":308.9,"c":1,"s":"MODIS","n":0}},{"type":"Feature","geometry":{"type":"Point","coordinates":[152.4208,-27.3653]},"properties":{"d":"2026-09-15","t":"0531","frp":15.0,"b":316.3,"c":1,"s":"MODIS","n":0}},{"type":"Feature","geometry":{"type":"Point","coordinates":[152.4345,-27.3636]},"properties":{"d":"2026-09-15","t":"0531","frp":22.8,"b":321.5,"c":1,"s":"MODIS","n":0}},{"type":"Feature","geometry":{"type":"Point","coordinates":[152.4271,-27.3624]},"properties":{"d":"2026-09-15","t":"0531","frp":29.5,"b":326.4,"c":2,"s":"MODIS","n":0}},{"type":"Feature","geometry":{"type":"Point","coordinates":[152.545,-26.6366]},"properties":{"d":"2026-09-15","t":"0531","frp":22.9,"b":321.4,"c":1,"s":"MODIS","n":0}},{"type":"Feature","geometry":{"type":"Point","coordinates":[152.5565,-26.6249]},"properties":{"d":"2026-09-15","t":"0531","frp":13.0,"b":314.3,"c":1,"s":"MODIS","n":0}},{"type":"Feature","geometry":{"type":"Point","coordinates":[152.5711,-26.5926]},"properties":{"d":"2026-09-15","t":"0531","frp":8.4,"b":308.6,"c":1,"s":"MODIS","n":0}},{"type":"Feature","geometry":{"type":"Point","coordinates":[150.4378,-26.3856]},"properties":{"d":"2026-09-15","t":"0531","frp":12.8,"b":311.3,"c":1,"s":"MODIS","n":0}},{"type":"Feature","geometry":{"type":"Point","coordinates":[150.6471,-26.3506]},"properties":{"d":"2026-09-15","t":"0531","frp":27.9,"b":319.4,"c":1,"s":"MODIS","n":0}},{"type":"Feature","geometry":{"type":"Point","coordinates":[150.1535,-25.8935]},"properties":{"d":"2026-09-15","t":"0531","frp":19.5,"b":316.7,"c":1,"s":"MODIS","n":0}},{"type":"Feature","geometry":{"type":"Point","coordinates":[146.7461,-25.8143]},"properties":{"d":"2026-09-15","t":"0531","frp":260.1,"b":346.1,"c":2,"s":"MODIS","n":0}},{"type":"Feature","geometry":{"type":"Point","coordinates":[146.7785,-25.8115]},"properties":{"d":"2026-09-15","t":"0531","frp":144.3,"b":334.1,"c":2,"s":"MODIS","n":0}},{"type":"Feature","geometry":{"type":"Point","coordinates":[146.7444,-25.7991]},"properties":{"d":"2026-09-15","t":"0531","frp":442.0,"b":359.8,"c":2,"s":"MODIS","n":0}},{"type":"Feature","geometry":{"type":"Point","coordinates":[146.7768,-25.7963]},"properties":{"d":"2026-09-15","t":"0531","frp":199.5,"b":340.3,"c":2,"s":"MODIS","n":0}},{"type":"Feature","geometry":{"type":"Point","coordinates":[149.134,-25.4973]},"properties":{"d":"2026-09-15","t":"0531","frp":17.2,"b":311.2,"c":1,"s":"MODIS","n":0}},{"type":"Feature","geometry":{"type":"Point","coordinates":[149.1534,-25.4824]},"properties":{"d":"2026-09-15","t":"0531","frp":22.8,"b":313.6,"c":1,"s":"MODIS","n":0}},{"type":"Feature","geometry":{"type":"Point","coordinates":[152.2464,-25.3592]},"properties":{"d":"2026-09-15","t":"0531","frp":6.6,"b":308.5,"c":1,"s":"MODIS","n":0}},{"type":"Feature","geometry":{"type":"Point","coordinates":[150.5686,-23.3545]},"properties":{"d":"2026-09-15","t":"0533","frp":19.3,"b":315.6,"c":1,"s":"MODIS","n":0}},{"type":"Feature","geometry":{"type":"Point","coordinates":[150.1822,-22.6344]},"properties":{"d":"2026-09-15","t":"0533","frp":20.3,"b":318.9,"c":1,"s":"MODIS","n":0}},{"type":"Feature","geometry":{"type":"Point","coordinates":[146.1469,-18.2849]},"properties":{"d":"2026-09-15","t":"0533","frp":59.7,"b":317.1,"c":0,"s":"MODIS","n":0}},{"type":"Feature","geometry":{"type":"Point","coordinates":[144.7886,-15.6771]},"properties":{"d":"2026-09-15","t":"0536","frp":43.5,"b":311.1,"c":0,"s":"MODIS","n":0}},{"type":"Feature","geometry":{"type":"Point","coordinates":[143.1361,-13.5759]},"properties":{"d":"2026-09-15","t":"0538","frp":65.0,"b":312.3,"c":1,"s":"MODIS","n":0}},{"type":"Feature","geometry":{"type":"Point","coordinates":[143.131,-13.5719]},"properties":{"d":"2026-09-15","t":"0538","frp":63.6,"b":312.0,"c":1,"s":"MODIS","n":0}},{"type":"Feature","geometry":{"type":"Point","coordinates":[147.7537,-9.8204]},"properties":{"d":"2026-09-15","t":"0538","frp":12.5,"b":313.3,"c":1,"s":"MODIS","n":0}},{"type":"Feature","geometry":{"type":"Point","coordinates":[147.7378,-9.8113]},"properties":{"d":"2026-09-15","t":"0538","frp":18.0,"b":316.1,"c":1,"s":"MODIS","n":0}},{"type":"Feature","geometry":{"type":"Point","coordinates":[148.5567,-9.8036]},"properties":{"d":"2026-09-15","t":"0538","frp":19.7,"b":316.0,"c":1,"s":"MODIS","n":0}},{"type":"Feature","geometry":{"type":"Point","coordinates":[148.5683,-9.802]},"properties":{"d":"2026-09-15","t":"0538","frp":21.8,"b":318.0,"c":1,"s":"MODIS","n":0}},{"type":"Feature","geometry":{"type":"Point","coordinates":[147.6074,-9.7015]},"properties":{"d":"2026-09-15","t":"0538","frp":23.9,"b":319.5,"c":1,"s":"MODIS","n":0}},{"type":"Feature","geometry":{"type":"Point","coordinates":[149.8966,-9.6573]},"properties":{"d":"2026-09-15","t":"0538","frp":5.2,"b":310.3,"c":1,"s":"MODIS","n":0}},{"type":"Feature","geometry":{"type":"Point","coordinates":[150.8502,-9.6229]},"properties":{"d":"2026-09-15","t":"0538","frp":10.1,"b":313.9,"c":1,"s":"MODIS","n":0}},{"type":"Feature","geometry":{"type":"Point","coordinates":[148.9367,-9.3326]},"properties":{"d":"2026-09-15","t":"0538","frp":10.6,"b":311.2,"c":1,"s":"MODIS","n":0}},{"type":"Feature","geometry":{"type":"Point","coordinates":[147.0825,-9.2783]},"properties":{"d":"2026-09-15","t":"0538","frp":38.8,"b":324.3,"c":1,"s":"MODIS","n":0}},{"type":"Feature","geometry":{"type":"Point","coordinates":[147.0159,-9.1842]},"properties":{"d":"2026-09-15","t":"0538","frp":33.7,"b":321.9,"c":1,"s":"MODIS","n":0}},{"type":"Feature","geometry":{"type":"Point","coordinates":[147.0319,-9.1821]},"properties":{"d":"2026-09-15","t":"0538","frp":27.3,"b":319.2,"c":1,"s":"MODIS","n":0}},{"type":"Feature","geometry":{"type":"Point","coordinates":[148.5831,-9.1158]},"properties":{"d":"2026-09-15","t":"0538","frp":12.5,"b":312.2,"c":1,"s":"MODIS","n":0}},{"type":"Feature","geometry":{"type":"Point","coordinates":[131.8908,-22.9397]},"properties":{"d":"2026-09-15","t":"0712","frp":7.7,"b":318.0,"c":1,"s":"MODIS","n":0}},{"type":"Feature","geometry":{"type":"Point","coordinates":[131.9006,-22.9382]},"properties":{"d":"2026-09-15","t":"0712","frp":75.4,"b":357.7,"c":2,"s":"MODIS","n":0}},{"type":"Feature","geometry":{"type":"Point","coordinates":[128.5567,-21.5046]},"properties":{"d":"2026-09-15","t":"0712","frp":10.9,"b":323.9,"c":1,"s":"MODIS","n":0}},{"type":"Feature","geometry":{"type":"Point","coordinates":[128.5553,-21.4955]},"properties":{"d":"2026-09-15","t":"0712","frp":7.0,"b":320.6,"c":1,"s":"MODIS","n":0}},{"type":"Feature","geometry":{"type":"Point","coordinates":[128.5095,-21.4465]},"properties":{"d":"2026-09-15","t":"0712","frp":7.7,"b":321.6,"c":1,"s":"MODIS","n":0}},{"type":"Feature","geometry":{"type":"Point","coordinates":[132.6493,-21.4229]},"properties":{"d":"2026-09-15","t":"0712","frp":8.7,"b":318.5,"c":1,"s":"MODIS","n":0}},{"type":"Feature","geometry":{"type":"Point","coordinates":[132.6598,-21.4212]},"properties":{"d":"2026-09-15","t":"0712","frp":11.5,"b":321.1,"c":1,"s":"MODIS","n":0}},{"type":"Feature","geometry":{"type":"Point","coordinates":[132.702,-21.4144]},"properties":{"d":"2026-09-15","t":"0712","frp":6.8,"b":317.1,"c":1,"s":"MODIS","n":0}},{"type":"Feature","geometry":{"type":"Point","coordinates":[132.6032,-21.3847]},"properties":{"d":"2026-09-15","t":"0712","frp":7.4,"b":317.9,"c":1,"s":"MODIS","n":0}},{"type":"Feature","geometry":{"type":"Point","coordinates":[132.6137,-21.383]},"properties":{"d":"2026-09-15","t":"0712","frp":14.9,"b":324.2,"c":1,"s":"MODIS","n":0}},{"type":"Feature","geometry":{"type":"Point","coordinates":[132.6242,-21.3813]},"properties":{"d":"2026-09-15","t":"0712","frp":17.2,"b":326.2,"c":1,"s":"MODIS","n":0}},{"type":"Feature","geometry":{"type":"Point","coordinates":[132.5043,-21.2895]},"properties":{"d":"2026-09-15","t":"0712","frp":9.6,"b":319.9,"c":1,"s":"MODIS","n":0}},{"type":"Feature","geometry":{"type":"Point","coordinates":[132.513,-21.2787]},"properties":{"d":"2026-09-15","t":"0712","frp":14.0,"b":323.5,"c":1,"s":"MODIS","n":0}},{"type":"Feature","geometry":{"type":"Point","coordinates":[129.6206,-20.3222]},"properties":{"d":"2026-09-15","t":"0712","frp":6.7,"b":318.4,"c":1,"s":"MODIS","n":0}},{"type":"Feature","geometry":{"type":"Point","coordinates":[129.63,-20.3209]},"properties":{"d":"2026-09-15","t":"0712","frp":6.9,"b":319.4,"c":1,"s":"MODIS","n":0}},{"type":"Feature","geometry":{"type":"Point","coordinates":[129.6098,-20.3148]},"properties":{"d":"2026-09-15","t":"0712","frp":187.7,"b":389.3,"c":2,"s":"MODIS","n":0}},{"type":"Feature","geometry":{"type":"Point","coordinates":[129.6191,-20.3134]},"properties":{"d":"2026-09-15","t":"0712","frp":173.5,"b":386.5,"c":2,"s":"MODIS","n":0}},{"type":"Feature","geometry":{"type":"Point","coordinates":[129.6285,-20.312]},"properties":{"d":"2026-09-15","t":"0712","frp":35.5,"b":341.4,"c":2,"s":"MODIS","n":0}},{"type":"Feature","geometry":{"type":"Point","coordinates":[129.6379,-20.3107]},"properties":{"d":"2026-09-15","t":"0712","frp":23.5,"b":333.6,"c":2,"s":"MODIS","n":0}},{"type":"Feature","geometry":{"type":"Point","coordinates":[129.6472,-20.3093]},"properties":{"d":"2026-09-15","t":"0712","frp":9.0,"b":321.6,"c":1,"s":"MODIS","n":0}},{"type":"Feature","geometry":{"type":"Point","coordinates":[129.7127,-20.2999]},"properties":{"d":"2026-09-15","t":"0712","frp":11.6,"b":325.1,"c":1,"s":"MODIS","n":0}},{"type":"Feature","geometry":{"type":"Point","coordinates":[129.6832,-20.2951]},"properties":{"d":"2026-09-15","t":"0712","frp":9.4,"b":322.2,"c":1,"s":"MODIS","n":0}},{"type":"Feature","geometry":{"type":"Point","coordinates":[129.7378,-20.2782]},"properties":{"d":"2026-09-15","t":"0712","frp":11.3,"b":325.9,"c":1,"s":"MODIS","n":0}},{"type":"Feature","geometry":{"type":"Point","coordinates":[129.7103,-20.2625]},"properties":{"d":"2026-09-15","t":"0712","frp":170.5,"b":386.2,"c":2,"s":"MODIS","n":0}},{"type":"Feature","geometry":{"type":"Point","coordinates":[129.7196,-20.2612]},"properties":{"d":"2026-09-15","t":"0712","frp":647.8,"b":445.6,"c":2,"s":"MODIS","n":0}},{"type":"Feature","geometry":{"type":"Point","coordinates":[129.8017,-20.26]},"properties":{"d":"2026-09-15","t":"0712","frp":11.9,"b":327.7,"c":1,"s":"MODIS","n":0}},{"type":"Feature","geometry":{"type":"Point","coordinates":[129.729,-20.2598]},"properties":{"d":"2026-09-15","t":"0712","frp":221.2,"b":396.4,"c":2,"s":"MODIS","n":0}},{"type":"Feature","geometry":{"type":"Point","coordinates":[129.7383,-20.2584]},"properties":{"d":"2026-09-15","t":"0712","frp":10.3,"b":325.6,"c":0,"s":"MODIS","n":0}},{"type":"Feature","geometry":{"type":"Point","coordinates":[129.7088,-20.2537]},"properties":{"d":"2026-09-15","t":"0712","frp":5.0,"b":317.8,"c":1,"s":"MODIS","n":0}},{"type":"Feature","geometry":{"type":"Point","coordinates":[129.7182,-20.2524]},"properties":{"d":"2026-09-15","t":"0712","frp":125.5,"b":375.7,"c":2,"s":"MODIS","n":0}},{"type":"Feature","geometry":{"type":"Point","coordinates":[129.785,-20.2516]},"properties":{"d":"2026-09-15","t":"0712","frp":23.9,"b":335.6,"c":2,"s":"MODIS","n":0}},{"type":"Feature","geometry":{"type":"Point","coordinates":[129.7275,-20.251]},"properties":{"d":"2026-09-15","t":"0712","frp":276.6,"b":405.5,"c":2,"s":"MODIS","n":0}},{"type":"Feature","geometry":{"type":"Point","coordinates":[129.7943,-20.2503]},"properties":{"d":"2026-09-15","t":"0712","frp":45.5,"b":347.7,"c":2,"s":"MODIS","n":0}},{"type":"Feature","geometry":{"type":"Point","coordinates":[129.7369,-20.2496]},"properties":{"d":"2026-09-15","t":"0712","frp":169.3,"b":386.5,"c":2,"s":"MODIS","n":0}},{"type":"Feature","geometry":{"type":"Point","coordinates":[129.8036,-20.2489]},"properties":{"d":"2026-09-15","t":"0712","frp":6.4,"b":320.0,"c":1,"s":"MODIS","n":0}},{"type":"Feature","geometry":{"type":"Point","coordinates":[129.7462,-20.2483]},"properties":{"d":"2026-09-15","t":"0712","frp":53.3,"b":351.9,"c":2,"s":"MODIS","n":0}},{"type":"Feature","geometry":{"type":"Point","coordinates":[127.4795,-19.616]},"properties":{"d":"2026-09-15","t":"0712","frp":11.5,"b":323.7,"c":1,"s":"MODIS","n":0}},{"type":"Feature","geometry":{"type":"Point","coordinates":[127.5545,-19.6059]},"properties":{"d":"2026-09-15","t":"0712","frp":19.7,"b":331.1,"c":1,"s":"MODIS","n":0}},{"type":"Feature","geometry":{"type":"Point","coordinates":[127.4995,-19.6037]},"properties":{"d":"2026-09-15","t":"0712","frp":47.9,"b":345.4,"c":2,"s":"MODIS","n":0}},{"type":"Feature","geometry":{"type":"Point","coordinates":[127.5103,-19.6023]},"properties":{"d":"2026-09-15","t":"0712","frp":30.9,"b":337.5,"c":2,"s":"MODIS","n":0}},{"type":"Feature","geometry":{"type":"Point","coordinates":[127.5196,-19.5914]},"properties":{"d":"2026-09-15","t":"0712","frp":12.9,"b":327.6,"c":1,"s":"MODIS","n":0}},{"type":"Feature","geometry":{"type":"Point","coordinates":[127.5303,-19.59]},"properties":{"d":"2026-09-15","t":"0712","frp":204.2,"b":386.3,"c":2,"s":"MODIS","n":0}},{"type":"Feature","geometry":{"type":"Point","coordinates":[127.541,-19.5886]},"properties":{"d":"2026-09-15","t":"0712","frp":72.1,"b":355.7,"c":2,"s":"MODIS","n":0}},{"type":"Feature","geometry":{"type":"Point","coordinates":[127.5517,-19.5872]},"properties":{"d":"2026-09-15","t":"0712","frp":53.5,"b":348.4,"c":2,"s":"MODIS","n":0}},{"type":"Feature","geometry":{"type":"Point","coordinates":[127.573,-19.5843]},"properties":{"d":"2026-09-15","t":"0712","frp":10.6,"b":324.6,"c":1,"s":"MODIS","n":0}},{"type":"Feature","geometry":{"type":"Point","coordinates":[127.5837,-19.5829]},"properties":{"d":"2026-09-15","t":"0712","frp":11.7,"b":326.2,"c":1,"s":"MODIS","n":0}},{"type":"Feature","geometry":{"type":"Point","coordinates":[127.5289,-19.5806]},"properties":{"d":"2026-09-15","t":"0712","frp":126.1,"b":370.3,"c":2,"s":"MODIS","n":0}},{"type":"Feature","geometry":{"type":"Point","coordinates":[127.5396,-19.5792]},"properties":{"d":"2026-09-15","t":"0712","frp":297.0,"b":400.6,"c":2,"s":"MODIS","n":0}},{"type":"Feature","geometry":{"type":"Point","coordinates":[127.5503,-19.5778]},"properties":{"d":"2026-09-15","t":"0712","frp":207.0,"b":386.9,"c":2,"s":"MODIS","n":0}},{"type":"Feature","geometry":{"type":"Point","coordinates":[127.5609,-19.5763]},"properties":{"d":"2026-09-15","t":"0712","frp":41.2,"b":343.4,"c":2,"s":"MODIS","n":0}},{"type":"Feature","geometry":{"type":"Point","coordinates":[127.5716,-19.5749]},"properties":{"d":"2026-09-15","t":"0712","frp":74.3,"b":356.0,"c":2,"s":"MODIS","n":0}},{"type":"Feature","geometry":{"type":"Point","coordinates":[127.5823,-19.5735]},"properties":{"d":"2026-09-15","t":"0712","frp":106.3,"b":365.6,"c":2,"s":"MODIS","n":0}},{"type":"Feature","geometry":{"type":"Point","coordinates":[127.5929,-19.5721]},"properties":{"d":"2026-09-15","t":"0712","frp":104.2,"b":364.8,"c":2,"s":"MODIS","n":0}},{"type":"Feature","geometry":{"type":"Point","coordinates":[127.6035,-19.5707]},"properties":{"d":"2026-09-15","t":"0712","frp":13.6,"b":327.2,"c":1,"s":"MODIS","n":0}},{"type":"Feature","geometry":{"type":"Point","coordinates":[131.0466,-18.8342]},"properties":{"d":"2026-09-15","t":"0712","frp":5.7,"b":319.4,"c":1,"s":"MODIS","n":0}},{"type":"Feature","geometry":{"type":"Point","coordinates":[131.0562,-18.8327]},"properties":{"d":"2026-09-15","t":"0712","frp":10.8,"b":324.9,"c":1,"s":"MODIS","n":0}},{"type":"Feature","geometry":{"type":"Point","coordinates":[131.0451,-18.8253]},"properties":{"d":"2026-09-15","t":"0712","frp":86.7,"b":362.8,"c":2,"s":"MODIS","n":0}},{"type":"Feature","geometry":{"type":"Point","coordinates":[131.0546,-18.8238]},"properties":{"d":"2026-09-15","t":"0712","frp":643.3,"b":442.5,"c":2,"s":"MODIS","n":0}},{"type":"Feature","geometry":{"type":"Point","coordinates":[131.0642,-18.8223]},"properties":{"d":"2026-09-15","t":"0712","frp":127.3,"b":374.5,"c":2,"s":"MODIS","n":0}},{"type":"Feature","geometry":{"type":"Point","coordinates":[131.0738,-18.8208]},"properties":{"d":"2026-09-15","t":"0712","frp":14.4,"b":327.3,"c":1,"s":"MODIS","n":0}},{"type":"Feature","geometry":{"type":"Point","coordinates":[131.1027,-18.8164]},"properties":{"d":"2026-09-15","t":"0712","frp":15.9,"b":328.9,"c":1,"s":"MODIS","n":0}},{"type":"Feature","geometry":{"type":"Point","coordinates":[131.0435,-18.8163]},"properties":{"d":"2026-09-15","t":"0712","frp":95.7,"b":365.6,"c":2,"s":"MODIS","n":0}},{"type":"Feature","geometry":{"type":"Point","coordinates":[131.1717,-18.8149]},"properties":{"d":"2026-09-15","t":"0712","frp":6.7,"b":321.4,"c":0,"s":"MODIS","n":0}},{"type":"Feature","geometry":{"type":"Point","coordinates":[131.0531,-18.8148]},"properties":{"d":"2026-09-15","t":"0712","frp":153.4,"b":380.9,"c":2,"s":"MODIS","n":0}},{"type":"Feature","geometry":{"type":"Point","coordinates":[131.2007,-18.8104]},"properties":{"d":"2026-09-15","t":"0712","frp":9.0,"b":321.7,"c":1,"s":"MODIS","n":0}},{"type":"Feature","geometry":{"type":"Point","coordinates":[131.1204,-18.8045]},"properties":{"d":"2026-09-15","t":"0712","frp":45.0,"b":346.7,"c":2,"s":"MODIS","n":0}},{"type":"Feature","geometry":{"type":"Point","coordinates":[131.13,-18.803]},"properties":{"d":"2026-09-15","t":"0712","frp":8.0,"b":322.6,"c":1,"s":"MODIS","n":0}},{"type":"Feature","geometry":{"type":"Point","coordinates":[131.1864,-18.785]},"properties":{"d":"2026-09-15","t":"0712","frp":10.8,"b":324.6,"c":1,"s":"MODIS","n":0}},{"type":"Feature","geometry":{"type":"Point","coordinates":[131.1752,-18.7776]},"properties":{"d":"2026-09-15","t":"0712","frp":7.9,"b":322.4,"c":0,"s":"MODIS","n":0}},{"type":"Feature","geometry":{"type":"Point","coordinates":[131.1848,-18.7761]},"properties":{"d":"2026-09-15","t":"0712","frp":22.9,"b":333.4,"c":2,"s":"MODIS","n":0}},{"type":"Feature","geometry":{"type":"Point","coordinates":[131.1543,-18.7716]},"properties":{"d":"2026-09-15","t":"0712","frp":60.4,"b":352.5,"c":2,"s":"MODIS","n":0}},{"type":"Feature","geometry":{"type":"Point","coordinates":[131.164,-18.7701]},"properties":{"d":"2026-09-15","t":"0712","frp":28.5,"b":336.9,"c":2,"s":"MODIS","n":0}},{"type":"Feature","geometry":{"type":"Point","coordinates":[127.9391,-18.4671]},"properties":{"d":"2026-09-15","t":"0712","frp":17.1,"b":330.9,"c":1,"s":"MODIS","n":0}},{"type":"Feature","geometry":{"type":"Point","coordinates":[127.9177,-18.4607]},"properties":{"d":"2026-09-15","t":"0712","frp":12.4,"b":327.0,"c":1,"s":"MODIS","n":0}},{"type":"Feature","geometry":{"type":"Point","coordinates":[127.9277,-18.4593]},"properties":{"d":"2026-09-15","t":"0712","frp":12.2,"b":327.0,"c":1,"s":"MODIS","n":0}},{"type":"Feature","geometry":{"type":"Point","coordinates":[137.8343,-18.3909]},"properties":{"d":"2026-09-15","t":"0712","frp":51.0,"b":322.0,"c":1,"s":"MODIS","n":0}},{"type":"Feature","geometry":{"type":"Point","coordinates":[137.8984,-18.3313]},"properties":{"d":"2026-09-15","t":"0712","frp":46.5,"b":320.6,"c":1,"s":"MODIS","n":0}},{"type":"Feature","geometry":{"type":"Point","coordinates":[137.9007,-18.3191]},"properties":{"d":"2026-09-15","t":"0712","frp":74.1,"b":325.8,"c":1,"s":"MODIS","n":0}},{"type":"Feature","geometry":{"type":"Point","coordinates":[137.8954,-18.3172]},"properties":{"d":"2026-09-15","t":"0712","frp":29.2,"b":316.8,"c":1,"s":"MODIS","n":0}},{"type":"Feature","geometry":{"type":"Point","coordinates":[130.8416,-18.256]},"properties":{"d":"2026-09-15","t":"0712","frp":17.2,"b":331.4,"c":1,"s":"MODIS","n":0}},{"type":"Feature","geometry":{"type":"Point","coordinates":[130.8344,-18.2476]},"properties":{"d":"2026-09-15","t":"0712","frp":14.3,"b":326.5,"c":1,"s":"MODIS","n":0}},{"type":"Feature","geometry":{"type":"Point","coordinates":[130.8234,-18.2401]},"properties":{"d":"2026-09-15","t":"0712","frp":17.9,"b":330.7,"c":1,"s":"MODIS","n":0}},{"type":"Feature","geometry":{"type":"Point","coordinates":[130.8124,-18.2327]},"properties":{"d":"2026-09-15","t":"0712","frp":18.3,"b":332.4,"c":1,"s":"MODIS","n":0}},{"type":"Feature","geometry":{"type":"Point","coordinates":[130.8219,-18.2312]},"properties":{"d":"2026-09-15","t":"0712","frp":19.4,"b":332.4,"c":1,"s":"MODIS","n":0}},{"type":"Feature","geometry":{"type":"Point","coordinates":[130.8014,-18.2252]},"properties":{"d":"2026-09-15","t":"0712","frp":10.9,"b":325.9,"c":0,"s":"MODIS","n":0}},{"type":"Feature","geometry":{"type":"Point","coordinates":[130.8108,-18.2238]},"properties":{"d":"2026-09-15","t":"0712","frp":19.5,"b":332.0,"c":2,"s":"MODIS","n":0}},{"type":"Feature","geometry":{"type":"Point","coordinates":[130.7903,-18.2178]},"properties":{"d":"2026-09-15","t":"0712","frp":14.3,"b":328.3,"c":1,"s":"MODIS","n":0}},{"type":"Feature","geometry":{"type":"Point","coordinates":[130.7589,-18.2043]},"properties":{"d":"2026-09-15","t":"0712","frp":8.0,"b":322.5,"c":1,"s":"MODIS","n":0}},{"type":"Feature","geometry":{"type":"Point","coordinates":[130.7684,-18.2029]},"properties":{"d":"2026-09-15","t":"0712","frp":14.2,"b":328.2,"c":1,"s":"MODIS","n":0}},{"type":"Feature","geometry":{"type":"Point","coordinates":[130.6882,-18.1879]},"properties":{"d":"2026-09-15","t":"0712","frp":8.6,"b":322.1,"c":1,"s":"MODIS","n":0}},{"type":"Feature","geometry":{"type":"Point","coordinates":[130.6976,-18.1864]},"properties":{"d":"2026-09-15","t":"0712","frp":45.0,"b":346.4,"c":2,"s":"MODIS","n":0}},{"type":"Feature","geometry":{"type":"Point","coordinates":[130.7071,-18.185]},"properties":{"d":"2026-09-15","t":"0712","frp":15.6,"b":328.8,"c":1,"s":"MODIS","n":0}},{"type":"Feature","geometry":{"type":"Point","coordinates":[130.7165,-18.1835]},"properties":{"d":"2026-09-15","t":"0712","frp":9.9,"b":323.9,"c":1,"s":"MODIS","n":0}},{"type":"Feature","geometry":{"type":"Point","coordinates":[130.6954,-18.0747]},"properties":{"d":"2026-09-15","t":"0712","frp":12.3,"b":326.7,"c":1,"s":"MODIS","n":0}},{"type":"Feature","geometry":{"type":"Point","coordinates":[130.6467,-18.073]},"properties":{"d":"2026-09-15","t":"0712","frp":10.2,"b":325.5,"c":1,"s":"MODIS","n":0}},{"type":"Feature","geometry":{"type":"Point","coordinates":[130.6845,-18.0673]},"properties":{"d":"2026-09-15","t":"0712","frp":14.0,"b":328.5,"c":1,"s":"MODIS","n":0}},{"type":"Feature","geometry":{"type":"Point","coordinates":[130.778,-17.989]},"properties":{"d":"2026-09-15","t":"0712","frp":7.8,"b":322.5,"c":1,"s":"MODIS","n":0}},{"type":"Feature","geometry":{"type":"Point","coordinates":[130.7792,-17.978]},"properties":{"d":"2026-09-15","t":"0712","frp":8.3,"b":323.0,"c":1,"s":"MODIS","n":0}},{"type":"Feature","geometry":{"type":"Point","coordinates":[130.7887,-17.9765]},"properties":{"d":"2026-09-15","t":"0712","frp":34.9,"b":341.4,"c":2,"s":"MODIS","n":0}},{"type":"Feature","geometry":{"type":"Point","coordinates":[130.7117,-17.9244]},"properties":{"d":"2026-09-15","t":"0712","frp":9.4,"b":323.0,"c":1,"s":"MODIS","n":0}},{"type":"Feature","geometry":{"type":"Point","coordinates":[130.7211,-17.9229]},"properties":{"d":"2026-09-15","t":"0712","frp":18.7,"b":331.1,"c":1,"s":"MODIS","n":0}},{"type":"Feature","geometry":{"type":"Point","coordinates":[130.7306,-17.9215]},"properties":{"d":"2026-09-15","t":"0712","frp":18.2,"b":330.7,"c":1,"s":"MODIS","n":0}},{"type":"Feature","geometry":{"type":"Point","coordinates":[130.7401,-17.92]},"properties":{"d":"2026-09-15","t":"0712","frp":9.3,"b":322.9,"c":1,"s":"MODIS","n":0}},{"type":"Feature","geometry":{"type":"Point","coordinates":[130.8081,-17.9187]},"properties":{"d":"2026-09-15","t":"0712","frp":15.1,"b":330.2,"c":1,"s":"MODIS","n":0}},{"type":"Feature","geometry":{"type":"Point","coordinates":[138.8156,-17.6761]},"properties":{"d":"2026-09-15","t":"0712","frp":29.6,"b":314.2,"c":1,"s":"MODIS","n":0}},{"type":"Feature","geometry":{"type":"Point","coordinates":[138.7876,-17.6635]},"properties":{"d":"2026-09-15","t":"0712","frp":41.6,"b":317.2,"c":1,"s":"MODIS","n":0}},{"type":"Feature","geometry":{"type":"Point","coordinates":[138.8122,-17.6607]},"properties":{"d":"2026-09-15","t":"0712","frp":116.9,"b":328.1,"c":1,"s":"MODIS","n":0}},{"type":"Feature","geometry":{"type":"Point","coordinates":[138.8194,-17.657]},"properties":{"d":"2026-09-15","t":"0712","frp":110.1,"b":327.4,"c":1,"s":"MODIS","n":0}},{"type":"Feature","geometry":{"type":"Point","coordinates":[138.8088,-17.6454]},"properties":{"d":"2026-09-15","t":"0712","frp":51.1,"b":317.7,"c":1,"s":"MODIS","n":0}},{"type":"Feature","geometry":{"type":"Point","coordinates":[130.877,-17.4647]},"properties":{"d":"2026-09-15","t":"0714","frp":15.4,"b":330.5,"c":1,"s":"MODIS","n":0}},{"type":"Feature","geometry":{"type":"Point","coordinates":[130.6895,-17.4569]},"properties":{"d":"2026-09-15","t":"0714","frp":6.1,"b":320.4,"c":1,"s":"MODIS","n":0}},{"type":"Feature","geometry":{"type":"Point","coordinates":[130.699,-17.4554]},"properties":{"d":"2026-09-15","t":"0714","frp":10.5,"b":324.4,"c":1,"s":"MODIS","n":0}},{"type":"Feature","geometry":{"type":"Point","coordinates":[130.6135,-17.4485]},"properties":{"d":"2026-09-15","t":"0714","frp":6.3,"b":321.7,"c":0,"s":"MODIS","n":0}},{"type":"Feature","geometry":{"type":"Point","coordinates":[130.5742,-17.4454]},"properties":{"d":"2026-09-15","t":"0714","frp":14.8,"b":328.9,"c":1,"s":"MODIS","n":0}},{"type":"Feature","geometry":{"type":"Point","coordinates":[130.8341,-17.4437]},"properties":{"d":"2026-09-15","t":"0714","frp":8.3,"b":322.4,"c":1,"s":"MODIS","n":0}},{"type":"Feature","geometry":{"type":"Point","coordinates":[130.6026,-17.4411]},"properties":{"d":"2026-09-15","t":"0714","frp":14.2,"b":329.1,"c":1,"s":"MODIS","n":0}},{"type":"Feature","geometry":{"type":"Point","coordinates":[130.5633,-17.4379]},"properties":{"d":"2026-09-15","t":"0714","frp":7.8,"b":322.2,"c":0,"s":"MODIS","n":0}},{"type":"Feature","geometry":{"type":"Point","coordinates":[130.6184,-17.4204]},"properties":{"d":"2026-09-15","t":"0714","frp":12.6,"b":327.1,"c":1,"s":"MODIS","n":0}},{"type":"Feature","geometry":{"type":"Point","coordinates":[130.598,-17.4144]},"properties":{"d":"2026-09-15","t":"0714","frp":36.9,"b":343.3,"c":2,"s":"MODIS","n":0}},{"type":"Feature","geometry":{"type":"Point","coordinates":[130.6075,-17.4129]},"properties":{"d":"2026-09-15","t":"0714","frp":60.0,"b":354.1,"c":2,"s":"MODIS","n":0}},{"type":"Feature","geometry":{"type":"Point","coordinates":[130.6169,-17.4115]},"properties":{"d":"2026-09-15","t":"0714","frp":19.6,"b":332.7,"c":1,"s":"MODIS","n":0}},{"type":"Feature","geometry":{"type":"Point","coordinates":[130.5589,-17.4112]},"properties":{"d":"2026-09-15","t":"0714","frp":31.0,"b":337.9,"c":2,"s":"MODIS","n":0}},{"type":"Feature","geometry":{"type":"Point","coordinates":[130.5683,-17.4098]},"properties":{"d":"2026-09-15","t":"0714","frp":12.2,"b":325.3,"c":1,"s":"MODIS","n":0}},{"type":"Feature","geometry":{"type":"Point","coordinates":[130.5777,-17.4084]},"properties":{"d":"2026-09-15","t":"0714","frp":33.7,"b":340.9,"c":2,"s":"MODIS","n":0}},{"type":"Feature","geometry":{"type":"Point","coordinates":[130.5871,-17.4069]},"properties":{"d":"2026-09-15","t":"0714","frp":84.1,"b":362.6,"c":2,"s":"MODIS","n":0}},{"type":"Feature","geometry":{"type":"Point","coordinates":[130.5668,-17.4009]},"properties":{"d":"2026-09-15","t":"0714","frp":29.5,"b":337.7,"c":2,"s":"MODIS","n":0}},{"type":"Feature","geometry":{"type":"Point","coordinates":[130.5762,-17.3995]},"properties":{"d":"2026-09-15","t":"0714","frp":17.5,"b":330.6,"c":1,"s":"MODIS","n":0}},{"type":"Feature","geometry":{"type":"Point","coordinates":[130.9173,-17.393]},"properties":{"d":"2026-09-15","t":"0714","frp":11.8,"b":325.9,"c":1,"s":"MODIS","n":0}},{"type":"Feature","geometry":{"type":"Point","coordinates":[130.927,-17.3915]},"properties":{"d":"2026-09-15","t":"0714","frp":28.2,"b":336.6,"c":2,"s":"MODIS","n":0}},{"type":"Feature","geometry":{"type":"Point","coordinates":[130.8966,-17.3869]},"properties":{"d":"2026-09-15","t":"0714","frp":7.5,"b":322.0,"c":1,"s":"MODIS","n":0}},{"type":"Feature","geometry":{"type":"Point","coordinates":[130.9062,-17.3855]},"properties":{"d":"2026-09-15","t":"0714","frp":11.7,"b":325.8,"c":1,"s":"MODIS","n":0}},{"type":"Feature","geometry":{"type":"Point","coordinates":[130.9158,-17.384]},"properties":{"d":"2026-09-15","t":"0714","frp":27.5,"b":336.5,"c":2,"s":"MODIS","n":0}},{"type":"Feature","geometry":{"type":"Point","coordinates":[128.8947,-17.0578]},"properties":{"d":"2026-09-15","t":"0714","frp":18.2,"b":333.2,"c":2,"s":"MODIS","n":0}},{"type":"Feature","geometry":{"type":"Point","coordinates":[128.8933,-17.049]},"properties":{"d":"2026-09-15","t":"0714","frp":10.6,"b":326.8,"c":1,"s":"MODIS","n":0}},{"type":"Feature","geometry":{"type":"Point","coordinates":[128.2395,-16.3869]},"properties":{"d":"2026-09-15","t":"0714","frp":8.3,"b":323.6,"c":1,"s":"MODIS","n":0}},{"type":"Feature","geometry":{"type":"Point","coordinates":[128.2288,-16.3794]},"properties":{"d":"2026-09-15","t":"0714","frp":9.1,"b":324.0,"c":1,"s":"MODIS","n":0}},{"type":"Feature","geometry":{"type":"Point","coordinates":[130.9416,-16.2705]},"properties":{"d":"2026-09-15","t":"0714","frp":14.5,"b":325.9,"c":1,"s":"MODIS","n":0}},{"type":"Feature","geometry":{"type":"Point","coordinates":[130.9514,-16.269]},"properties":{"d":"2026-09-15","t":"0714","frp":46.2,"b":344.8,"c":2,"s":"MODIS","n":0}},{"type":"Feature","geometry":{"type":"Point","coordinates":[130.9204,-16.2645]},"properties":{"d":"2026-09-15","t":"0714","frp":18.3,"b":328.8,"c":1,"s":"MODIS","n":0}},{"type":"Feature","geometry":{"type":"Point","coordinates":[130.9303,-16.2629]},"properties":{"d":"2026-09-15","t":"0714","frp":175.0,"b":383.3,"c":2,"s":"MODIS","n":0}},{"type":"Feature","geometry":{"type":"Point","coordinates":[130.9401,-16.2614]},"properties":{"d":"2026-09-15","t":"0714","frp":32.7,"b":338.2,"c":2,"s":"MODIS","n":0}},{"type":"Feature","geometry":{"type":"Point","coordinates":[130.34,-16.2343]},"properties":{"d":"2026-09-15","t":"0714","frp":8.7,"b":323.7,"c":1,"s":"MODIS","n":0}},{"type":"Feature","geometry":{"type":"Point","coordinates":[130.3492,-16.2329]},"properties":{"d":"2026-09-15","t":"0714","frp":31.2,"b":339.7,"c":2,"s":"MODIS","n":0}},{"type":"Feature","geometry":{"type":"Point","coordinates":[130.3572,-16.2226]},"properties":{"d":"2026-09-15","t":"0714","frp":8.6,"b":324.4,"c":1,"s":"MODIS","n":0}},{"type":"Feature","geometry":{"type":"Point","coordinates":[130.4392,-16.1917]},"properties":{"d":"2026-09-15","t":"0714","frp":8.2,"b":322.8,"c":1,"s":"MODIS","n":0}},{"type":"Feature","geometry":{"type":"Point","coordinates":[130.3228,-16.1712]},"properties":{"d":"2026-09-15","t":"0714","frp":10.6,"b":325.1,"c":1,"s":"MODIS","n":0}},{"type":"Feature","geometry":{"type":"Point","coordinates":[130.4674,-16.1675]},"properties":{"d":"2026-09-15","t":"0714","frp":8.1,"b":323.0,"c":1,"s":"MODIS","n":0}},{"type":"Feature","geometry":{"type":"Point","coordinates":[130.5102,-16.1334]},"properties":{"d":"2026-09-15","t":"0714","frp":13.2,"b":328.0,"c":1,"s":"MODIS","n":0}},{"type":"Feature","geometry":{"type":"Point","coordinates":[130.5197,-16.132]},"properties":{"d":"2026-09-15","t":"0714","frp":17.6,"b":331.2,"c":1,"s":"MODIS","n":0}},{"type":"Feature","geometry":{"type":"Point","coordinates":[130.5292,-16.1305]},"properties":{"d":"2026-09-15","t":"0714","frp":13.7,"b":328.1,"c":1,"s":"MODIS","n":0}},{"type":"Feature","geometry":{"type":"Point","coordinates":[130.5386,-16.1291]},"properties":{"d":"2026-09-15","t":"0714","frp":11.5,"b":325.4,"c":1,"s":"MODIS","n":0}},{"type":"Feature","geometry":{"type":"Point","coordinates":[130.4142,-15.9816]},"properties":{"d":"2026-09-15","t":"0714","frp":7.7,"b":322.7,"c":1,"s":"MODIS","n":0}},{"type":"Feature","geometry":{"type":"Point","coordinates":[130.4097,-15.9548]},"properties":{"d":"2026-09-15","t":"0714","frp":8.3,"b":323.0,"c":1,"s":"MODIS","n":0}},{"type":"Feature","geometry":{"type":"Point","coordinates":[130.4082,-15.9459]},"properties":{"d":"2026-09-15","t":"0714","frp":7.8,"b":322.6,"c":1,"s":"MODIS","n":0}},{"type":"Feature","geometry":{"type":"Point","coordinates":[130.3769,-15.9324]},"properties":{"d":"2026-09-15","t":"0714","frp":8.2,"b":322.1,"c":1,"s":"MODIS","n":0}},{"type":"Feature","geometry":{"type":"Point","coordinates":[130.3863,-15.9309]},"properties":{"d":"2026-09-15","t":"0714","frp":12.3,"b":326.0,"c":1,"s":"MODIS","n":0}},{"type":"Feature","geometry":{"type":"Point","coordinates":[130.3755,-15.9235]},"properties":{"d":"2026-09-15","t":"0714","frp":12.1,"b":326.0,"c":1,"s":"MODIS","n":0}},{"type":"Feature","geometry":{"type":"Point","coordinates":[130.3849,-15.922]},"properties":{"d":"2026-09-15","t":"0714","frp":19.1,"b":331.4,"c":1,"s":"MODIS","n":0}},{"type":"Feature","geometry":{"type":"Point","coordinates":[130.4958,-15.7016]},"properties":{"d":"2026-09-15","t":"0714","frp":14.4,"b":327.9,"c":1,"s":"MODIS","n":0}},{"type":"Feature","geometry":{"type":"Point","coordinates":[130.4849,-15.6941]},"properties":{"d":"2026-09-15","t":"0714","frp":11.1,"b":325.8,"c":1,"s":"MODIS","n":0}},{"type":"Feature","geometry":{"type":"Point","coordinates":[130.4943,-15.6927]},"properties":{"d":"2026-09-15","t":"0714","frp":47.2,"b":347.6,"c":2,"s":"MODIS","n":0}},{"type":"Feature","geometry":{"type":"Point","coordinates":[130.4834,-15.6851]},"properties":{"d":"2026-09-15","t":"0714","frp":23.0,"b":334.6,"c":2,"s":"MODIS","n":0}},{"type":"Feature","geometry":{"type":"Point","coordinates":[130.4928,-15.6837]},"properties":{"d":"2026-09-15","t":"0714","frp":36.0,"b":342.2,"c":2,"s":"MODIS","n":0}},{"type":"Feature","geometry":{"type":"Point","coordinates":[130.5028,-15.6268]},"properties":{"d":"2026-09-15","t":"0714","frp":14.8,"b":328.6,"c":1,"s":"MODIS","n":0}},{"type":"Feature","geometry":{"type":"Point","coordinates":[130.5123,-15.6254]},"properties":{"d":"2026-09-15","t":"0714","frp":13.5,"b":328.1,"c":1,"s":"MODIS","n":0}},{"type":"Feature","geometry":{"type":"Point","coordinates":[134.3175,-15.5255]},"properties":{"d":"2026-09-15","t":"0714","frp":23.6,"b":322.9,"c":1,"s":"MODIS","n":0}},{"type":"Feature","geometry":{"type":"Point","coordinates":[134.3335,-15.5228]},"properties":{"d":"2026-09-15","t":"0714","frp":36.0,"b":328.1,"c":1,"s":"MODIS","n":0}},{"type":"Feature","geometry":{"type":"Point","coordinates":[124.5163,-15.5126]},"properties":{"d":"2026-09-15","t":"0714","frp":215.4,"b":371.0,"c":2,"s":"MODIS","n":0}},{"type":"Feature","geometry":{"type":"Point","coordinates":[124.5307,-15.5107]},"properties":{"d":"2026-09-15","t":"0714","frp":374.9,"b":390.8,"c":2,"s":"MODIS","n":0}},{"type":"Feature","geometry":{"type":"Point","coordinates":[124.5147,-15.5018]},"properties":{"d":"2026-09-15","t":"0714","frp":121.0,"b":353.7,"c":1,"s":"MODIS","n":0}},{"type":"Feature","geometry":{"type":"Point","coordinates":[134.4283,-15.4946]},"properties":{"d":"2026-09-15","t":"0714","frp":27.6,"b":325.9,"c":1,"s":"MODIS","n":0}},{"type":"Feature","geometry":{"type":"Point","coordinates":[134.4446,-15.4918]},"properties":{"d":"2026-09-15","t":"0714","frp":51.4,"b":333.0,"c":2,"s":"MODIS","n":0}},{"type":"Feature","geometry":{"type":"Point","coordinates":[124.5131,-15.491]},"properties":{"d":"2026-09-15","t":"0714","frp":30.9,"b":326.8,"c":0,"s":"MODIS","n":0}},{"type":"Feature","geometry":{"type":"Point","coordinates":[134.3915,-15.4773]},"properties":{"d":"2026-09-15","t":"0714","frp":91.2,"b":343.9,"c":2,"s":"MODIS","n":0}},{"type":"Feature","geometry":{"type":"Point","coordinates":[134.4755,-15.4745]},"properties":{"d":"2026-09-15","t":"0714","frp":48.7,"b":331.2,"c":2,"s":"MODIS","n":0}},{"type":"Feature","geometry":{"type":"Point","coordinates":[134.4078,-15.4744]},"properties":{"d":"2026-09-15","t":"0714","frp":43.1,"b":330.9,"c":2,"s":"MODIS","n":0}},{"type":"Feature","geometry":{"type":"Point","coordinates":[134.3895,-15.4658]},"properties":{"d":"2026-09-15","t":"0714","frp":39.7,"b":328.9,"c":1,"s":"MODIS","n":0}},{"type":"Feature","geometry":{"type":"Point","coordinates":[134.4899,-15.4601]},"properties":{"d":"2026-09-15","t":"0714","frp":18.9,"b":320.6,"c":1,"s":"MODIS","n":0}},{"type":"Feature","geometry":{"type":"Point","coordinates":[134.4623,-15.433]},"properties":{"d":"2026-09-15","t":"0714","frp":18.7,"b":320.1,"c":1,"s":"MODIS","n":0}},{"type":"Feature","geometry":{"type":"Point","coordinates":[134.4669,-15.4283]},"properties":{"d":"2026-09-15","t":"0714","frp":23.8,"b":322.9,"c":1,"s":"MODIS","n":0}},{"type":"Feature","geometry":{"type":"Point","coordinates":[134.5717,-14.8231]},"properties":{"d":"2026-09-15","t":"0714","frp":21.2,"b":319.7,"c":1,"s":"MODIS","n":0}},{"type":"Feature","geometry":{"type":"Point","coordinates":[132.0218,-14.7241]},"properties":{"d":"2026-09-15","t":"0714","frp":14.6,"b":324.4,"c":1,"s":"MODIS","n":0}},{"type":"Feature","geometry":{"type":"Point","coordinates":[132.0201,-14.7143]},"properties":{"d":"2026-09-15","t":"0714","frp":10.2,"b":321.8,"c":1,"s":"MODIS","n":0}},{"type":"Feature","geometry":{"type":"Point","coordinates":[132.3508,-14.7118]},"properties":{"d":"2026-09-15","t":"0714","frp":19.1,"b":325.0,"c":1,"s":"MODIS","n":0}},{"type":"Feature","geometry":{"type":"Point","coordinates":[132.3627,-14.7098]},"properties":{"d":"2026-09-15","t":"0714","frp":36.8,"b":334.0,"c":2,"s":"MODIS","n":0}},{"type":"Feature","geometry":{"type":"Point","coordinates":[132.3369,-14.7037]},"properties":{"d":"2026-09-15","t":"0714","frp":35.4,"b":333.8,"c":2,"s":"MODIS","n":0}},{"type":"Feature","geometry":{"type":"Point","coordinates":[132.349,-14.7017]},"properties":{"d":"2026-09-15","t":"0714","frp":138.1,"b":365.2,"c":2,"s":"MODIS","n":0}},{"type":"Feature","geometry":{"type":"Point","coordinates":[132.361,-14.6998]},"properties":{"d":"2026-09-15","t":"0714","frp":73.7,"b":348.4,"c":2,"s":"MODIS","n":0}},{"type":"Feature","geometry":{"type":"Point","coordinates":[132.3351,-14.6937]},"properties":{"d":"2026-09-15","t":"0714","frp":231.3,"b":381.9,"c":2,"s":"MODIS","n":0}},{"type":"Feature","geometry":{"type":"Point","coordinates":[132.3471,-14.6917]},"properties":{"d":"2026-09-15","t":"0714","frp":214.4,"b":379.2,"c":2,"s":"MODIS","n":0}},{"type":"Feature","geometry":{"type":"Point","coordinates":[123.3154,-13.9691]},"properties":{"d":"2026-09-15","t":"0714","frp":29.7,"b":319.4,"c":1,"s":"MODIS","n":0}},{"type":"Feature","geometry":{"type":"Point","coordinates":[129.971,-13.7752]},"properties":{"d":"2026-09-15","t":"0714","frp":6.7,"b":318.5,"c":1,"s":"MODIS","n":0}},{"type":"Feature","geometry":{"type":"Point","coordinates":[134.4981,-13.7631]},"properties":{"d":"2026-09-15","t":"0714","frp":20.5,"b":318.3,"c":1,"s":"MODIS","n":0}},{"type":"Feature","geometry":{"type":"Point","coordinates":[134.5158,-13.7601]},"properties":{"d":"2026-09-15","t":"0714","frp":19.6,"b":318.3,"c":1,"s":"MODIS","n":0}},{"type":"Feature","geometry":{"type":"Point","coordinates":[134.502,-13.7551]},"properties":{"d":"2026-09-15","t":"0714","frp":36.9,"b":324.4,"c":1,"s":"MODIS","n":0}},{"type":"Feature","geometry":{"type":"Point","coordinates":[134.5197,-13.7519]},"properties":{"d":"2026-09-15","t":"0714","frp":11.4,"b":315.2,"c":0,"s":"MODIS","n":0}},{"type":"Feature","geometry":{"type":"Point","coordinates":[132.1593,-12.8318]},"properties":{"d":"2026-09-15","t":"0714","frp":67.2,"b":345.4,"c":2,"s":"MODIS","n":0}},{"type":"Feature","geometry":{"type":"Point","coordinates":[132.1576,-12.8216]},"properties":{"d":"2026-09-15","t":"0714","frp":44.2,"b":337.2,"c":2,"s":"MODIS","n":0}},{"type":"Feature","geometry":{"type":"Point","coordinates":[131.9919,-12.7758]},"properties":{"d":"2026-09-15","t":"0714","frp":12.0,"b":317.9,"c":1,"s":"MODIS","n":0}},{"type":"Feature","geometry":{"type":"Point","coordinates":[131.9781,-12.7676]},"properties":{"d":"2026-09-15","t":"0714","frp":23.3,"b":325.7,"c":1,"s":"MODIS","n":0}},{"type":"Feature","geometry":{"type":"Point","coordinates":[131.9902,-12.7657]},"properties":{"d":"2026-09-15","t":"0714","frp":29.6,"b":328.8,"c":2,"s":"MODIS","n":0}},{"type":"Feature","geometry":{"type":"Point","coordinates":[132.9627,-12.7259]},"properties":{"d":"2026-09-15","t":"0714","frp":26.1,"b":324.0,"c":1,"s":"MODIS","n":0}},{"type":"Feature","geometry":{"type":"Point","coordinates":[134.5688,-12.6046]},"properties":{"d":"2026-09-15","t":"0714","frp":36.8,"b":323.4,"c":1,"s":"MODIS","n":0}},{"type":"Feature","geometry":{"type":"Point","coordinates":[136.2085,-12.5458]},"properties":{"d":"2026-09-15","t":"0714","frp":23.1,"b":311.5,"c":1,"s":"MODIS","n":0}},{"type":"Feature","geometry":{"type":"Point","coordinates":[130.6867,-12.5096]},"properties":{"d":"2026-09-15","t":"0714","frp":59.4,"b":348.7,"c":2,"s":"MODIS","n":0}},{"type":"Feature","geometry":{"type":"Point","coordinates":[130.6412,-12.488]},"properties":{"d":"2026-09-15","t":"0714","frp":7.8,"b":317.4,"c":1,"s":"MODIS","n":0}},{"type":"Feature","geometry":{"type":"Point","coordinates":[130.6514,-12.4864]},"properties":{"d":"2026-09-15","t":"0714","frp":13.6,"b":322.7,"c":1,"s":"MODIS","n":0}},{"type":"Feature","geometry":{"type":"Point","coordinates":[131.308,-12.4644]},"properties":{"d":"2026-09-15","t":"0714","frp":22.5,"b":326.7,"c":1,"s":"MODIS","n":0}},{"type":"Feature","geometry":{"type":"Point","coordinates":[134.2899,-12.1893]},"properties":{"d":"2026-09-15","t":"0714","frp":86.0,"b":336.1,"c":2,"s":"MODIS","n":0}},{"type":"Feature","geometry":{"type":"Point","coordinates":[133.9468,-12.1316]},"properties":{"d":"2026-09-15","t":"0714","frp":14.7,"b":313.3,"c":1,"s":"MODIS","n":0}},{"type":"Feature","geometry":{"type":"Point","coordinates":[132.7752,-11.7849]},"properties":{"d":"2026-09-15","t":"0714","frp":14.9,"b":318.2,"c":1,"s":"MODIS","n":0}},{"type":"Feature","geometry":{"type":"Point","coordinates":[133.785,-11.7528]},"properties":{"d":"2026-09-15","t":"0714","frp":15.0,"b":312.7,"c":0,"s":"MODIS","n":0}},{"type":"Feature","geometry":{"type":"Point","coordinates":[130.6901,-11.6133]},"properties":{"d":"2026-09-15","t":"0714","frp":12.1,"b":320.8,"c":1,"s":"MODIS","n":0}},{"type":"Feature","geometry":{"type":"Point","coordinates":[130.6781,-11.6054]},"properties":{"d":"2026-09-15","t":"0714","frp":8.8,"b":317.8,"c":1,"s":"MODIS","n":0}},{"type":"Feature","geometry":{"type":"Point","coordinates":[130.6886,-11.6038]},"properties":{"d":"2026-09-15","t":"0714","frp":14.1,"b":322.1,"c":1,"s":"MODIS","n":0}},{"type":"Feature","geometry":{"type":"Point","coordinates":[130.531,-11.5511]},"properties":{"d":"2026-09-15","t":"0714","frp":16.7,"b":323.5,"c":1,"s":"MODIS","n":0}},{"type":"Feature","geometry":{"type":"Point","coordinates":[131.3637,-11.4686]},"properties":{"d":"2026-09-15","t":"0714","frp":13.5,"b":320.5,"c":1,"s":"MODIS","n":0}},{"type":"Feature","geometry":{"type":"Point","coordinates":[130.7863,-11.4467]},"properties":{"d":"2026-09-15","t":"0714","frp":10.7,"b":319.6,"c":1,"s":"MODIS","n":0}},{"type":"Feature","geometry":{"type":"Point","coordinates":[130.9837,-11.4353]},"properties":{"d":"2026-09-15","t":"0714","frp":9.3,"b":315.8,"c":1,"s":"MODIS","n":0}},{"type":"Feature","geometry":{"type":"Point","coordinates":[130.943,-11.3923]},"properties":{"d":"2026-09-15","t":"0714","frp":13.6,"b":319.1,"c":1,"s":"MODIS","n":0}},{"type":"Feature","geometry":{"type":"Point","coordinates":[130.9372,-11.3904]},"properties":{"d":"2026-09-15","t":"0714","frp":13.1,"b":318.4,"c":1,"s":"MODIS","n":0}},{"type":"Feature","geometry":{"type":"Point","coordinates":[132.4527,-11.2939]},"properties":{"d":"2026-09-15","t":"0714","frp":22.8,"b":321.9,"c":1,"s":"MODIS","n":0}},{"type":"Feature","geometry":{"type":"Point","coordinates":[132.4666,-11.2917]},"properties":{"d":"2026-09-15","t":"0714","frp":21.2,"b":321.0,"c":1,"s":"MODIS","n":0}},{"type":"Feature","geometry":{"type":"Point","coordinates":[132.337,-11.269]},"properties":{"d":"2026-09-15","t":"0714","frp":8.8,"b":312.8,"c":1,"s":"MODIS","n":0}},{"type":"Feature","geometry":{"type":"Point","coordinates":[132.3295,-11.2643]},"properties":{"d":"2026-09-15","t":"0714","frp":9.4,"b":313.5,"c":1,"s":"MODIS","n":0}},{"type":"Feature","geometry":{"type":"Point","coordinates":[132.4365,-11.2363]},"properties":{"d":"2026-09-15","t":"0714","frp":21.2,"b":321.9,"c":0,"s":"MODIS","n":0}},{"type":"Feature","geometry":{"type":"Point","coordinates":[123.3348,-10.6422]},"properties":{"d":"2026-09-15","t":"0714","frp":12.0,"b":314.1,"c":1,"s":"MODIS","n":0}},{"type":"Feature","geometry":{"type":"Point","coordinates":[123.3492,-10.6403]},"properties":{"d":"2026-09-15","t":"0714","frp":8.7,"b":312.2,"c":0,"s":"MODIS","n":0}},{"type":"Feature","geometry":{"type":"Point","coordinates":[123.3436,-10.6391]},"properties":{"d":"2026-09-15","t":"0714","frp":19.2,"b":317.9,"c":1,"s":"MODIS","n":0}},{"type":"Feature","geometry":{"type":"Point","coordinates":[124.3023,-10.1482]},"properties":{"d":"2026-09-15","t":"0714","frp":9.2,"b":315.6,"c":1,"s":"MODIS","n":0}},{"type":"Feature","geometry":{"type":"Point","coordinates":[123.8377,-10.0463]},"properties":{"d":"2026-09-15","t":"0714","frp":14.0,"b":315.1,"c":1,"s":"MODIS","n":0}},{"type":"Feature","geometry":{"type":"Point","coordinates":[123.7947,-9.9001]},"properties":{"d":"2026-09-15","t":"0714","frp":27.0,"b":322.5,"c":1,"s":"MODIS","n":0}},{"type":"Feature","geometry":{"type":"Point","coordinates":[124.1493,-9.8825]},"properties":{"d":"2026-09-15","t":"0714","frp":15.3,"b":319.0,"c":1,"s":"MODIS","n":0}},{"type":"Feature","geometry":{"type":"Point","coordinates":[119.9377,-9.828]},"properties":{"d":"2026-09-15","t":"0714","frp":25.5,"b":313.3,"c":1,"s":"MODIS","n":0}},{"type":"Feature","geometry":{"type":"Point","coordinates":[119.6089,-9.5082]},"properties":{"d":"2026-09-15","t":"0714","frp":40.2,"b":315.8,"c":1,"s":"MODIS","n":0}},{"type":"Feature","geometry":{"type":"Point","coordinates":[119.604,-9.5071]},"properties":{"d":"2026-09-15","t":"0714","frp":40.7,"b":316.5,"c":1,"s":"MODIS","n":0}},{"type":"Feature","geometry":{"type":"Point","coordinates":[124.0301,-9.4683]},"properties":{"d":"2026-09-15","t":"0714","frp":9.2,"b":312.6,"c":1,"s":"MODIS","n":0}},{"type":"Feature","geometry":{"type":"Point","coordinates":[124.1397,-9.4134]},"properties":{"d":"2026-09-15","t":"0714","frp":11.5,"b":315.0,"c":1,"s":"MODIS","n":0}},{"type":"Feature","geometry":{"type":"Point","coordinates":[124.4194,-9.3539]},"properties":{"d":"2026-09-15","t":"0714","frp":5.6,"b":310.1,"c":1,"s":"MODIS","n":0}},{"type":"Feature","geometry":{"type":"Point","coordinates":[124.7958,-9.2816]},"properties":{"d":"2026-09-15","t":"0714","frp":9.5,"b":314.4,"c":1,"s":"MODIS","n":0}},{"type":"Feature","geometry":{"type":"Point","coordinates":[124.7392,-9.2462]},"properties":{"d":"2026-09-15","t":"0714","frp":6.3,"b":311.2,"c":1,"s":"MODIS","n":0}},{"type":"Feature","geometry":{"type":"Point","coordinates":[124.9338,-9.2428]},"properties":{"d":"2026-09-15","t":"0714","frp":6.9,"b":312.2,"c":1,"s":"MODIS","n":0}}]}